и	and	Мы здесь живем и работаем.|We live and work here.
в	in, to, into	Он вышел в коридор.|He went out into the corridor.
не	not	Я не хочу читать эту книгу.|I do not want to read this book.
на	on, onto	На стуле сидел пожилой мужчина.|An elderly man was sitting on the chair.
я	I, me	Я хочу тебя кое о чем попросить.|I want to ask you a favour.
быть	be	Ты был вчера в кино?|Were you at the cinema yesterday?
с	with, from, since	Я сделаю тебе чаю с лимоном.|I’ll make you a cup of tea with lemon.
он	he	Я надеялся, что он мой друг.|I hoped that he was my friend.
что	that	Мне очень приятно, что ты хочешь мне что-нибудь подарить.|I’m very happy that you want to give me something.
а	and, but	Меня зовут Кирилл. А тебя?|I’m called Kirill. And you?
это	this	Вы уже знаете это правило.|You already know this rule.
этот	this	Кто готовил этот обед?|Who cooked this lunch?
по	along	Они побежали по коридору.|They ran along the corridor.
к	to	Ты уже ходил к врачу?|Have you already been to the doctor’s?
но	but	Я хотела спать, но не могла заснуть.|I wanted to sleep, but I couldn’t drop off.
они	they	Они уже легли спать.|They have already gone to bed.
мы	we	Мы еще увидимся.|We will see each other again.
она	she	Она молодая женщина.|She’s a young woman.
как	how	Как пройти на почту?|How can I get to the post office?
то	that, what	Это не то, чего мы хотим.|This is not what we want.
который	which, what, who	Мы должны успеть на поезд, который отправляется в 6.15.|We need to make the train which leaves at 6:15.
из	from, of	Эти книги я привезла из Москвы.|I brought these books from Moscow.
у	by, at	Кресло стоит у окна.|The armchair is by the window.
свой	one’s (own)	У нее есть свой ключ.|She has her own key.
вы	you	Вы турист или бизнесмен?|Are you a tourist or a businessman?
весь	all, whole	Там собрался весь Старгород.|The whole of Stargorod was there.
за	after, behind, for	Огромное Вам спасибо за присланную книгу!|Many thanks for sending the book!
для	for	У меня для тебя две новости: хорошая и плохая.|I have two pieces of news for you: one good, one bad.
от	from, against	В этой женщине было что-то, отличавшее её от всех других.|There was something about this woman that distinguished her from all the others.
мочь	be able	Я могу писать и разговаривать на белорусском языке.|I can write and speak Belarusian.
так	so	Он так много работает!|He works so much!
ты	you	Алиса, ты с нами пойдешь?|Alisa, will you come with us?
о	about	А теперь вы расскажите о себе.|And now you tell me about yourself.
что	what	Что ты хочешь сказать?|What do you mean?
человек	human, person	Приятно с умным человеком пообщаться.|It’s nice to have a conversation with an intelligent person.
же	indeed	Антон, я же вас предупреждала!|I did warn you, Anton!
год	year	Сколько вы зарабатываете в год?|How much do you earn a year?
всё	still, all, nevertheless	Он все еще жив.|He is still alive.
такой	such, so	Почему у вас такой усталый вид?|Why do you look so tired?
тот	that, the	Это тот полицейский, который приходил вчера.|It’s the policeman who came yesterday.
или	or	Вы будете чай или кофе?|Would you like tea or coffee?
если	if, in case	Я буду молчать, если ты дашь мне денег.|I will keep quiet if you give me some money.
только	only	Нашему сыну только три года.|Our son is only three years old.
его	his, its	Его мать была художницей.|His mother was an artist.
один	one	У меня четверо детей — один мальчик и три девочки.|I have four children: one boy and three girls.
бы	would	Мы хотели бы купить новую квартиру.|We would like to buy a new flat.
себя	oneself	Я хотел бы заказать места в круизе для себя и своей жены.|I’d like to book  a place on the cruise for myself and for my wife.
время	time	Как Вы проводите свободное время?|How do you spend your free time?
ещё	more, still	Мой брат еще учится в школе.|My brother is still at school.
другой	other, another	Наши друзья уехали в другую страну.|Our friends have gone to another country.
уже	already	Я уже рассказывала об этом.|I’ve already spoken about this.
когда	when	Когда ты вернешься домой?|When will you get home?
сказать	say	Что тебе сказал доктор?|What did the doctor say to you?
до	before, until, to	Как доехать до вокзала?|How can I get to the station?
мой	my	Это мои вещи.|These are my things.
наш	our, ours	Это наш дом.|This is our house.
чтобы	in order to	Повторите несколько раз это слово, чтобы запомнить его.|In order to remember this word repeat it several times.
становиться	become	Мы не хотим становиться стариками раньше времени.|We don’t want to become old before our time.
говорить	talk, speak, tell	Я всегда говорю правду.|I always tell the truth.
самый	most, the very	Рита — самая красивая девочка в школе.|Rita is the most beautiful girl in school.
знать	know	Ты знаешь этого человека?|Do you know this person?
вот	here	Вот наш дом.|Here’s our house.
очень	very	Тебе очень больно?|Are you in very bad pain?
кто	who	Кто это?|Who is it?
при	by, when, in the presence of	Как вам не стыдно ругаться при ребенке!|You should be ashamed of yourself swearing like that in front of a child!
день	day	Какой сегодня день недели?|What day of the week is it?
можно	may, can	Можно выйти из класса?|May I leave the classroom?
жизнь	life	В повседневной жизни я люблю ходить в джинсах и свитере.|In my day-to-day life I like to wear jeans and a jumper.
первый	first	Сегодня первое сентября.|Today is the 1st of September.
сам	myself, yourself, himself	Ты должен это сделать сам.|You must do it yourself.
дело	business, case	Мне необходимо с Вами поговорить по очень важному делу.|I need to speak  to you about something very important.
два	two	У нас осталось две минуты.|We have two minutes.
новый	new	Мы начинаем новый этап своего развития.|We’re starting a new phase in our development.
даже	even	Он даже виду не подал, что ему больно.|He didn’t even show that he was in pain.
хотеть	want	Ты хочешь пить?|Do you want a drink?
должен	must, have to, owe	Сначала я должен сделать домашнее задание.|First I must do my homework.
раз	time	В последний раз мы виделись в 1990 году.|The last time we saw one another was in 1990.
их	their, theirs, them	Мама их ждет.|Mum is waiting for them.
работа	work, job	В чем же тогда заключается работа переводчика?|What exactly does a translator’s job involve then?
какой	which, what	Ты в каком классе учишься?|Which class are you in?
иметь	have	Ты не имеешь права находиться здесь.|You don’t have the right to be here.
со	with, from, since	Она не говорила со мной.|She didn’t speak to me.
там	there	Там никого нет.|There is nobody there.
после	after, afterwards	Что ты будешь делать после школы?|What are you doing after school?
понимать	understand	Они всегда понимали друг друга без слов.|They were always able to understand one another without saying a word.
ли	whether	Мне неизвестно даже, живы ли они.|I don’t even know whether they are alive.
где	where	Ты где был?|Where have you been?
рука	hand, arm	У него сильные руки.|He has strong hands.
город	city	За окном шумел большой город.|We could hear the sound of the big city outside.
вопрос	question, issue	Я задаю самый простой вопрос: сколько бит в байте?|My question is a most simple one: how many bits are in a byte?
её	her, hers	Ее судьба — в наших руках.|Her destiny is in our hands.
под	under	Белая кошка сидит под столом.|The white cat is sitting under the table.
давать	give	Мясо желательно давать ребенку не ранее чем с 7 — 8 месяцев.|Ideally, meat shouldn’t be given to babies until they are 7–8 months old.
слово	word	Он говорил единственное русское слово, которое сумел выучить: —Это!—|He said the only word of Russian that he’d managed to learn: ‘This!’
нет	no, not	У меня нет денег.|I have no money.
место	place	Нам надо найти безопасное место для лагеря.|We need to find a safe place to set up camp.
каждый	every	Я звоню маме каждый день.|I call mum every day.
без	without	Как мы будем жить без электричества?|How are we going to live without electricity?
ребёнок	child	Неизвестно, кем этот ребенок еще вырастет.|We don’t know how the child will turn out.
ну	well	Ну и ну, до чего же все просто!|Well, well, it’s so simple!
более	more	Мы остались именно друзьями, не более.|We remained just friends – nothing more.
друг	friend	Разве можно так обращаться со старым другом!|How can you treat an old friend like that!
идти	go	Куда же мне идти?|But where should I go?
большой	big, large	Там две такие большие собаки ходят.|There are two big dogs over there.
просто	simply, just	По-моему, он просто идиот.|In my view he is just an idiot.
начинать	begin	Пора начинать урок!|It’s time to begin the lesson!
чем	than	Я наловила рыбы больше, чем он.|I caught more fish than he did.
сделать	do, make	Ты сделала домашнее задание по английскому?|Have you done your English language homework?
ваш	your, yours	А где ваш кот?|And where’s your cat?
надо	necessary, must, have to	Что мне надо делать?|What should  I do?
здесь	here	Послушайте, ребята, здесь нет Варечки?|Hey, lads, is Varya here?
Россия	Russia	Россия готова сотрудничать в решении этих проблем.|Russia is willing to cooperate in solving these problems.
делать	do	Он ничего не умеет делать и никогда не умел.|He can’t, and never could,  do anything.
видеть	see	Где ты это видел?|Where did you see it?
потом	after, afterwards	А потом она вышла замуж.|And then she got married.
да	yes	Да, я знаю.|Yes, I know.
ничто	nothing	Абсолютно ничто не может оправдать такие действия.|Absolutely nothing can justify these actions.
получать	receive	Солдат получил письмо из дома.|The soldier received a letter from home.
сейчас	now	Сейчас у меня нет времени.|I don’t have time now.
через	in, after, across	Они переплыли через озеро.|They swam across the lake.
много	many	У нас в группе много новых студентов.|There are many new students in our group.
мир	world, peace	Миру — мир!|Peace to the world!
теперь	now	А теперь подпишитесь.|And now sign your name.
оставаться	remain	Пока этот вопрос остается открытым.|This question remains open for the time being.
случай	case	По-моему, это единственный случай в истории человечества.|I believe that this is the only case of its kind in the history of mankind.
думать	think	Когда мне было 20 лет, я думал только о любви.|When I was 20 the only thing that I thought about was love.
ни	no, neither, nor	У нас нет ни друзей, ни врагов.|We have neither friends nor enemies.
сторона	side	Двор был большой, окруженный домами со всех сторон.|The courtyard was spacious and surrounded by houses on all sides.
хороший	good	Он был в хорошем настроении.|He was in a good mood.
глаз	eye	У него светлые волосы и голубые глаза.|He has light hair and blue eyes.
тогда	then, at the time	Тогда мне было всего четыре года.|At the time I was only four years old.
тут	here	Тут никого нет.|There’s nobody here.
несколько	several, a few	Он опоздал на несколько минут.|He was a few minutes late.
тоже	too, also	Меня тоже Михаилом зовут.|I’m also called Mikhail.
приходить	come	Я люблю, когда приходят гости, но сегодня это некстати.|I like it when guests come, but today isn’t an appropriate time.
дом	home, house	Мы много лет жили в этом доме.|We lived in this house for many years.
страна	country	Он тосковал в чужой стране.|He felt homesick in a foreign country.
работать	work	Удивительно работает мозг в критической ситуации!|The brain works exceptionally well in critical situations.
отвечать	reply, answer	Я не могу ответить на этот вопрос.|I cannot answer this question.
последний	last	Последним уроком в этот день было природоведение.|Natural history was the last lesson of the day.
лицо	face	У него доброе, умное, красивое лицо.|He has a kind, clever and beautiful face.
жить	live	Мы живем в Москве.|We live in Moscow.
сила	strength, force	Не могу понять, как у меня хватило сил пережить эти семь дней.|I don’t know how I had the strength to get through those seven days.
женщина	woman	По коридору прошла пожилая женщина.|An elderly woman walked down the corridor.
выходить	go out	Выйдя на улицу, он сел в такси.|He went out of the house and got in a taxi.
часть	part, proportion	Значительную часть покупателей дорогих магазинов составляет молодежь.|Young people make up a significant proportion of those who shop at expensive stores.
также	also	Также важное значение имеют видеоматериалы о ходе судебных процессов.|Video recordings of trials are also important.
всегда	always	С нашей точки зрения, процесс глобализации существовал всегда.|In our view, globalization has always existed.
являться	be, appear	Его дальнейшее пребывание в училище является бесполезным.|There is no point in him being at the institution any longer.
система	system	Система правосудия все еще находится в зачаточном состоянии.|The justice system is still in a nascent state.
вид	look, view, kind	У вас прекрасный вид из окна.|You have a wonderful view from your window.
голова	head	У тебя голова больше моей!|Your head is bigger than mine!
конец	end, finish	То, что я начал, я всегда довожу до конца.|I always finish what I start.
находить	find	Она нашла ключ и открыла дверь.|She found the key and opened the door.
между	between	Кресло стоит у стены между окном и шкафом.|The armchair is by the wall between the window and the cupboard.
оказываться	turn out, end up	На его месте мог оказаться каждый.|Anyone could end up in his position.
хотя	although, but	Они работали аккуратно, хотя и медленно.|They worked diligently, but slowly.
смотреть	watch	Я смотрела фильм в оригинале, на английском языке.|I watched the film in the original, in English.
конечно	certainly	Мы, конечно, готовы внести свой вклад в решение этой проблемы.|We are certainly willing to play our part in tackling this issue.
проблема	problem	У меня возникли проблемы с переключением передач.|I had problems changing channels.
принимать	take	Вам пора принимать таблетки.|It’s time for you to take your tablets.
спрашивать	ask	Вы хотели меня о чем-то спросить?|Did you want to ask me something?
проходить	pass	Я сейчас проходила мимо столовой.|I just passed the canteen.
отношение	relationship	Никаких длительных отношений у нас не получится.|We couldn’t have any kind of lasting relationship.
три	three	Нас отпустили на три часа.|We were given three hours off.
второй	second, two	Я в соседнем вагоне, второе купе.|I’m in the next car down, compartment two.
перед	before, in front	Перед ним было три пути.|Three paths were in front of him.
лишь	only	Такие решения принимают лишь в самых крайних случаях.|Such decisions are made only in emergencies.
именно	namely	Почему вы выбрали для поступления именно этот институт?|Why did you choose to study namely at this institute?
образ	image, way	Мы никогда не вели себя подобным образом.|We never behaved in such a way.
поэтому	therefore, that’s why	У матери проблемы с дыханием, поэтому я отвезла ее в больницу.|Mother has breathing difficulties; that’s why I took her to the hospital.
почему	why	А почему вы со мной так откровенны?|And why are you being so frank with me?
Москва	Moscow	Я не помню, когда последний раз бывал в Москве.|I can’t remember the last time I was in Moscow.
любой	any	В любой момент я мог отказаться от предложенного шефом плана.|I could have rejected my boss’s plan at any moment.
однако	however	Ей удалось вырваться, однако, по ее словам, последствия ударов по голове продолжают сказываться на ее здоровье.|She managed to get away; however, she says that the blows to the head that she suffered continue to affect her health.
никто	no one, nobody	Зимой здесь никто не живет.|Nobody lives here in the winter.
час	hour	До отправления поезда ещё целый час.|There’s a whole hour before the train goes.
решать	decide, solve	У нас эти проблемы уже решены.|We’ve already solved these problems.
деньги	money	Деньги — очень важны.|Money is very important.
считать	count	До скольких ты умеешь считать?|How high can you count?
над	above	Я смотрела на фотографию, что висела над рабочим столом.|I looked at the photograph hanging above the desk.
земля	land, ground	Мы будем продолжать бороться за эту благословенную землю.|We will continue to fight for this blessed land.
сегодня	today	Мы не можем сегодня изменить решение, принятое два месяца тому назад.|We cannot change today a decision that was taken two months ago.
русский	Russian	У нас первым уроком был русский язык.|Our first lesson was Russian language.
вообще	generally, at all	Я с ним вообще не знаком.|I don’t know him at all.
взять	take	Мишка взял книгу и стал читать.|Mishka took the book and started to read.
книга	book	Под мышкой она держала толстую старинную книгу.|She had a big old book under her arm.
хорошо	well, all right	Директор школы хорошо знает Вику.|The headmaster of the school knows Vika well.
пойти	go, start going	Спешить мне было некуда и я пошел гулять пешком.|There was no rush,  so I went on foot.
некоторый	some	В то же время он отметил некоторое улучшение экономического положения страны.|At the same time, he noted some improvement in the country’s economy.
компания	company	Она работает в компании µМТС¶.|She works at the ‘MTS’ company.
история	history, story	Сейчас я расскажу вам интересную историю.|Now I’ll tell you an interesting story.
многие	many	Многие мужчины так поступают.|Many men behave like that.
приходиться	have to	Мне приходится часто вести переговоры.|I often have to chair negotiations.
любить	love	Как все малыши, он очень любил сладкое.|He, as all children, loved sweets.
возможность	opportunity, possibility	Мы даже сейчас не исключаем возможность ошибки.|Even now we can’t exclude the possibility that a mistake was made.
нужно	necessary	Если дать больше, чем нужно, это убьет пациента.|If more than the necessary dose is administered, it will kill the patient.
всё	all, everything	Я сделаю все, что вы хотите.|I’ll do everything you want.
результат	result	Опыты эти дали потрясающие результаты.|These experiments produced amazing results.
больше	more	Я больше не мог вытерпеть.|I couldn’t bear it anymore.
высокий	tall, high	Дом окружали высокие деревья.|The house was surrounded by tall trees.
например	for example	Некоторые товары, например, яблоки, стоят здесь дороже.|Some products, for example apples, are more expensive here.
почти	almost	С тех пор прошло почти шесть лет.|Almost six years have passed since then.
писать	write	Ты просто не умеешь писать грамотно.|You’re simply incapable of writing in a literate manner.
возвращаться	return	Дети возвращались вместе из школы домой.|The children returned from school together.
сидеть	sit	Часами приходилось сидеть за столом, занимаясь бумажной работой.|I had to spend hours sitting behind a desk doing paper work.
уходить	leave	Поезд уходит с Казанского вокзала в 12 часов по московскому времени.|The train leaves Kazan’ Station at 12:00 Moscow time.
твой	your, yours	Все будет в порядке, твоя мама поправится.|Everything is going to be okay; your mum is going to get better.
машина	machine, car	В переулке стояла машина.|There was a car in the alley.
группа	group, grouping	В возрастной группе до 30 лет утвердительный ответ дали 44%.|44% of those in the ‘under 30’ group answered ‘Yes’ .
пока	while	А пока мы ждем ответа, давайте поиграем.|Let’s play a game, while we’re waiting for a response.
находиться	be	Водитель находился в нетрезвом состоянии.|The driver was under the influence of alcohol.
право	right, rights, law	Вы не имеете права так говорить!|You have no right to talk like that!
увидеть	see	Увидя нас, они остановились.|They stopped when they saw us.
война	war	С сентября прошлого года в нескольких частях мира начались новые войны.|Since last September new wars have begun in several parts of the world.
путь	way	Остаток пути мы прошли молча.|We went the rest of the way in silence.
что-то	something, anything	Вас тревожит что-то серьёзное?|Is it something serious that’s worrying you?
ведь	but, after all	Но это же нечестно, папа, ведь ты обещал щенка!|But that’s not fair, dad: you did promise me a puppy after all!
стоять	stand	Десять солдат стояли на страже возле его резиденции.|Ten soldiers stood guard outside his residence.
имя	name	Пообещай, что никому не откроешь мое настоящее имя.|Promise that you won’t tell anyone my real name.
никогда	never	Мы никогда не простим себе этого.|We will never forgive ourselves for this.
помогать	help	Я могу вам чем-то помочь?|Can I help you?
стоить	cost	Мы привыкли, что буханка хлеба стоит пять рублей с копейками.|We were used to a loaf of bread costing just over five rubles.
ответ	answer, reply	Однозначного ответа на этот вопрос, к сожалению, нет.|Unfortunately, there’s no single answer to this question.
появляться	appear	В окнах начали появляться любопытные лица.|Curious faces appeared at the windows.
бог	God	А вдруг, не дай Бог, случится авария?|What if there’s an accident, God forbid?
вода	water	Выпей воды.|Drink some water.
совсем	completely, very	Они совсем забыли об этом.|They completely forgot about it.
язык	language, tongue	Высуньте, пожалуйста, язык и скажите µа¶.|Stick out your tongue, please, and say ‘ah’ .
показывать	show	Попроси его показать тебе Москву.|Ask him to show you Moscow.
казаться	seem	Казалось, с минуты на минуту польется дождь.|It seemed that it would start raining any moment.
далеко	far	Он не уFпел далеко уйти.|He didn’t manage to get very far.
нужный	necessary	Решение следует принимать, только имея всю нужную информацию.|Only once we’ve got the necessary information can we make a decision.
маленький	small	В маленьком городке, где он живет, негде учиться.|There’s nowhere to study in the small town where he lives.
российский	Russian	Он — известный российский ученый.|He’s a well-known Russian scholar.
решение	decision	Решения принимают на основе консенсуса.|Decisions are made by consensus.
народ	people, nation	Какой народ самый умный?|Which nation is the most intelligent?
рассказывать	tell	Расскажи нам, как это произошло.|Tell us how it happened.
власть	power	Они организовали заговор с целью захвата власти и свержения конституционного строя.|They conspired to seize power and to overthrow the constitutional system.
сразу	at once	А я тебя не узнала сразу.|I didn’t recognize you at first glance.
ночь	night	После бессонной ночи я встал слабый и измученный.|After a sleepless night  I got up weak and exhausted.
полный	full, total	Я взял себе полную тарелку жареной рыбы.|I took a full plate of fried fish.
никакой	no, none, any	Но у них нет никаких доказательств!|But they don’t have any evidence!
главный	chief, main	Наша главная задача состоит в повышении эффективности управления.|Our main task is to make the administration more effective.
оно	it	Вот оно, это письмо.|There it is, the letter.
дверь	door	Из открытой двери в коридор лился неяркий свет.|A dim light shone into the corridor from the open door.
часто	often	Не так часто бывает, чтобы мы собирались вместе.|It’s not that often that we meet.
уровень	level, rate	Уровень безработицы среди женщин снизился до 10 процентов.|The rate of unemployment among women dropped to 10 per cent.
создавать	create	Ученые создали новую безопасную и эффективную вакцину.|Scientists have created a new safe and effective vaccine.
закон	law	Эти действия нарушают закон о защите авторского права.|These actions infringe copyright laws.
развитие	development	ООН играет важную роль в области дальнейшего развития мировой информационной сети.|The United Nations has an important role to play in the further development of the world information network.
программа	programme	Правительство разрабатывает программу по борьбе с этим бедствием.|The Government is putting together a programme to combat the scourge.
начало	beginning	До начала учебного года оставалось недели две.|There are only two weeks to go before the start of the academic year.
написать	write	Перед новогодними праздниками девочка написала письмо Деду Морозу.|The young girl wrote a letter to Father Christmas just before the New Year holidays.
отец	father	Малыш, а где твой отец?|Child, where’s your father?
нога	leg, foot	Они с трудом поднялись на ноги.|They struggled to get to their feet.
вместе	together	Мы можем уйти все вместе.|We can all leave together.
старый	old	Мне нужно сказать пару слов старому другу.|I need to say a few words to an old friend.
момент	moment	Однако в самый последний момент возникли непредвиденные обстоятельства.|However, there were some unforeseen developments right at the last moment.
помощь	help	Иван вызвал по радио помощь.|Ivan radioed for help.
цель	goal	Есть более спокойные пути к намеченной цели.|There are easier ways of achieving your goal.
следующий	next	По графику примерки намечены на следующую неделю.|The fittings are scheduled for next week.
число	number, date	Какое сегодня число?|What’s the date today?
подобный	similar	Нам неизвестны подобные случаи.|We are not aware of such cases.
разный	different, all kinds of	В храм приходят совершенно разные люди.|All kinds of people go to the temple.
тысяча	thousand	Возраст этих рифов может достигать восьми тысяч лет.|Some of these reefs are up to eight thousand years old.
про	about	Мне уже рассказывали про этого парня.|I’ve already been told about this boy.
общий	general, common	На осень запланировано общее собрание членов Ассоциации.|A general meeting of the Association is planned for the autumn.
минута	minute	Кульминационный момент произошёл на последней минуте матча.|The decisive moment came in the last minute of the match.
информация	information	В Управление Верховного комиссара поступила информация из самых разных источников.|The Office of the High Commissioner has received information from various sources.
кроме	besides, apart from	Аплодируют все, кроме одного зрителя.|All apart from one member of the audience are clapping.
смочь	be able, can	Всю необходимую информацию вы сможете получить по телефону.|You can get all the necessary information over the telephone.
процесс	process	Большинство химических процессов сильно зависят от температуры.|The majority of chemical processes heavily depend on temperature.
автор	author	Права на публикуемые материалы принадлежат авторам.|Authors hold publication rights for their work.
форма	form, shape	Они могут быть в форме рыбки, звездочки, шарика, колокольчика.|They can be in the shape of a fish, a star, a ball or a bell.
голос	voice, vote	В это время по радио раздался голос диктора.|At this time the director’s voice came over the radio.
месяц	month	Он пообещал вернуться через месяц.|He promised to come back in a month.
мысль	thought	Эта мысль приходила мне в голову и раньше.|This thought had occurred to me earlier.
свет	light	Вся комната была залита солнечным светом.|The whole room was filled with sunlight.
школа	school	Мы учились в одной школе, правда, он на год младше.|We went to the same school, though he was a year younger.
действие	action, effect	Закон был введен в действие с сентября прошлого года.|The law came into effect last September.
всякий	any, every	У Славки, как и у всякого человека, есть свои недостатки.|Slavka has her faults just like any other person.
качество	quality	Этот факт говорит о высоком качестве нашей продукции.|This fact speaks volumes about the high quality of our products.
ситуация	situation	Самая неблагоприятная ситуация сложилась в Центральном Федеральном округе.|The most unfavourable situation was in the Central Federal District.
область	region, area, field	Последние крупные исследования в этой области были опубликованы в 1970-х годах.|The most recent major studies in the field were published in the 1970s.
внимание	attention	Опыт Совета заслуживает пристального внимания со стороны ООН.|The Council’s experience deserves close attention from the United Nations.
следовать	follow, should	Если это не поможет, вам следует обратиться к врачу.|You should see a doctor if this doesn’t work.
дорога	road	Строительство дороги планируется начать в апреле 2001 года.|Construction of the road is due to begin in April 2001.
использовать	use	Было рекомендовано и далее использовать эти методы.|It was recommended that the methods continue to be used.
собственный	own	В этом я убедилась на собственном опыте.|My own experience convinced me of this.
замечать	notice, note	Ты успел заметить номер машины?|Did you manage to note the car’s number plate?
взгляд	glance	Бросив на меня беглый взгляд, она все поняла.|Having given me a quick glance, she realized everything.
условие	condition	Я еду с женой, это мое условие.|I’m going with my wife; that’s my condition.
молодой	young	В литературу вошло новое молодое поколение.|A young new generation has appeared in literature.
мужчина	man	Им было приказано задерживать всех мужчин.|They were ordered to detain all the men.
предлагать	offer, propose	Я предлагаю выпить за нашего друга, у которого сегодня день рождения!|I propose a toast to our friend, whose birthday it is today.
снова	again	Миша снова посмотрел на часы.|Misha looked at his watch again.
любовь	love	Человек способен на безграничную любовь.|Human beings are capable of unbounded love.
связь	connection, bond, communication	Мы всегда поддерживаем тесную связь с Родиной.|We’ve always maintained a close bond with our homeland.
важный	important	Нет более важного вопроса, чем этот.|There isn’t a question that is more important than this one.
ждать	wait	Я долго ждал звонка, но так и не дождался.|I waited and waited, but didn’t get a call.
вдруг	suddenly	Вдруг я услышал два выстрела.|Suddenly I heard two shots.
игра	game	Начинается игра, как обычно, с выбора водящего.|The game usually starts when a captain is chosen.
читать	read	Саша охотно давала читать книги друзьям.|Sasha willingly gave his friends books to read.
скоро	soon	Война скоро кончится, я опять буду дома.|The war will soon be over and I’ll be back home.
организация	organization	Мы работаем с общественной организацией µМатери против наркотиков¶.|We work with the community organization ‘Mothers against Drugs’ .
статья	article	Статья появилась в µПравде¶ на следующее утро.|The article appeared in Pravda the next morning.
средство	remedy, means, way	Для нее это единственное средство спасти отца.|This was the only way for her to save her father.
душа	soul	Музыка проникала в ее душу.|Music seeped into her soul.
входить	enter	Он категорически запретил входить в свой кабинет.|He put a strict ban on anyone entering his office.
пытаться	try, attempt	Женщины безуспешно пытались найти новую работу.|The women were unsuccessful in their attempt to find a new job.
основной	main, fundamental	Одной из основных задач деятельности администрации является искоренение нищеты.|Poverty eradication was a fundamental task of the administration.
тело	body	Леонардо да Винчи достиг совершенства в изображении человеческого тела.|Leonardo da Vinci became a master at portraying the human body.
посмотреть	watch, look	Женщина посмотрела на меня и улыбнулась.|The woman looked at me and smiled.
жена	wife	Пять лет назад от него ушла жена.|His wife left him five years ago.
открывать	open	Они хотели открыть дверь, но не было ключа.|They wanted to open the door, but they didn’t have the key.
пора	it’s time	Остап понял, что пора уходить.|Ostap realized it was time to go.
узнавать	recognize, find out	Он прибыл сюда, чтобы узнать о судьбе отца.|He came here to find out about the fate of his father.
письмо	letter	Его жена получила от него последнее письмо весной 1942 года.|His wife received the last letter from him in spring 1942.
общество	society	Положение женщин в семье тесно связано с их положением в обществе.|The status of women within the family is closely related to their status within society.
состояние	condition, state	Меня волнует его состояние здоровья.|I’m worried about the state of his health.
настоящий	present	В настоящее время это невозможно.|This isn’t possible at the present time.
вечер	evening	Каждый вечер я прихожу сюда.|I come here every evening.
существовать	exist, be	Существует множество противоречивых мнений по этому поводу.|There are lots of contradictory opinions about this.
назад	back, ago	30 лет назад вышла его первая книга.|His first book was published 30 years ago.
смысл	meaning, sense, point	Не имеет смысла тратить на это время.|There’s no point wasting time on it.
семья	family	Я всегда мечтала о большой дружной семье.|I always dreamed of having a big happy family.
мера	measure	Необходимо принять срочные меры по стабилизации экономики.|We need to take urgent measures to stabilize the economy.
государство	state	Большинство процветающих стран мира — демократические государства.|Most prosperous countries are democratic states.
совершенно	entirely	На мой взгляд, это совершенно разные вещи.|In my opinion, these are entirely different issues.
вещь	thing	Это очень нужная вещь.|This is something that is very necessary.
простой	simple	Можно это сделать более простым способом?|Can it be done any simpler?
оставлять	leave	Я тысячу раз звонила ему и оставляла сообщения на автоответчике.|I’ve called him a thousand times and left messages on his answering machine.
утро	morning	Несмотря на раннее утро, город уже проснулся.|Although it was early in the morning, the city was alive.
действительно	really	Они действительно были очень озабочены кризисом.|They were really concerned about the crisis.
мать	mother	Его мать пришла в офис.|His mother came into the office.
девушка	girl	Познакомлюсь с некурящей симпатичной девушкой.|I’d like to meet a nice girl who doesn’t smoke.
затем	then	Сначала загорелся бензобак, затем последовал взрыв.|First the fuel tank caught fire, then there was an explosion.
вести	lead, drive	Она ведет активный образ жизни.|She leads an active lifestyle.
стол	table	Гости расселись за дубовым столом.|The guests took their seats at the oak table.
причина	cause	Я хочу лишь знать, что явилось причиной смерти моего сына.|I just want to know what the cause of my son’s death was.
проект	project, draft	Проект памятника разработал Тихонов.|The monument was designed by Tikhonov.
улица	street	Мы бродили по улицам и скверам города.|We walked around the town’s streets and squares.
рынок	market	Мед мы купили на рынке.|We bought the honey at the market.
играть	play	Он любит играть в компьютерные игры.|He likes playing computer games.
государственный	state	Правительство РФ утвердило государственную программу µЭнергосбережение¶.|The Government of the Russian Federation has approved the state programme ‘Energy saving’ .
происходить	take place, originate	Пока ты была за границей, у нас происходили драматические события.|All hell broke loose while you were abroad.
помнить	remember, recall	Вы хорошо помните, что произошло двадцать второго мая?|Can you recall what happened on the 22nd of May?
называть	name	Он отказался назвать имена клиентов.|He refused to disclose the names of his clients.
точка	point	Эта башня видна из любой точки города.|The tower is visible from all points of the city.
нельзя	impossible	Нельзя было без волнения слушать ее рассказы.|It was impossible to listen to her stories without getting agitated.
начинаться	begin	Во сколько у тебя начинаются занятия?|What time do your lessons begin?
данный	given, the	В данный момент все операторы заняты.|All our operators are busy at the moment.
подходить	come, approach	Подойдите, пожалуйста, сюда.|Come here, please.
опять	again	Ночью опять пошел снег.|It snowed again during the night.
тема	theme, topic	Не так давно эта тема обсуждалась на форуме.|It’s not so long ago that this topic was discussed on our forum.
равный	equal	Их силы примерно равные.|Their powers are roughly equal.
неделя	week	У меня еще целая неделя отдыха до начала съемок.|I’ve got a whole week off before filming begins.
хотеться	want, like	Хотелось бы знать мнение ученых по этому поводу.|I’d like to know what the scientists think about it.
вызывать	cause, call	Ее поведение вызывало раздражение окружающих.|Her behaviour irritated the others.
комната	room	Ему показалось, что в соседней комнате кто-то есть.|He thought that there was someone in the next room.
иной	other, different	Ведущие западные производители придерживаются иного принципа.|Leading Western manufacturers adhere to a different principle.
белый	white	На земле лежит белый снег.|White snow is on the ground.
наконец	finally	Он наконец нашла работу.|He finally found a job.
куда	where	Куда вы идете?|Where are you going?
известный	known	Грузинские красные вина хорошо известны потребителю.|Georgian red wines are well known to the consumer.
центр	centre	Наш отель находится в центре города недалеко от станции метро µТрубная¶.|Our hotel is in the city centre close to the ‘Trubnaya’ Metro station.
цена	price	По сравнению с августом предыдущего года цены выросли на 7,8 процента.|Prices in comparison to those of last August have risen by 7.8 per cent.
сын	son	Чем занимается ваш старший сын?|What does your eldest son do?
забывать	forget	Он никогда не забывал свои обещания.|He never forgot what he promised.
деятельность	activity	В России данная сфера деятельности регулируется Предпринимательским правом.|Such activity in Russia is regulated by Entrepreneurial Law.
особенно	especially, particularly	Ваше мнение для меня особенно важно.|Your opinion is particularly important to me.
идея	idea	У меня возникла идея написать книгу.|I had the idea of writing a book.
против	against	Медики выступают против рекламы медикаментов.|Doctors are against advertising medicine.
правило	rule	Сообщение этого автора нарушает правила нашего форума.|This author’s comment breaks the rules of our forum.
советский	Soviet	Сегодня этот показатель в два раза выше, чем в советский период.|Today this indicator is twice as high as it was during the Soviet period.
лучший	best	2 недели у моря — это самый лучший отдых для меня.|Two weeks by the sea – that’s the best kind of holiday for me.
движение	movement, traffic	Медленно делайте круговые движения головой от плеча к плечу.|Slowly move your head in a circular direction from one shoulder to the other.
заниматься	study, work	Эта компания занимается разработкой программ в области искусственного интеллекта.|The company works on artificial intelligence programming.
огромный	huge	Этот курорт пользуется огромной популярностью.|This resort is extremely popular.
среди	among	Особенный рост наркомании наблюдается среди молодежи.|A particular rise in drug addiction has been observed among young people.
мама	mum	Молодая мама везла на санках малыша.|A young mum was carrying her child on a sledge.
великий	great	Да здравствует 60-я годовщина Великой Победы над фашизмом!|All hail the 60th anniversary of our Great Victory over fascism!
количество	quantity	Эта партия набрала достаточное количество голосов для прохождения в парламент.|The party gained enough votes to make it into parliament.
чувство	feeling	Только один раз в жизни он испытал чувство страха.|He’d only felt fear once in his life.
слишком	too	Это слишком дорого для меня.|That’s too expensive for me.
иногда	sometimes	Мне иногда кажется, что ты меня больше не любишь.|Sometimes I get the feeling that you don’t love me anymore.
смерть	death	Экспертиза установила, что смерть наступила в результате передозировки наркотиков.|The post mortem revealed that death had been caused by a drugs overdose.
лежать	lie	Больше всего на свете я люблю лежать на диване и читать.|The thing I love most of all in the world is lying on the sofa and reading.
труд	work	Балет — это тяжелый труд.|Ballet is hard work.
вспоминать	remember	Я не могу вспомнить его фамилию.|I can’t remember his surname.
пять	five	Рита замужем уже пять лет.|Rita has been married for five years.
задача	task	Наша главная задача — не допустить эпидемии.|Our main task is to not give in to the epidemic.
бывать	be, visit, happen	Я никогда не бывал в России.|I have never been to Russia.
получаться	come out, be	Особенно хорошо у тебя получается яичница с помидорами.|Your egg and tomato omelette is especially good.
достаточно	enough	Твои родители жалуются, что ты не уделяешь им достаточно внимания.|Your parents have been complaining that you don’t pay them enough attention.
сильный	strong, powerful	Сильный удар сбил его с ног.|The powerful strike knocked him off his feet.
мнение	opinion	Я свое мнение высказал и менять его не собираюсь.|I’ve expressed my opinion and I don’t intend to change it.
быстро	quickly	Я не могу быстро бегать.|I can’t run quickly.
чувствовать	feel, sense	Ты что-нибудь чувствуешь?|Can you feel anything?
третий	third	С началом третьего тысячелетия мир,  к сожалению, не стал безопаснее.|The world, at the beginning of its third millennium, has not, unfortunately, become a safer place to live.
чёрный	black	Напротив меня сидел человек в черном костюме.|A man in a black suit was sitting opposite me.
пример	example	Участницы форума приводили примеры дискриминации женщин в сфере труда.|Participants of the forum gave examples of sexual discrimination in the work place.
готовый	ready, willing	За это я готова заплатить любую сумму.|For this I’m willing to pay any amount.
положение	position, situation	За это время наше финансовое положение немного улучшилось.|Our financial situation improved a little during that time.
порядок	order	Фамилии участников приведены в алфавитном порядке.|The surnames of the participants are given in alphabetical order.
продолжать	continue, carry on	Мы продолжим нашу игру после выпуска новостей.|We’ll carry on with our game after the news.
век	century	В прошлом веке люди были романтичнее.|People were more romantic a century ago.
поскольку	because	Но поскольку денег было мало, то послали короткую телеграмму.|But because they didn’t have much money, they sent a short telegram.
муж	husband	Расскажите, как вы познакомились с вашим мужем.|Tell me how you met your husband.
речь	speech	Александр произносит речь по-французски.|Aleksandr is giving his speech in French.
политический	political	Он не принадлежит ни к какой политической партии.|He doesn’t belong to any political party.
представлять	present, imagine	Ты не представляешь себе, какая она красавица!|You can’t imagine how beautiful she is!
стена	wall	Город окружен крепкой каменной стеной.|The town is surrounded by a strong brick wall.
попадать	hit, get	Как попасть на прием в вашу клинику?|How do I get an appointment at your clinic?
слышать	hear	Ты слышишь этот странный звук?|Can you hear that strange sound?
подумать	think	Мне нужно немного подумать и собраться с мыслями.|I need time to think and collect my thoughts.
ходить	walk	Не успев научиться ходить, местные малыши уже вставали на лыжи.|The local kids could stand on skis before they could walk.
окно	window	Ветер врывался в раскрытое окно.|The wind gusted through the open window.
рядом	near	Рядом с женщиной сидел ее маленький сын.|The woman’s little boy was sitting next to her.
план	plan	У вас уже есть план действий?|Do you already have a plan of action?
тип	type	В газетах писали о разработке нового типа двигателя.|The papers reported on a new type of engine.
оба	both	Вы оба правы.|You are both right.
совет	council, advice	Лучше последовать маминому совету.|You would do best to take your mum’s advice.
современный	modern	Современная цивилизация основана на достижениях науки прошлых времен.|Modern society is based on the scientific achievements of previous years.
удаваться	manage	Врачам удалось сохранить ей зрение.|The doctors managed to save her sight.
приезжать	arrive, come	Она пообещала приехать в понедельник часов в пять.|She promised to come on Monday at around five o’clock.
плохой	bad	Что вы делаете, когда у вас плохое настроение?|What do you do when you’re in a bad mood?
из-за	from behind, because of	Из-за угла выехал велосипедист.|A cyclist rode out from behind the corner.
опыт	experience, experiment	Твой жизненный опыт пока еще невелик.|You still don’t have that much life experience.
сердце	heart	Кто знает, где находится сердце?|Who knows where the heart is located?
наука	science	Он внес огромный вклад в науку.|He made a huge contribution to science.
сообщение	message	Для вас поступило важное сообщение.|There is an important message for you.
управление	management, control	Она взяла управление компанией на себя.|She took control of the company.
данные	data	В этой таблице приведены данные за октябрь прошлого года.|The data for last October are displayed in the table.
около	near, by	Мой мотоцикл припаркован около дома.|My motorbike is parked by the house.
интерес	interest	Люди начинают терять интерес к чтению.|People are starting to lose interest in reading.
просить	ask	Я прошу вашей помощи.|I am asking for your help.
газета	newspaper	Об этом происшествии сообщали все газеты.|All the newspapers reported on this incident.
интересный	interesting	Хочу обратить ваше внимание на один интересный факт.|I’d like to direct your attention to an interesting fact.
необходимый	necessary	Мы с трудом набрали необходимую сумму.|We found it hard to gather the necessary amount.
материал	material	В книге широко представлен фактический материал.|The book is full of factual material.
роль	role	Выбор бокала играет важную роль в тестировании вин.|The choice of glass plays an important role in wine tasting.
вполне	quite	Вполне возможно, что он будет баллотироваться на второй срок.|It’s quite possible that he’ll run for a second term in office.
объяснять	explain	Учитель объясняет новый материал.|The teacher is explaining new material.
рано	early	Как же я ненавижу рано вставать!|How I hate getting up early!
обращаться	consult, treat	Отец жестоко обращался с дочерьми.|The father mistreated his daughters.
поставить	put	Поставь машину на обычное место.|Park the car in its usual place.
армия	army	Эта история случилась во время моей службы в армии.|This happened while  I was serving in the army.
связывать	connect, tie together	Пленнику связали руки и ноги.|The prisoner’s arms and legs were tied together.
точно	exactly	Теперь вы можете точно определить свои координаты.|Now you can work out exactly where you are.
четыре	four	Он был женат четыре раза.|He was married four times.
долго	long	Прости, что заставил тебя так долго ждать.|Sorry to keep you waiting for so long.
различный	different	В результате теракта 50 человек получили ранения различной степени тяжести.|As a result of the terrorist attack 50 people received injuries of varying severity.
либо	or	Выбирай: либо я, либо она.|You need to choose: either me or her.
социальный	social	Одна из важнейших отраслей социальной сферы — национальное здравоохранение.|One of the most important areas of the social services is national health.
менее	less, under	Есть еще один способ, правда, менее эффективный.|There is another way, albeit a less effective one.
событие	event	Весной 1978 года у нас произошло радостное событие.|A joyous event took place in our family in spring 1978.
искать	look for	Друзья искали выход из сложившейся ситуации.|The friends looked for a way out of the situation.
большинство	majority	Подавляющее большинство людей — правши.|The overwhelming majority of people are right-handed.
правда	truth	Мир должен знать правду.|The world should know the truth.
красный	red	Горит красный сигнал светофора.|The red traffic light is on.
давно	long, long ago	Мы с тобой давно знаем друг друга.|You and I have known one another for a long time.
легко	easy, easily	С ним было легко найти общий язык.|It was easy to get on with him.
правительство	government	Правительство ввело новый налог.|The government introduced a new tax.
бояться	fear, be afraid	Она ужасно боится оставаться одна в квартире.|She’s terribly afraid of staying home alone.
суд	court	Суд приговорил его к 14 годам лишения свободы.|The court sentenced him to 14 years in prison.
президент	president	Михаил Горбачев был первым и единственным президентом СССР.|Mikhail Gorbachev was the first and only president of the USSR.
возможно	possibly, may	Кому-то это, возможно, и покажется странным.|This may seem strange to some.
занимать	borrow, occupy the   position of, be	По этому показателю Россия занимает второе место в мире.|Russia is second in the world according to this indicator.
военный	military	Во время войны мой отец был военным врачом.|My father was a military doctor during the war.
рубль	ruble	Каждое 606-сообщение стоит 1 рубль.|Every SMS costs 1 ruble.
целый	whole	В воскресенье целый день проходили с подружкой по магазинам.|My girlfriend and I spent the whole of Sunday shopping.
фильм	film	Этот фильм надо обязательно посмотреть.|You’ve got to see this  film.
умирать	die	В тридцать третьем люди умирали от голода прямо на улице.|In 1933 people were dying from famine in the middle of the street.
бизнес	business	Вы каким бизнесом занимаетесь?|What area of business do you work in?
обычно	usually	Я встаю обычно в 7 утра.|I usually get up at 7 in the morning.
спать	sleep	Пора ложиться спать.|It’s time to go to bed.
миллион	million	Если бы у тебя был миллион, что бы ты сделал?|What would you do if you had a million?
сообщать	report	Об этом сообщает пресс-служба администрации губернатора.|The press service of the governor’s administration is reporting on this.
культура	culture	Его произведения стали достоянием мировой культуры.|His works became the property of world culture.
текст	text	Полный текст доклада на английском языке размещен на нашем сайте.|The full text of the report is available in English on our site.
носить	carry, wear	В то время было модно носить длинные платья.|At the time it was fashionable to wear long dresses.
брать	take	Ты не брал мою книжку?|Did you take my book?
документ	document	Больничный лист — это официальный документ.|A sick note is an official document.
снимать	rent, remove, withdraw, shoot (film)	Мы снимаем детское кино.|We are shooting a children’s film.
член	member	Он же не член моей семьи.|He isn’t a member of my family.
телефон	telephone	У этой модели сотового телефона огромный объем памяти.|This type of mobile telephone has lots of memory.
относиться	relate, be part of	Это относится к вашим прямым служебным обязанностям.|This is part of your immediate job responsibilities.
выбирать	choose	Как показало исследование, 12% покупателей выбирают ноутбук по весу.|As the survey showed, 12% of buyers choose a notebook according to how much it weighs.
определять	define, determine	Как определить возраст кошки по зубам?|How can you determine the age of a cat by its teeth?
способ	way, means	Самый простой способ попасть туда — электричка.|The easiest way of getting there is by train.
течение	course, current	Скорость течения реки в этом месте невелика.|Here the river’s current is not so strong.
счёт	account, bill	Теперь вы можете управлять своим банковским счетом через интернет.|Now you can manage your bank account online.
живой	alive, live	Больше всего им хотелось увидеть живых обезьян.|Most of all they wanted to see live monkeys.
вставать	stand (up), get up	Прошу всех встать.|I ask everyone to stand.
случаться	happen	Подобные неприятности случаются со мной все время.|Unpleasant things like this happen to me all the time.
родитель	parent	Ребенком я часто ездила отдыхать с родителями на море.|As a child I often used to go to the seaside with my parents.
небольшой	small, little	Смешайте муку с небольшим количеством воды.|Mix the flour with a little water.
купить	buy	Где можно купить билеты на автобус?|Where can I buy a bus ticket?
разговор	talk, conversation	Она резко прервала телефонный разговор.|She abruptly ended the telephone conversation.
сей	this	И по сей день не знаю причину, почему команда не приехала|And to this day I don’t know the reason why the team didn’t show up.
единственный	only	Это наш единственный шанс спастись.|It’s our only chance of saving ourselves.
метр	metre	Площадь этой квартиры — 53 квадратных метра.|The flat’s area is 53 square metres.
принцип	principle	Основной принцип нашего питания — умеренность.|A main principle of our diet is moderation.
сайт	site	С тарифами на обслуживание вы можете ознакомиться на нашем сайте.|You can find out about service charges on our site.
правый	right	Фотография наклеивается в верхнем правом углу резюме.|You should affix your photograph in the top right-hand corner of the CV .
немного	little, a bit	Увидев мужа, Наташа немного успокоилась.|Seeing her husband, Natasha calmed down a bit.
партия	party, consignment	Правящая партия готова к диалогу с оппозицией.|The ruling party is willing to talk to the opposition.
образование	education	Сейчас многие стремятся получить образование за рубежом.|Nowadays many people aim to get their education abroad.
сколько	how many, how much	Сколько стоит билет?|How much is the ticket?
зачем	why, what for	Зачем нужна эта кнопка?|What is this button for?
приносить	bring	Нам запрещали приносить на базу личные вещи.|We were forbidden  to bring our personal belongings to the base.
наверное	probably	Вы, наверное, уже знаете этот анекдот.|You probably already know this joke.
убивать	kill	Они угрожают убить заложника.|They are threatening to kill the hostage.
период	period	Переходный возраст у подростков — это сложный период.|The teenage years are a tricky period.
кстати	by the way	Это, кстати говоря, не такой простой процесс.|By the way, this isn’t a simple process.
пара	couple, pair	Он попросил подождать пару минут.|He asked me to wait a couple of minutes.
ряд	row, number	Существует ряд компьютерных программ, специально написанных для этой цели.|There are many computer programs that are specially designed for this.
квартира	flat	Я снимаю квартиру близко от работы.|I’m renting a flat not far from work.
значение	meaning	Посмотрите в словаре значение этого слова.|Look up the meaning of this word in a dictionary.
внутренний	internal, inside	Мой паспорт лежит во внутреннем кармане пиджака.|My passport is in the inside pocket of my jacket.
позволять	allow, enable	Я не позволю приходить сюда женщинам!|I don’t allow women to come here!
далее	further	Чехов в этом отношении идет далее Толстого.|Chekhov in this respect goes further than Tolstoy.
успевать	manage	Мне надо к десяти успеть в банк.|I need to manage to get to the bank by ten o’clock.
возможный	possible	В такую жару раннее утро — единственно возможное время для прогулки.|In heat like this the only possible time to go for a walk is early in the morning.
желание	desire, wish	Это мое последнее желание.|This is my last wish.
слушать	listen	Я люблю слушать радио в машине.|I like listening to the radio in the car.
поднимать	lift, raise	Ей трудно поднимать сумки с книжками.|She finds it hard to lift bags of books.
номер	number, hotel room	Ты помнишь ее номер телефона?|Can you remember her telephone  number?
бросать	throw	Мы сидим на берегу и бросаем камешки в океан.|We’re sitting on the shore and throwing stones into the ocean.
чуть	slightly, a bit	Вы не могли бы зайти чуть позже?|Could you come a bit later?
очередь	queue	Терпеть не могу стоять в очереди!|I can’t stand queuing!
политика	politics	Я политикой не интересуюсь.|I’m not interested in politics.
класс	class, year	В этом году я заканчиваю десятый класс.|I’m finishing year ten this year.
брат	brother	У меня есть два младших брата.|I have got two younger brothers.
собираться	prepare, plan	Я никуда не собираюсь уходить.|I’m not planning on going anywhere.
требовать	require	Закон требует, чтобы животных лечили дипломированные ветеринары.|The law requires that animals are treated by qualified veterinarians.
отмечать	mark, celebrate	Люди города собрались, чтобы отметить юбилей мэра.|Townsfolk gathered to celebrate the mayor’s jubilee.
производство	manufacture, production	Сорт µробуста¶ используют в производстве растворимого кофе.|The Robusta coffee bean is used in the production of instant coffee.
район	area, district	80 процентов населения нашего города живут в спальных районах.|80 per cent of the town’s population live in ‘sleeping districts’ .
основа	base	Политика России строится на основе Конституции.|Russia’s politics is based on the Constitution.
верить	believe	Никто больше не верит его обещаниям.|Nobody believes his promises anymore.
изменение	change	Виновато ли человечество в изменении климата?|Is mankind to blame for climate change?
близкий	close	Твоя мать была моей самой близкой подругой.|Your mother was my closest friend.
человеческий	human	Человеческий организм почти на 65% состоит из воды.|The human body is made up of almost 65% water.
довольно	quite	Это упражнение довольно сложное.|This exercise is quite complicated.
экономический	economic	Правительству удалось стабилизировать экономическое положение в стране.|The government managed to stabilize the economic situation in the country.
факт	fact	Это доказанный исторический факт.|This is a historically attested fact.
строить	build	Мы строим дома, мосты, цирки и тому подобное.|We build houses, bridges, churches and the like.
местный	local	Более подробную информацию вы можете получить в местной администрации.|You can get further information at your local council office.
определённый	definite, specific	Мы сделали это по вполне определенной причине.|We did this for a very specific reason.
небо	sky	На стене висела карта звездного неба.|There was a picture of a starlit sky on the wall.
создание	creation	&оздание эффективных вакцин остается по-прежнему актуальной задачей.|The creation of effective vaccines remains a high-priority task.
направление	direction	Та же машина проехала мимо нас в обратном направлении.|The same car passed us in the opposite direction.
особый	special	Эта тема заслуживает особого внимания.|This topic deserves special attention.
предприятие	enterprise	Мой отец — директор крупного предприятия.|My father is the director of a major enterprise.
шаг	step	Я услышал шаги за дверью.|I heard footsteps outside the door.
добрый	good, kind	Его мать — очень добрый человек.|His mother is a very kind person.
поле	field	Короткая дорога в школу проходила через кукурузное поле.|The short cut to school went through a corn field.
ход	course	В ходе предвыборной кампании я много общался с жителями нашего города.|In the course of the election campaign I regularly spoke to the residents of our town.
исследование	research	Мы провели социологическое исследование в Екатеринбурге.|We carried out sociological research in Yekaterinburg.
остальной	other, remaining	Всех мусульман Средней Азии, России и остального мира поздравляю с праздником Рамадан.|I wish a happy Ramadan to all Muslims in Central Asia, Russia and other parts of the world.
пол	floor, sex	Он помогает больным независимо от возраста и пола пациента.|He helps patients regardless of their age or sex.
команда	team	Любимая футбольная команда проиграла со счётом 0:7.|My favourite football team lost 7:0.
подниматься	raise, ascend, walk up	Женщина медленно поднимается на вершину холма.|The woman is slowly walking up to the top of the hill.
общественный	public	Стоимость одной поездки в общественном транспорте с 1 января повысится на 15%.|The price of a single journey on public transport will go up by 15% from the 1st of January.
мальчик	boy	У нас в классе учился мальчик по фамилии Козочкин.|There was a boy called Kozochkin in our class.
заставлять	force	Нельзя насильно заставить себя полюбить.|You can’t force yourself to  fall in love.
туда	there	Как туда добраться?|How can I get there?
пусть	let	Ладно, пусть будет по-твоему.|Okay, have it your own way.
метод	method	Тот же метод используется в других видах спорта.|The same method is used in other sports.
мало	little, not much	Меня мало интересует технология бизнеса.|I’m not that interested in the specifics of business.
встреча	meeting	Наша первая встреча состоялась в мае 1999 года.|Our first meeting was in May 1999.
сначала	at first	Она сначала испугалась, но быстро успокоилась.|She was frightened at first, but she soon calmed down.
сон	sleep, dream	Мне часто снятся странные сны.|I often have strange dreams.
отдавать	return, give	Отдай денежки, и все хорошо будет.|Give me the money and everything will be fine.
служба	service	Когда кончился срок военной службы, он вернулся в родное село.|Once he’d finished his military service he returned to his home village.
останавливаться	stop	Рядом часто останавливались прохожие, чтобы послушать музыканта.|Nearby, passers-by often stopped to listen to the musician.
воздух	air	Побольше бывайте на свежем воздухе.|Spend more time in the fresh air.
кровь	blood	Вам необходимо сделать анализ крови на сахар.|You’ll need to have your blood tested for sugar.
зрение	sight	Из-за травмы он чуть не потерял зрение.|He almost lost his sight due to the injury.
врач	doctor	Многие люди обращаются к врачам с жалобами на хроническую усталость.|Many people complain to doctors that they suffer from chronic fatigue.
повод	cause, reason	Погода плохая, но это не повод для плохого настроения!|The weather is bad, but this isn’t a reason for being in a bad mood!
рост	growth, height	Да, он ростом примерно с вас.|Yes, he’s about the same height as you.
ехать	go, ride, drive	По горной дороге автобус ехал медленно.|The bus went slowly along the mountain road.
встречать	meet	Я так рад, что тебя сегодня встретил!|I’m so happy that I met you today!
нравиться	like	Мне не очень нравится коллектив у меня на работе.|I don’t like my work colleagues very much.
знание	knowledge	Она продемонстрировала прекрасное знание русского языка.|She demonstrated an excellent knowledge of Russian.
какой-то	some	Прошлой ночью меня разбудил какой-то странный шум.|I was woken up last night by some kind of strange noise.
всё-таки	nevertheless, still	Мне все-таки удалось найти ошибку в программе.|I still managed to find  a mistake in the program.
население	population	Какая численность населения в Одессе?|What’s the population of Odessa?
палец	finger	На пистолете мы нашли отпечатки ваших пальцев.|We found your  fingerprints on the gun.
десять	ten	Моей младшей дочери десять лет.|My younger daughter is ten.
обычный	usual	Для этого блюда приготовьте рис обычным способом.|For this meal cook rice in the usual way.
орган	organ, authorities	Это мешает нормальной работе внутренних органов.|This disrupts  the normal functioning of the internal organs.
доллар	dollar	Какой сегодня курс доллара к евро?|What is today’s exchange rate of the Dollar against the Euro?
держать	keep, hold	Она держала в руке небольшую сумку.|She was holding a small bag in her hand.
похожий	similar	Похожая ситуация была и у меня в семье.|There was a similar situation in my family.
устанавливать	establish, install	Руководство завода установило камеры видеонаблюдения.|The managers of the factory have installed surveillance cameras.
участие	participation, role	Они приняли активное участие в подготовке выставки.|They took  an active role in setting up the exhibition.
дорогой	expensive, dear	Мы сейчас не можем позволить себе дорогие покупки.|We can’t afford such expensive goods at the moment.
реальный	real	Его жизнь подвергается реальной опасности.|His life is in real danger.
род	gender, kind	Существительные относятся к мужскому, женскому или среднему роду.|Nouns are of masculine, feminine or neuter gender.
наиболее	most(ly)	В нашем каталоге представлены наиболее популярные сайты знакомств.|The most popular dating sites are listed in our catalogue.
девочка	girl	Странно, что наши девочки выросли такими разными.|It’s strange that our girls turned out to be so different.
крупный	large	Объявление было напечатано самым крупным шрифтом на первой странице.|The announcement was printed in a very large font on the first page.
море	sea	Мы смотрели на море с балкона.|We looked at the sea from the balcony.
как-то	somehow	Можно было сделать это как-то иначе.|We could have done things differently somehow.
хоть	at least	Позволь мне хоть один раз поцеловать тебя!|Let me kiss you at least once!
природа	nature, natural environment	Одним из важных методов охраны природы является создание заповедников.|A key method of protecting the environment is through the establishment of nature reserves.
магазин	shop	Надо на обратном пути зайти в магазин и купить продуктов.|We need to nip to the shop on the way back to buy some groceries.
улыбаться	smile	Он смотрел на нас и улыбался.|He looked at us and smiled.
весьма	highly, very	Увы, реальность весьма далека от их розовых мечтаний|Alas, reality is very far away from their rosy dreams.
использование	use	Запрещается использование материалов сайта без письменного разрешения авторов.|Use of material from the site is prohibited without the written consent of the authors.
больший	bigger, larger	У этого ноутбука больший экран, чем у того.|This laptop has a bigger screen than that one.
домой	home	Уже поздно, пора домой возвращаться.|It’s already late; it’s time to go home.
объект	object, subject	Объектом нашего исследования были 72 больных в возрасте от 56 до 70 лет.|The subjects of our investigation were 72 patients aged from 56 to 70.
память	memory	У детей хорошая память.|Children have a good memory.
свобода	freedom	Борьба с терроризмом не должна влиять на свободу прессы.|The war on terrorism should not influence freedom of the press.
борьба	struggle, battle	Выборы — это серьезная политическая борьба.|An election is a serious political battle.
личный	personal	В этом чемодане находятся мои личные вещи.|My personal belongings are in the suitcase.
касаться	touch	У них не принято касаться друг друга на улице.|There it’s not the done thing to touch one another on the street.
причём	moreover, on top of that, and also	Нам надо сделать то же самое, причем как можно быстрее.|We must do the same, and also as quickly as we can.
необходимо	necessary, need	Ему необходимо соблюдать строгую диету.|He needs to follow a strict diet.
название	name	Вы запомнили название отеля?|Did you remember the name of the hotel?
проводить	lead, spend	Как ваши дети проводят каникулы?|How are your children spending the holidays?
отдельный	separate	У нас в доме нет отдельной комнаты для гостей.|There isn’t a separate guest room in our house.
предмет	item, subject	История была моим любимым школьным предметом.|History was my favourite subject at school.
добавлять	add	В натертую свеклу добавьте растительного масла и уксуса.|Add olive oil and vinegar to a grated beetroot.
плечо	shoulder	Она повесила сумку на левое плечо.|She put the bag over her left shoulder.
музыка	music	Вика с детства серьезно занималась музыкой.|Vika had been very interested in music since she was a child.
самолёт	(aero)plane	Самолет приземлился в аэропорту Лос-Анджелеса.|The plane landed at Los Angeles airport.
позиция	position	Китайская сторона изложила свою позицию по данной проблеме.|The Chinese have given their position on the issue.
стараться	try	Если ко мне обращаются с просьбами, стараюсь помочь каждому.|I try to help anyone who comes to me with a request.
характер	character, nature	В этом регионе безработица носит сезонный характер.|In this region unemployment is of a seasonal nature.
указывать	state	Не забудьте указать имя, фамилию и возраст ребенка.|Don’t forget to state the name, surname and age of your child.
размер	size	Какой размер обуви вы носите?|What’s your shoe size?
пить	drink	Что вы будете пить — чай или кофе?|What would you like to drink? Tea or coffee?
средний	average, middle	Средний возраст спортсменов — 25 лет.|The average age for a sportsman is 25.
продукт	product	Наш комбинат производит молочные продукты.|Our factory produces dairy products.
герой	hero	Они были настоящими героями.|They were true heroes.
собирать	collect, pick (up)	Я помог детям собрать игрушки и велел ложиться спать.|I helped the children to pick up their toys and told them to go to bed.
серьёзный	serious	Я не считаю это серьезной проблемой.|I don’t consider it a serious problem.
солнце	sun	Солнце садилось за горизонт.|The sun disappeared behind the horizon.
передавать	give, pass, tell	Передай маме, что я ее люблю.|Tell mum that I love her.
дух	spirit, morale	Командир старался поднять боевой дух своих солдат.|The Captain tried to raise the morale of his troops.
сеть	network, chain	Спонсор фотоконкурса — сеть супермаркетов µСПМ¶.|The photo competition is sponsored by the ‘SPM’ supermarket chain.
представитель	representative	Об этом заявила в пятницу официальный представитель Еврокомиссии Эмма Удвин.|The official representative of the European Commission Emma Udwin reported on this on Friday.
лес	forest	Оба берега реки были покрыты густым лесом.|Both banks of the river were covered in thick forest.
журнал	magazine	Перед вами очередной номер журнала µВокруг света¶.|The latest issue of the magazine ‘Vokrug sveta’ is in front of you.
март	March	Выставка продлится до середины марта.|The fair lasts until the middle of March.
национальный	national	Сегодня японский национальный костюм используется в основном только во время официальных мероприятий и праздников.|Nowadays Japanese national dress is worn mainly at official events and during festivals.
территория	territory	Территория России занимает площадь около 17,1 миллиона квадратных километров.|The territory of Russia takes up around 17.1 million square kilometres.
искусство	art	В нашем музее представлено традиционное искусство народов Севера.|Collections of traditional art from northern nations are on display in our museum.
американский	American	В нашем издательстве вышла новая книга известного американского писателя Стивена Кинга.|Our publishing house has released the latest book written by the American author Stephen King.
словно	as if	Он стоит, словно монумент.|He stands as if he’s a monument.
участник	participant	Большое спасибо всем участникам сегодняшней дискуссии.|Many thanks to all those who have participated in today’s discussion.
впрочем	however	Впрочем, ученые решили и эту проблему|However, scientists have solved this problem as well.
вариант	option, variant	По сути, это один из вариантов цензуры.|This is essentially one of the options of censorship.
свободный	free	Как ты проводишь свое свободное время?|How do you spend your free time?
судьба	fate	Это рассказ о нелегкой судьбе бывшего солдата.|This is a story about the complicated fate of a former soldier.
срок	term, period	Испытательный срок при приеме на работу не может превышать трех месяцев.|The probation period at the start of a new job shouldn’t exceed three months.
институт	institute	Маша Кузьмина — студентка педагогического института.|Masha Kuz’mina is a student at the pedagogical institute.
переходить	pass, cross, change	Я перехожу на новую работу со следующей недели.|I’m changing jobs next week.
гость	guest	К нам сегодня придут гости.|We’re expecting guests today.
международный	international	Этим летом в Нижнем Новгороде будет проходить международный конкурс молодых дизайнеров.|An international competition of young designers will take place this summer in Nizhny Novogorod.
действовать	act	Мы должны действовать очень осторожно.|We need to act very carefully.
способный	capable	Катя способная девочка, но ленивая.|Katya is a very capable girl, but she’s lazy.
практически	practically	Это практически невозможно.|This is practically impossible.
союз	union, alliance, conjunction	Премьер-министр заключил временный союз с оппозицией.|The Prime Minister has formed a temporary alliance with the opposition.
отказываться	refuse	Два дня он отказывался от пищи.|He refused to eat for two days.
Интернет	Internet	Можно сэкономить, делая покупки через Интернет.|You can save money by doing your shopping on the Internet.
песня	song	Мы весь вечер пели песни.|We sang songs all evening.
поздний	late	Каждый год поздней осенью в Зальцбурге проходит джазовый фестиваль.|A jazz festival takes place in Salzburg every year in late Autumn.
лучше	better	По-моему, лучше все же завести собаку.|I think it’d be better to get a dog.
ум	mind	Она одарена острым умом и замечательной интуицией.|She’s endowed with a sharp mind and remarkable intuition.
степень	degree, extent, degree  (academic)	За ряд замечательных работ он получил степень доктора наук и звание профессора.|For his many excellent works he received the degree of Doctor of Sciences and was awarded the title of Professor.
успех	success	Мероприятие прошло с большим успехом.|The event was a big success.
парень	guy, boy	Молодой парень что-то рассказывал своей подруге.|The young boy said something to his girlfriend.
соглашаться	agree	Все согласились с моим предложением.|Everyone agreed to my suggestion.
кто-то	anyone, someone	Пока он был в реке, кто-то украл всю его одежду.|While he was in the river, someone stole all his clothes.
товар	product, item	Даже тому, как разложить товар на прилавке, нужно учиться.|You even need to learn how to put items on the counter.
надеяться	hope, rely	Я очень надеялась на вашу помощь.|I was really relying on your help.
предложение	offer, sentence	Мы рассмотрим ваше предложение.|We will consider your offer.
обнаруживать	find, discover	У него обнаружено самодельное взрывное устройство.|An improvised explosive device was found on his person.
река	river	Лодка плыла по реке.|The ship cruised along the river.
обеспечивать	provide	Поставки продовольствия обеспечивает ООН.|The UN provides food supplies.
фирма	firm	Сейчас у него своя строительная фирма.|Now he has his own construction firm.
гражданин	citizen	Принять участие в конкурсе могут граждане России, стран СНГ и Балтии.|The competition is open to citizens of Russia, other countries of the CIS and the Baltic states.
составлять	compile, make, put together	Милиция составляет список ее друзей и родни.|Police officers are compiling a list of her friends and relatives.
московский	Moscow	Игорь и Олег — московские предприниматели.|Igor and Oleg are entrepreneurs from Moscow.
заявлять	report, claim	Ученые заявляют, что подобные случаи очень редки.|Scientists claim that such cases are very rare.
товарищ	comrade	Я хочу поблагодарить всех своих товарищей за помощь.|I’d like to thank all comrades for their help.
нормальный	normal, regular	После развода они сохранили нормальные отношения.|They maintained normal relations after the divorce.
Европа	Europe	Мы вас навестим, когда вернемся из поездки в Европу.|We’ll come to visit you once we get back from our trip to Europe.
картина	painting, picture	Многие знаменитые художники писали картины на религиозные сюжеты.|Many eminent artists painted pictures of religious themes.
сознание	consciousness	От ужаса я чуть не потеряла сознание.|I almost lost consciousness from the fright.
апрель	April	Чемпионат России по шахматам пройдет в апреле в Дагомысе.|The Russian Chess Championship will take place in Dagomys in April.
полностью	completely	Я полностью согласна с вашими выводами.|I completely agree with your conclusions.
сильно	strongly, considerably	За эти годы ты сильно изменился.|You’ve changed considerably over the years.
обращать	pay, render, turn	Москвичи бегают по дорогам, не обращая внимания на сигналы светофоров.|Muscovites run along the roads, not paying attention to traffic lights.
источник	source	Рост цен на нефть делает необходимым использование возобновляемых источников энергии.|Rising oil prices are making it necessary to use renewable sources of energy.
директор	director	Директор завода будет контролировать лично выполнение плана.|The director of the factory will himself see that the plan is fulfilled.
граница	border	Трое иностранных граждан были осуждены за незаконное пересечение государственной границы РФ.|Three foreign citizens were convicted of illegally crossing the Russian state border.
состоять	be, consist of	Молекулы состоят из атомов.|Molecules consist of atoms.
вместо	instead of	Вы мне вместо швейцарского сыра продали голландский.|You sold me Dutch cheese instead of Swiss cheese.
закрывать	close	Закрой глаза.|Close your eyes.
половина	half	Ей принадлежала половина большого деревянного дома.|She owned half of the big wooden house.
операция	operation	Операция выполняется под местной анестезией.|The operation is carried out under a local anaesthetic.
поступать	enter, enrol, behave	Я должен поступить именно так.|That’s how I should behave.
пробовать	try	Ты пробовала это вино?|Have you tried this wine?
выбор	choice	Вы сделали прекрасный выбор.|You’ve made an excellent choice.
оценка	evaluation, mark	Нас не интересуют его оценки по тригонометрии.|We aren’t interested in what marks he got for trigonometry.
огонь	fire, light	Повсюду в городе зажигались огни.|Fires were lit all over the town.
модель	model	Союз строился на модели, выработанной в Закавказье.|The union was built on a model developed in Transcaucasia.
специалист	specialist	Установку газовой плиты может производить только квалифицированный специалист.|Only a qualified specialist can fit a gas cooker.
собака	dog	Родители не разрешили мне завести собаку.|My parents didn’t allow me to have a dog.
компьютер	computer	Мне придется отложить покупку нового компьютера.|I’ll have to put off buying a new computer.
красивый	beautiful	Она вошла, и я сразу увидела, какая это красивая женщина.|She walked in and  I immediately saw what a beautiful woman she was.
технология	technology	Современные технологии позволяют решить эту задачу.|Modern technology will allow us to solve this problem.
дерево	tree	В нашем парке растет много старых деревьев.|There are many old trees in our park.
выход	exit, way out	Единственный выход для него — уехать навсегда.|His only way out is to leave for ever.
научный	scientific	Эта работа требует серьезного научного подхода.|This work requires a serious scientific approach.
мировой	world	Проблема глобального изменения климата касается всех стран мирового сообщества.|Climate change affects all countries of the world.
гора	mountain, hill	Дом стоит на горе.|The house is on a hill.
детский	child’s, childlike	Раньше я работала медсестрой в детской поликлинике.|I used to work as a nurse in a children’s polyclinic.
уметь	be able, can	Там, где я живу, умеют плавать все.|Everyone can swim where I live.
желать	wish	Пожелайте мне удачи.|Wish me luck.
берег	shore, bank	Мы расставили палатки прямо на берегу реки.|We pitched the tents right on the bank of the river.
корабль	ship	Командир корабля до последней минуты находился на капитанском мостике.|The ship’s captain remained on the com-mand bridge right until the last moment.
широкий	wide	У нас вы найдете широкий ассортимент товаров для строительства и ремонта.|We stock a wide range of building materials and tools.
прекрасный	fine, great	Я проснулась в прекрасном настроении.|I woke up in a great mood.
ибо	for, because	Будем говорить о ХХ веке, ибо ХХ, еще только начался.|We will talk about the 20th century, for the 21st century has just begun.
постоянно	constantly	Количество наших клиентов постоянно растет.|Our client base is constantly growing.
рабочий	worker	Заводу требуются квалифицированные рабочие.|The factory needs qualified workers.
внешний	external	Это устройство полностью защищено от внешних факторов специальным покрытием.|The device is fully protected from external elements by a special cover.
литература	literature	Виктор Пелевин — культовое имя в современной русской литературе.|Viktor Pelevin is a cult figure in modern Russian literature.
тяжёлый	heavy, serious	Недавно от тяжелой болезни скончалась ее мать.|Her mother recently passed away from a serious illness.
среда	Wednesday	Я буду свободна в среду после обеда.|I’ll be free on Wednesday afternoon.
сотрудник	employee, colleague	Иван Иванович — старейший сотрудник нашего института.|Ivan Ivanovich is  a long-serving employee of our institute.
услышать	hear	Вчера в магазине я случайно услышал разговор двух молодых людей.|I happened to hear the conversation of two young people in a shop yesterday.
сложный	complex, sophisticated	В стране сложилась сложная экономическая ситуация.|A complex economic situation has arisen in the country.
зал	hall, room	В зале прилета на первом этаже работают пункты обмена валют.|There are currency exchange offices on the first floor of the arrivals hall.
войско	army	Они атаковали войска противника.|They were attacking the enemy’s army.
структура	structure	Пока не известна структура нового комитета.|The structure of the new committee still isn’t known.
бой	fight, battle	Оставалось лишь одно — вступить в неравный бой.|There was only one thing left: to enter into an uneven battle.
несмотря	despite	Несмотря на трудности, она полна оптимизма.|Despite the difficulties she is full of optimism.
короткий	short	Сейчас мы сделаем короткий перерыв.|Now we’ll have a short break.
странный	strange	Я слышу какой-то очень странный звук.|I can hear some kind of strange noise.
начальник	head	Он работает начальником отдела крупного банка.|He’s a head of a department at a large bank.
низкий	low	Наш благотворительный фонд оказывает помощь семьям с низким уровнем дохода.|Our charity helps families who are on a low income.
край	edge	Будьте осторожны, отойдите от края платформы.|Be careful: move away from the edge of the platform.
ошибка	mistake	Я сделала три ошибки в диктанте.|I made three mistakes in the dictation.
церковь	church	Моя свекровь ходит в церковь каждое воскресенье.|My mother-in-law goes to church every Sunday.
сюда	here	Зачем ты сюда приехала?|Why have you come here?
будущее	future	Этого талантливого ребенка ждет блестящее будущее.|This talented child has a bright future ahead of him.
прошлый	last	Прошлый год был для меня очень тяжелым.|Last year was very hard for me.
бумага	paper	Она взяла лист бумаги и стала что-то быстро писать.|She took a sheet of paper and quickly started to write something.
поддержка	support	Ты можешь рассчитывать на нашу поддержку.|You can count on our support.
пользоваться	use	А вы не пробовали пользоваться дезодорантом?|And have you tried using deodorant?
линия	line	Проведите прямую линию из точки А в точку В.|Draw a straight line from point A to point B.
быстрый	fast, quick	От быстрой ходьбы ему стало жарко.|He started to feel hot from walking quickly.
защита	protection	Наша схема защиты от нелегального копирования работает достаточно эффективно.|Our method of protection against illegal copying works fairly well.
счастье	happiness	В чем секрет семейного счастья?|What’s the secret of family happiness?
всего	only	У нас осталось всего три дня до отъезда.|There are only three days left until we go.
роман	affair, novel	Этот роман был любимой книгой моего отца.|This novel was my father’s favourite book.
выглядеть	look	Он выглядит спокойным и уверенным в себе.|He looks calm and confident.
иметься	be available, have	У вас имеется педагогический опыт?|Do you have any teaching experience?
ветер	wind	Дует сильный ветер.|There’s a strong wind.
состав	composition	Что входит в состав этого препарата?|What does this drug consist of?
возникать	occur, arise, be encountered	У них каждый день возникают новые проблемы.|They encounter new problems every day.
английский	English	Мне придется читать свой доклад на английском языке.|I’ll have to give my presentation in English.
высший	high, highest	Это одно из высших достижений человеческого разума.|It is one of  the highest achievements of human intelligence.
курс	course	Я окончила бухгалтерские курсы.|I completed an accounting course.
теория	theory	Чарльз Дарвин — автор теории эволюции.|Charles Darwin is the author of the Theory of Evolution.
разве	really	А ты с нами разве не пойдешь?|Are you really not going to come with us?
вокруг	around	Вокруг него толпились поклонники.|Worshippers crowded around him.
длинный	long	Раньше у меня были длинные волосы.|I used to have long hair.
бывший	ex-, former	Я на днях встретила своего бывшего одноклассника.|I met a former classmate the other day.
пространство	space	Ученые продолжают исследования космического пространства.|Scientists are continuing their investigation into space.
учиться	study	Где ты учишься?|Where do you study?
возраст	age	У меня в вашем возрасте было уже двое детей.|At your age I already had two children.
понятие	idea, concept	Многие путают понятия µскромность¶ и µвоспитанность¶.|Many confuse the concepts of ‘modesty’ and ‘politeness’ .
чистый	clean, pure	Здесь чистая прозрачная вода и хороший пляж.|Here the water is crystal clear and the beach is good.
потерять	lose	Ты опять потерял ключи от квартиры?|Have you lost the house keys again?
поведение	behaviour	Чем объясняется ваше агрессивное поведение?|What is the cause of your aggressive behaviour?
спина	back	Иногда у него ужасно болит спина.|He sometimes suffers from terrible back pain.
трудно	difficult	Мне трудно привыкнуть к новой стране.|It’s difficult for me to get used to another country.
услуга	service	В аэропорту появилась новая услуга — бесплатный :L-)L доступ к сети Интернет.|There’s a new service at the airport: free Wi-Fi.
продавать	sell	В какой кассе продают билеты на ближайший сеанс?|At which box office are tickets for the next show being sold?
служить	serve	Сейчас он служит в армии.|He’s currently serving in the army.
оружие	weapon, firearm	Перевозка огнестрельного оружия в салоне самолета запрещается.|It is forbidden to carry firearms onto a plane.
США	USA	Наш окрестр отправляется в гастрольный тур по США.|Our orchestra is setting off on a tour of the USA.
направлять	send, direct	Поэтому много сил и средств направлено на разрешение данной проблемы.|That’s why so much effort and money is going on solving this problem.
страх	fear, worry	Вы испытываете страх перед экзаменами?|Do you worry before an exam?
страница	page	Соколов перелистывал страницы какого-то журнала.|Sokolov was flicking through the pages of a magazine.
папа	dad	Папа пришел домой.|Dad came home.
враг	enemy	Мы солдаты и наша задача победить врага.|We are soldiers and our task is to defeat the enemy.
поиск	search	Спасатели уже обнаружили 50 человек, поиски продолжаются.|Rescuers have already found 50 people; the search is continuing.
двадцать	twenty	Что можно купить на двадцать рублей?|What can I buy for twenty rubles?
руководитель	director	Руководитель предприятия оштрафован за нарушение трудового законодательства.|The director of the enterprise was fined for breaking labour laws.
экономика	economy	Темпы роста мировой экономики сейчас ниже, чем в 1970-х годах.|The world economy is progressing at a slower pace than in the 1970s.
столь	so, that	Подобное увлечение может быть и не столь безобидным.|Such enthusiasm might not be so harmless.
откуда	where (from)	Откуда вы приехали?|Where did you come from?
гораздо	much	Испанский язык дается мне гораздо легче немецкого.|I find Spanish much easier than German.
хозяин	master	Кто хозяин этого дома?|Who’s the master of the house?
страшный	terrible	О, это был очень страшный фильм!|Oh, that was a terrible film!
ожидать	expect, await	Она ожидает приезда нового французского посла.|She is awaiting the arrival of the new French ambassador.
камень	stone	Петька поднял камень и кинул в воду.|Pet’ka picked up a stone and threw it into the water.
рассказ	story	Мы с большим интересом читаем все ваши рассказы.|We read all your stories with great interest.
звук	sound	Все услышали звук выстрела.|Everyone heard the sound of the gunshot.
вновь	again	Кажется, что вновь вернулась зима.|It seems that winter is back again.
солдат	soldier	Солдаты бежали с криками µура¶.|The soldiers were running, shouting ‘hurrah’ .
надежда	hope	Болезнь отнимает у меня всякую надежду на будущее.|The illness is taking away any hope I have for the future.
карта	card, map	У вас есть карта Московской области?|Do you have a map of the Moscow region?
господин	master, mister, gentleman	Уважаемые дамы и господа, вас приветствует командир корабля.|Dear ladies and gentlemen, the captain would like to welcome you onboard.
летать	fly	Птицы летают над рекой.|Birds are flying above the river.
цвет	colour	Мне нравится синий цвет.|I like the colour blue.
сесть	sit down	Сядьте на этот стул, пожалуйста.|Sit down on this chair, please.
специальный	special	Разведчики проходят здесь специальную подготовку.|Intelligence officers undergo special training here.
попытка	attempt	Будьте внимательны, это ваша последняя попытка.|Be careful: this is your final attempt.
круг	circle	Как нарисовать круг без циркуля?|How do you draw a circle without a compass?
однажды	once	Я однажды здесь была.|I was once here.
устраивать	organize, arrange, suit,   be convenient	Она недовольна, ее не устраивает цена.|She’s unhappy; the price doesn’t suit her.
комментарий	comment	Оставлять комментарии на сайте могут только зарегистрированные пользователи.|Only registered users can leave comments on the site.
посылать	send	Звонят из одного из агенств, куда я посылал резюме.|Someone from one  of the agencies that I sent my CV to is on the phone.
глава	head, chapter	Президент республики является главой государства.|The President of the Republic is the Head of State.
удар	stroke, blow	Сильный удар свалил мужчину на землю.|The man was knocked off his feet by the powerful blow.
клиент	client, customer	У вас есть скидки для постоянных клиентов?|Do you have any reductions for long-term clients?
иначе	otherwise	Сидите тихо, иначе я очень рассержусь.|Sit quietly, otherwise I’ll get angry.
крайний	extreme, far	Он добрался до самого маяка, находившегося на крайней северной точке острова.|He got right to the lighthouse on the far north tip of the island.
признавать	recognize, admit	Он был вынужден признать поражение.|He was forced to admit defeat.
доктор	doctor	Доктор пропишет тебе антибиотики.|The doctor will prescribe you antibiotics.
достигать	reach	Во второй половине дня в среду цена барреля нефти достигала 67,40 долл.|The price of a barrel of oil reached 67.40 dollars on Wednesday afternoon.
исчезать	disappear	Улыбка мгновенно исчезла с ее лица.|Her smile disappeared in an instant.
означать	mean	Что означает этот термин?|What does this term mean?
глядеть	look	Поглядите внимательно на фотографию.|Look carefully at the photograph.
показываться	appear	Солнышко показалось на минуту из-за туч.|The sun appeared for a moment from behind the clouds.
изменять	change, be unfaithful	Недавно она узнала, что муж изменяет ей уже в течение двух лет.|She recently found out that her husband had been cheating on her for two years.
дочь	daughter	Ваша дочь учится или работает?|Is your daughter a student or does she work?
отправлять	send	Я хочу отправить посылку другу.|I want to send a parcel to a friend.
республика	republic	Словения — бывшая югославская республика.|Slovenia is a former republic of Yugoslavia.
ставить	put	Поставь, пожалуйста, книгу на полку.|Put the book on the shelf, please.
пожалуйста	please	Вот здесь распишитесь, пожалуйста.|Sign here, please.
поехать	go	Мы с подругой завтра поедем на дачу.|My friend and I are going to the dacha tomorrow.
единый	united	Партия µЕдиная Россия¶ может получить в Госдуме 222 депутатских мандата.|The party ‘Edinaya Rossiya’ may receive 222 deputy mandates in the State Duma.
волос	hair	У моей дочери светлые волосы.|My daughter has fair hair.
совершать	accomplish, do, make	Он совершает главную ошибку в своей жизни.|He’s making the biggest mistake of his life.
Германия	Germany	Я тоже живу в Германии.|I also live in Germany.
называться	be called	Как называется ваш любимый фильм?|What is your favourite film called?
отсутствие	absence	Причина нашей неустроенности — в отсутствии в доме женщины.|The absence of a woman in the household is the reason for us being disorganized.
прямой	straight, direct	Отсюда идет прямая дорога к реке.|There’s a direct road to the river from here.
процент	per cent, percentage	Его поддерживает 77 процентов населения.|He is supported by 77 per cent of the population.
масса	mass, lots, weight	Карат — единица измерения массы драгоценных камней.|Carat is a unit used for measuring the weight of precious stones.
база	base	Вся информация хранится в компьютерной базе данных.|All the information is stored in a computer database.
долгий	long	Он долгое время не работал.|He didn’t work for a long time.
необходимость	necessity	Я готов помочь вам, если возникнет необходимость.|I’m willing to help you should the necessity arise.
вера	faith	Он потерял веру в собственные силы и возможности.|He lost faith in his own powers and capability.
студент	student	У нас обучаются студенты из многих стран мира.|Students from many countries study here.
анализ	analysis, test	Я был отправлен на анализ крови.|I was sent for a blood test.
отправляться	depart	Наш поезд отправляется через 15 минут.|Our train departs in 15 minutes.
здание	building	Я работаю на строительстве нового здания библиотеки.|I’m working on the construction of a new library building.
ребята	children, guys	Послушайте меня внимательно, ребята.|Listen to me carefully, guys.
конкретный	specific	Я могу привести конкретный пример.|I can give a specific example.
угол	corner, angle	В углу стоит кресло.|There’s a chair in the corner.
скорость	speed	Мы едем со скоростью 80 км/ч.|We’re travelling at a speed of 80km/hour.
требование	requirement, demand	Если же Ваш материал не отвечает нашим требованиям, то мы вправе отклонить его без дополнительных объяснений.|If your material does not meet our requirements, then we may reject it without further explanation.
будто	as if	Он делает вид, как будто я просто не существую.|He’s acting as if I don’t exist.
бежать	run	Ты слишком быстро бежишь!|You’re running too quickly!
новость	news	После выпуска новостей мы продолжим нашу передачу.|We’ll resume our programme after the news.
открытый	open	В открытое окно светило яркое солнце.|The bright sun shone through the open window.
список	list	Диетологи составили список самых полезных продуктов.|Dieticians have drawn up a list of the most healthy types of food.
представление	performance, idea	Я не имею представления о том, что нам делать дальше.|I have no idea what to do next.
учитель	teacher	Он был моим любимым школьным учителем.|He was my favourite school teacher.
вывод	conclusion	К какому выводу вы пришли?|What’s your conclusion?
договор	agreement	Авиакомпания %0, заключила договор с авиакомпанией Трансаэро (Россия).|The airline BMI has set up an agreement with Transaero Airlines (Russia).
положить	put	Куда ты положил мою книгу?|Where did you put my book?
энергия	energy	Нам нужны альтернативные источники энергии.|We need alternative sources of energy.
зависеть	depend	Цена аренды зависит от района, в котором расположена квартира.|Rent costs depend on the region in which the flat is located.
немецкий	German	Мы познакомили Ольгу Николаевну с немецкими специалистами.|We introduced Ol’ga Nikolaevna to the German specialists.
обязательно	obligatory	Вы обязательно должны ему помочь!|You must help him!
боль	pain, ache	Головная боль может оказаться признаком серьезного заболевания.|Headache may be a symptom of a more serious illness.
примерно	roughly	В Риге проживают примерно одинаковое количество латышей и русских.|A roughly even number of Latvians and Russians live in Riga.
безопасность	safety, security	Наша задача — обеспечивать безопасность жизни и здоровья потребителей.|Our task is to ensure the safety and well-being of our users.
май	May	У меня день рождения в мае.|My birthday is in May.
плохо	bad(ly)	В переулке плохо пахло.|There was  a bad smell in the alley.
видно	visible	Отсюда все хорошо видно.|Everything is clearly visible from here.
удовольствие	pleasure	Ты получаешь удовольствие от занятий спортом?|Do you get a feeling of pleasure from playing sport?
некий	a certain, some	Ходят слухи, что некая швейцарская клиника готова принять высокопоставленного больного из России.|Rumour has it that a certain Swiss clinic is willing to accept the high-ranking Russian patient.
способность	ability	Мы помогаем нашим ученикам развивать их творческие способности.|We help our pupils develop their creative abilities.
прежде	before, first	Мне прежде всего мне нужно принять душ.|First of all I need to take a shower.
произносить	pronounce, say	Четко произноси каждое слово.|Pronounce each word clearly.
переставать	stop	Наши соседи перестали шуметь по ночам.|Our neighbours have stopped making noise during the night.
дома	at home	Я буду дома около шести часов вечера.|I’ll be at home at around six o’clock in the evening.
ощущение	feeling, sensation	Год назад у меня были болезненные ощущения при мочеиспускании.|A year ago I felt a painful sensation when urinating.
адрес	address	Укажите, пожалуйста, ваш почтовый адрес, включая индекс.|Please give me your address, including your post code.
западный	western	В Западной Европе этот праздник отмечают с XIII века.|In Western Europe this festival has been celebrated since the thirteenth century.
писатель	writer	Это книга знаменитых писателей Аркадия и Бориса Стругацких.|This is a book by the famous writers Arkady and Boris Strugatsky.
противник	enemy	У них нет никаких шансов уничтожить противника.|They have no chance of defeating the enemy.
сфера	sphere, sector	У меня стаж работы в банковской сфере более 9 лет.|I have worked  in the banking sector for more than 9 years.
любимый	favourite, beloved	Это моя любимая песня.|This is my favourite song.
звезда	star	В небе светит яркая звезда.|A bright star is shining in the sky.
проверять	check	Пограничники проверяют паспорта пассажиров.|Border officials are checking the passengers’ passports.
спасибо	thanks	Большое спасибо за поздравление!|Many thanks for your greetings!
вперёд	forward	Иди вперед и ничего не бойся.|Go forward and fear nothing.
знак	sign, mark	Расставь знаки препинания в предложении.|Put punctuation marks  in the sentence.
влияние	influence, effect	Две женщины имели влияние на него — его мать и его жена.|Two women had an influence on him: his mother and his wife.
вовсе	at all	Это вовсе не доказывает, что я был пьян.|This does not at all prove that  I was drunk.
уверенный	confident, certain	Он абсолютно уверен в своей правоте.|He is absolutely certain that he is right.
грудь	chest, breast	Его убили выстрелом в грудь.|He was killed by a shot to the chest.
двор	yard	На школьном дворе мальчишки играли в футбол.|The boys were playing football in the school yard.
никак	no way	Я никак не могу похудеть.|There’s just no way that I can lose weight.
описывать	describe	Автор подробно описывает это событие.|The author describes the event in detail.
банк	bank	Я бы хотела открыть счет в вашем банке.|I’d like to open an account at your bank.
контроль	control	Мы прошли паспортный контроль очень быстро.|We got through passport control very quickly.
пункт	paragraph	Редакция газеты нарушила пункт 3 статьи 5 Закона РФ µО рекламе¶.|The newspaper’s editors violated Paragraph 3 of Article 5 of the Russian Advertising Act.
радость	gladness, joy	Я не испытываю радости от этой победы.|I feel no joy from this victory.
чужой	strange, unfamiliar	Найти работу в чужом городе не так просто.|It’s not so simple to find work in an unfamiliar town.
функция	function	Этот предмет выполняет очень важную функцию.|This object serves a very important function.
завтра	tomorrow	Ты уезжаешь завтра?|Are you leaving tomorrow?
впечатление	impression	С первой секунды он произвел ужасное впечатление.|He made a terrible impression right from the start.
задавать	ask, give	Почему-то нам задают слишком много уроков.|For some reason they’re giving us too many assignments.
содержание	contents	Ты можешь пересказать мне содержание рассказа?|Can you retell me the contents of the story?
сохранять	keep	На корабле началась паника, спокойствие сохраняли только два человека.|Panic broke out on the ship; only two people managed to keep their cool.
основание	foundation, basis, setting up	Он вложил все свои деньги в основание этого бизнеса.|He put all his money into setting up the business.
заканчивать	finish	Через сорок пять минут учитель закончил урок.|After forty-five minutes the teacher finished the lesson.
объём	volume, size	Этот шампунь придает волосам объем.|This shampoo gives hair volume.
вчера	yesterday	Где ты был вчера?|Where were you yesterday?
прощать	forgive	Мамочка, прости меня!|Mum, forgive me!
прямо	straight	Ты с работы иди прямо домой, нигде не задерживайся.|Go straight home from work and don’t hang about anywhere.
режим	mode, regime	К началу 30-х гг. тоталитарный режим стал суровой политической реальностью.|By the start of the 1930s the totalitarian regime had become a harsh political reality.
воля	will	Такова воля нашего народа.|Such is the will of our nation.
километр	kilometre	Город Александров находится в ста километрах от Москвы.|The town of Aleksandrov is one hundred kilometres away from Moscow.
расти	grow	Наши дети быстро растут.|Our children are growing up very quickly.
звать	call	Меня зовут Марина.|I’m called Marina.
правильный	correct	Выберите правильный вариант ответа.|Choose the correct answer.
личность	personality, identity	Вы установили личность преступника?|Have you established the identity of the culprit?
шесть	six	Я приехала в Россию шесть месяцев назад.|I came to Russia six months  ago.
одновременно	simultaneously	Чтобы выйти из полноэкранного режима, нажмите одновременно клавиши >&WUO@ и >$OW@.|To exit full-screen mode press ‘Ctrl’  and ‘Alt’ simultaneously.
здоровье	health	Они очень заботятся о своем здоровье.|They are very concerned about their health.
рот	mouth	Закрой рот.|Close your mouth.
регион	region	Несколько тысяч жителей этого региона остались без крова.|Several thousand inhabitants of the region were left without shelter.
предел	limit, bound	Всему есть предел.|There’s a limit for everything.
может	maybe, might	Я, может быть, приду сегодня поздно.|I might not get home until late today.
физический	physical	Ему необходима регулярная физическая нагрузка.|He needs regular physical activity.
читатель	reader	В редакцию приходят письма читателей.|Readers’ letters go to the editorial office.
старик	old man	На стене висит портрет седого старика.|There’s a portrait of a grey-haired old man on the wall.
практика	practice	Вы можете применить свои знания на практике.|You can put your knowledge into practice.
знакомый	familiar, acquainted	Андрей услышал чей-то очень знакомый голос.|Andrey heard someone’s very familiar voice.
медленный	slow	Здесь лифт ужасно медленный.|The lift here is terribly slow.
боевой	battle	В два часа утра полк был поднят по боевой тревоге.|The regiment was  put on battle alert at 2 o’clock in the morning.
победа	victory	Наступил великий день победы!|The great day of victory arrived!
хватать	grasp, be enough	Мне не хватает моей зарплаты.|I can’t get by on my salary.
элемент	element	Газетная страница состоит из разных элементов: текста, фотографий, таблиц, графиков.|A page of a newspaper consists of various elements: text, photographs, tables, columns.
январь	January	В январе я поеду в зимний спортивный лагерь.|I’m going to a winter sports camp in January.
руководство	guidance, management,  leadership	Вчера руководство компании в полном составе подало в отставку.|Members of the company’s management all resigned yesterday.
естественно	naturally, of course	На озеленение выделено 28 млн рублей, естественно, из городского бюджета.|Landscaping has been allocated 28 million rubles – from the municipal budget, of course.
постоянный	constant	Он долгие годы живет в постоянном страхе.|He’s been living in constant fear for many years.
женский	female, feminine, woman’s,  ladies’	Вдали показались две женские фигуры.|Two female figures appeared in the distance.
встречаться	meet	Такие люди очень редко встречаются.|Such people rarely meet.
стоимость	cost	Стоимость проезда в автобусах повышается в среднем на 7,5 процента.|The cost of bus transport is going up by an average of 7.5 per cent.
август	August	В августе мы едем в Сочи.|We’re going to Sochi in August.
очередной	next, another	Они совершили очередную попытку провезти наркотики через границу.|They made another attempt to bring drugs over the border.
счастливый	happy	У нас была очень счастливая семья.|We had a very happy family.
секунда	second	В воздухе скорость звука составляет 340 метров в секунду.|The speed of sound through the air is 340 metres per second.
житель	inhabitant, resident	Жители Москвы празднуют сегодня День города.|Residents of Moscow are today celebrating their ‘town day’ .
множество	many, multitude	Для этого существует множество причин.|There are many reasons for this.
праздник	holiday, festival	Какой праздник отмечается 12 июня?|What festival is celebrated on the 12th of June?
сумма	amount	Сумма заказа составила 22 тысячи рублей.|The sum of the order came to 22 thousand rubles.
видимо	evidently	Ты, видимо, забыл, что работаешь в вагоне-ресторане!|You’ve evidently forgotten that you work in the restaurant car!
кажется	seem	Мне кажется, что ты меня больше не любишь.|It seems that you don’t love me anymore.
командир	commander	Командир приказал приготовиться к бою.|The commander gave the order to prepare for battle.
сцена	scene, stage	Под аплодисменты певец появился на сцене и поклонился публике.|The singer came on stage to a round of applause and bowed to the audience.
насколько	how	Вы даже не представляете, насколько важны для меня эти документы.|You can’t imagine how important these documents are to me.
техника	equipment, technique	Это техника столь же древняя, как йога.|This is a technique as old as yoga.
подготовка	preparation	Самое главное при подготовке к празднику — это не забыть про подарки.|The main thing in preparing for a festival is not to forget to buy presents.
исторический	historical	Алексей Толстой — автор знаменитого исторического романа µПетр ,¶.|Aleksey Tolstoy is the author of the famous historical book Petr I.
лёгкий	easy, light	Это очень легкая задача.|This is a very easy task.
итог	total, result	Я говорил об итогах космических полетов.|I spoke about the results of space missions.
сожаление	regret, sympathy	Я хочу выразить глубочайшее сожаление по поводу смерти моего коллеги.|I’d like to express my deepest sympathy at the loss of my colleague.
ухо	ear	У Дениса серьга в ухе и татуировка на левом плече.|Denis has an earring and a tattoo on his left shoulder.
занятие	occupation, lesson	Занятия проводятся ежедневно кроме субботы и воскресенья.|Lessons take place on all days except Saturdays and Sundays.
соответствующий	corresponding	Их объем по сравнению с соответствующим периодом прошлого года возрос на 14 процентов.|Their volume in comparison to the same period last year has risen by 14 per cent.
существование	existence, being	Сейчас уже никого не удивляет сам факт существования такой сферы услуг, как секс по телефону.|Nowadays nobody is surprised by the fact that there are such services as telephone sex.
приглашать	invite	Мы пригласили много гостей.|We invited many guests.
мужик	man	Он был здоровым мужиком лет сорока пяти.|He was a strapping man, around forty-five years old.
городской	urban, town	В целях безопасности городская администрация призвала население города не покидать дома.|In the interest of safety representatives of the town council asked residents not to leave their homes.
октябрь	October	Уже наступил октябрь, но воздух был по-прежнему теплым.|It was already October, but the air was still warm.
впервые	for the first time	После войны он впервые увидел свою дочь.|He saw his daughter for the first time after the war.
недавно	recently	Он недавно вернулся из поездки по Италии.|He recently returned from a trip around Italy.
нос	nose	Нос у собаки холодный и мокрый.|A dog’s nose is cold and wet.
существо	creature	Человек — это единственное разумное существо на Земле?|Are humans the only intelligent life form on the planet?
генерал	general	В это время генералу передали срочный пакет.|At that time the general was handed an urgent package.
есть	eat	Мужчина в столовой ест борщ.|The man in the canteen is eating borscht.
значить	mean	Что значит слово µстибрить¶?|What does the word ‘stribit’ mean?
благодаря	thanks to	Благодаря врачам она победила болезнь.|She overcame the illness thanks to the doctors.
обладать	own, have	Ваш сын обладает исключительными математическими способностями.|Your son has an exceptional ability for mathematics.
многое	much, many things	В вашем рассказе мне многое непонятно.|There are many things that I don’t understand in your story.
сентябрь	September	Занятия в университете начинаются первого сентября.|Classes at the university start on the 1st of September.
правильно	correct(ly)	Как правильно писать резюме?|What’s the correct way to write a CV?
считаться	be considered	4 сентября 1975 года официально считается днем рождения игры µЧто? Где? Когда?¶.|The 4th of September 1975 is officially considered to be the release date of the game ‘What? Where? When?’ .
клуб	club	Это самый модный ночной клуб нашего города.|This is the trendiest nightclub in our town.
глубокий	deep	Сделайте глубокий вдох.|Take a deep breath.
принадлежать	belong	Чей это завод? Он принадлежит рабочим?|Who owns the factory? Does it belong to the workers?
наступать	step on, come, attack, arrive	Красная Армия наступала на всех фронтах.|The Red Army was advancing on all fronts.
приобретать	acquire, get	Я вам советую приобрести эту книгу.|I advise you to get this book.
абсолютно	absolutely, completely	Мы с ней абсолютно разные люди.|She and I are completely different people.
лето	summer	Вот и кончилось лето.|And so summer came to an end.
спокойно	quietly, peacefully	Я хочу жить спокойно и чувствовать себя в безопасности.|I want to live in peace and feel safe.
доходить	reach	Мы наконец дошли до пляжа.|We finally reached the beach.
приводить	bring, lead	Это приводит к повышению цен.|This leads to an increase in prices.
французский	French	Он любит французские вина и французскую кухню.|He likes French wine and French cuisine.
одежда	clothing, clothes	Повесь всю одежду в шкаф.|Hang all the clothes in the wardrobe.
старший	senior, elder	Моему старшему брату 35 лет.|My elder brother is 35.
подавать	submit	Самое главное — успеть подать заявку на участие в конкурсе до 27 марта.|The main thing is to submit your application for the competition before the 27th of March.
доставать	get, pester (slang)	Сперва твой братец меня доставал, теперь — ты.|First it was your brother pestering me and now you.
автомобиль	car	Автомобиль остановился у тротуара.|The car stopped by the pavement.
оценивать	evaluate, assess	Жюри оценивает работы участников конкурса.|The panel is assessing the work of those who participated in the competition.
продажа	sale	Агентство занимается продажей недвижимости в Москве.|The agency sells real estate in Moscow.
рамка	frame, scope	На столе стояла папина фотография в рамке.|A framed photograph of dad was on the table.
декабрь	December	Наступил декабрь с обильными снегопадами.|December came with heavy snowfall.
театр	theatre	Вы часто ходите в театр?|Do you often go to the theatre?
университет	university	Я учусь в университете.|I study at university.
произведение	production, creative work	В стенах дворца собрано множество произведений искусства.|The walls of the palace were decorated with many works of art.
СССР	USSR	Это первая находка такого рода на территории бывшего СССР.|It’s the first find of this kind in the former Soviet Union.
где-то	somewhere	Я уже где-то слышал эту шутку.|I’ve already heard this joke somewhere before.
малый	minor, small	Доля малого бизнеса в экономике страны составляет 15 процентов.|The proportion of small businesses in the nation’s economy is 15 per cent.
частный	private	Этот дом находится в частной собственности.|This house is under private ownership.
сестра	sister, nurse	Таня — моя сестра.|Tanya is my sister.
финансовый	financial	Работа проведена при финансовой поддержке Российского фонда фундаментальных исследований.|The work was carried out with the financial support of the Russian Foundation of Basic Research.
кричать	shout	— Бис! Бис! — кричали зрители.|‘Encore! Encore!’ , the spectators shouted.
фонд	fund	Я являюсь президентом фонда.|I’m the president of the fund.
РФ	Russian Federation	Конституция РФ гарантирует избирательное право каждому гражданину.|The Russian Constitution guarantees every one of its citizens the right to vote.
наблюдать	observe	В течение недели астрономы наблюдали на поверхности Солнца крупное пятно.|During the week astronomers observed a large spot on the surface of the sun.
отличаться	differ	Фильм µТурецкий Гамбит¶ сильно отличается от одноименного романа.|The film ‘Turetsky Gambit’ is very different from novel that has the same name.
платить	pay	Сколько ты платишь за квартиру?|How much do you pay for the flat?
Франция	France	Он сказал, что приехал из Франции.|He said that he’d come from France.
выпивать	drink, take (tablets)	Водитель посоветовал ему выпить таблетку от головной боли.|The driver advised him to take a headache tablet.
запад	west	Самолет повернул на запад.|The plane turned to the west.
выражение	expression	Выражение лица у нее было задумчивое.|She had a pensive expression on her face.
располагать	have, possess, be favourable,  be conducive	Здесь обстановка более располагает к разговорам.|The surroundings here are more conducive to conversation.
золотой	gold	Я окончил среднюю школу с золотой медалью.|I finished school with a gold medal.
тёмный	dark	За дверью обнаружилась большая темная комната.|A large dark room was on the other side of the door.
версия	version	Есть две версии происшедшего.|There are two versions of what happened.
министр	minister	С докладом выступил министр иностранных дел России.|The Russian Minister of Foreign Affairs gave a report.
целое	whole	Дирижер никак не мог собрать оркестр в единое целое.|The director couldn’t bring together the orchestra into a united whole.
ради	for, for the sake of	Я подозревал, что ради денег он готов на все!|I suspected that he would do anything for money!
немец	German	Знакомых немцев у меня никогда не было.|I never had any German friends.
губа	lip	Он целовал ее розовые губы.|He kissed her pink lips.
допускать	accept, admit	Французские и российские законы допускают двойное гражданство.|French and Russian laws permit dual citizenship.
акция	campaign, share, stock	Акционеры получат дивиденды по простым и привилегированным акциям.|Stockholders will receive dividends on common and preferred shares.
судить	try, judge	Я не берусь судить, прав Дима или не прав.|I’m not going to judge whether Dima is right or not.
объявлять	announce	Председатель избирательной комиссии объявил итоги голосования.|The chair of the electoral committee announced the results of the voting.
изменяться	change	Существительные изменяются по падежам.|Nouns change according to case.
дополнительный	additional	Дополнительную информацию можно получить, связавшись с нами по электронной почте.|For additional information send us an e-mail.
пустой	empty	Он наполнил пустую бутылку холодной водой.|He filled the empty bottle with cold water.
Америка	America	В него была влюблена вся Америка.|All of America was in love with him.
холодный	cold	Дул холодный ветер.|There was a cold wind.
цветок	flower	В его руках был огромный букет цветов.|He had a huge bouquet of flowers in his hands.
зато	but, on the other hand	Ты умная, а я зато самая красивая!|You are clever, but I, on the other hand, am the most beautiful.
центральный	central	Они живут в центральном районе Риги.|They live in Riga’s central district.
профессиональный	professional	Ты хочешь стать профессиональным музыкантом?|Do you want to be a professional musician?
суть	essence, crux	Вкратце напомню суть дела.|I’ll briefly remind you of the crux of the matter.
завод	factory, plant	Завод выпускает сельскохозяйственные машины.|The factory produces agricultural machinery.
федерация	federation	Федерация компьютерного спорта провела Чемпионат России по компьютерным играм.|The Computer Sports Federation held the Russian Video Games Championship.
федеральный	federal	26% абонентов сотовой связи проживает в Центральном Федеральном округе.|26% of mobile phone subscribers live in the Central Federal District.
технический	technical	Технический прогресс не остановить.|Technical progress cannot be halted.
приём	reception	Все было готово к торжественному приему.|Everything was ready for the ceremonious reception.
превращаться	turn into	Став богатыми, люди превращаются в рабов своей собственности.|People who get rich turn into slaves of their own fortune.
особенность	feature	Главной особенностью игры является ее поразительная реалистичность.|A main feature of the game is that it’s strikingly realistic.
деревня	village	Она давно уехала из города и живет в деревне.|She left the city a long time ago and now lives in a village.
понимание	understanding	Комментарии облегчают понимание сложного текста.|Commentaries make  it easier to understand a complex text.
рождение	birth	У Жени сегодня день рождения.|It’s Zhenya’s birthday today.
февраль	February	Их первый концерт состоялся в феврале 1993 года.|Their first concert was in February 1993.
обстоятельство	fact	Следует учесть еще одно важное обстоятельство.|One more important fact should be taken into consideration.
левый	left, unauthorized	Нет у меня никакого левого товара.|I don’t have any unauthorized goods.
июнь	June	Съемка фильма начнется в июне.|Shooting of the film will start in June.
добиваться	seek to attain	Он последовательно добивался намеченных целей.|He consequently sought to achieve his goals.
выступать	perform, be in favour	Мы выступаем за отмену обязательного призыва в армию.|We are in favour  of abolishing compulsory military conscription.
болезнь	disease	Его отец умирает от неизлечимой болезни.|His father is dying from  an incurable disease.
площадь	square, area	Остров занимает площадь в 12 га.|The area of the island is 12 hectares.
подход	approach	К каждому ребенку должен быть индивидуальный подход.|Every child needs an individual approach.
родной	(one’s) own	Он принял меня как родную дочь.|He accepted me like his own daughter.
стремиться	strive, try	Переводчик стремился сохранить стилистические особенности оригинала.|The translator tried to keep the style of the original.
станция	station	Мы вышли из метро на станции µРижская¶.|We left the Metro at the ‘Rizhskaya’ station.
обучение	training, learning	Такой метод обучения быстро дает положительные результаты.|This method of learning quickly produces positive results.
вроде	like, such as	А еще приходится оценивать стоимость дополнительных услуг вроде определителя номера, голосовой почты.|We still need to assess the value of additional services such as caller ID and voicemail.
настолько	so	Моей жене позавчера стало настолько плохо, что ее на µскорой¶ увезли.|My wife was so bad the day before yesterday that she had to be taken to hospital in an ambulance.
поддерживать	maintain, support	Столичные власти поддержали эту идею.|The capital’s authorities supported this initiative.
упасть	fall	Яблоко упало на землю.|The apple fell to the ground.
запись	note, record, recording	Сохранилась запись этого концерта.|A recording of the concert was kept.
значительный	significant	Это потребует значительных расходов.|This requires significant funds.
напоминать	remind	Напомни мне, пожалуйста, название фильма, который мы с тобой смотрели недавно.|Remind me please of the name of the film that we watched recently.
народный	national, public, folk	Хор исполнил русскую народную песню µЧерный ворон¶.|The choir performed the Russian folk song ‘Cherny voron’ .
вниз	down	Она спустилась вниз по лестнице.|She went down the stairs.
учёный	academic, scientific	Вам присуждается ученая степень доктора архитектуры.|You are being awarded the academic degree of Doctor of Architecture.
складываться	develop, take shape,  consist of, be made up of	Эта сумма складывается из регистрационного взноса, стоимости рабочего места, а также стоимости подключения к Интернету.|This amount is made up of the registration fee, the cost of the workplace and the cost of connecting to the Internet.
соответствие	correspondence,  accordance	Возврат и обмен товара существляется в соответствии с Законом о защите прав потребителя.|The return and exchange of goods is in accordance with the Consumer Protection Act.
поэт	poet	Александр Сергеевич Пушкин — великий русский поэт начала девятнадцатого века.|Aleksandr Sergeevich Pushkin is  a great poet of the start of the nineteenth century.
утверждать	claim	Очевидцы утверждают, что видели НЛО.|Eyewitnesses claim to have seen the UFO.
позвонить	ring, call	Пожалуйста, позвоните мне через неделю.|Call me in a week, please.
офицер	officer	Офицер приказал солдатам ждать его во дворе.|The officer ordered his soldiers to wait for him in the courtyard.
революция	revolution	Каждая революция влечет за собою жертвы.|Every revolution results in casualties.
реклама	advertisement	Во Франции с 1991 года строго запрещена реклама алкоголя на телевидении.|In France the advertising of alcohol on television has been strictly prohibited since 1991.
выборы	election(s)	Парламентские выборы прошли в демократической обстановке.|The parliamentary elections were held democratically.
явление	phenomenon, feature, fact	Природа этого явления для меня остается загадкой.|The nature of this phenomenon remains a mystery to me,
выпускать	produce, let out	Поэтому в солнечный день белых кошек не выпускают на улицу.|Therefore, on sunny days white cats aren’t let outside.
вскоре	soon	Новый смартфон вскоре появится в продаже.|The new smartphone will soon go on sale.
отдел	department	Он возглавлял отдел по связям с общественностью.|He was in charge of the PR department.
король	king	&тарый король очень тосковал по дочери.|The old king yearned for a daughter.
ближайший	nearest, closest	Он уселся на ближайший стул.|He sat down on the nearest chair.
фронт	front line	Он погиб на фронте в первые дни войны.|He died on the front line during the first days of the war.
доказывать	prove	Это доказали японские ученые.|This was proved by Japanese scientists.
выражать	express	Лицо ее выражало презрение.|Her face expressed suspicion.
художник	artist	Талантливый художник, он получил широкое международное признание.|A talented artist, he received wide international acclaim.
животное	animal	Чем питаются эти животные?|What do these animals eat?
информационный	information	Союз компаний по информационным технологиям опубликовал свое исследование.|The Union of Information Technology published its research.
пользователь	user	В первую группу вошли наиболее продвинутые пользователи сети Интернет.|The first group was made up of the most advanced Internet users.
стиль	style	Я предпочитаю классический стиль в одежде.|I prefer clothes of a classic style.
двигаться	move	Не разговаривайте и не двигайтесь во время измерения давления.|Do not speak or move while your blood pressure is being taken.
июль	July	Уже наступил июль.|July is already here.
норма	norm, standard	Для них это считается нормой.|This is considered the norm for them.
ответственность	responsibility	Они не смогут уйти от уголовной ответственности.|They cannot evade criminal responsibility.
сто	hundred	Эта звезда в сто раз больше нашего Солнца.|This star is one hundred times bigger than our sun.
чего	what, why	Ты чего кричишь?|Why are you shouting?
европейский	European	Евро — это единая европейская валюта.|The Euro is the common European currency.
передача	transmission, programme	Она пропустила свою любимую передачу по телевизору.|She missed her favourite television programme.
фраза	phrase	Тогда эта фраза облетела всю страну.|At the time this phrase spread throughout the whole country.
определение	definition, determination	Для правильного определения температуры поместите термометр на 5-10 минут в подмышечную впадину.|To accurately determine your temperature place a thermometer in your armpit for 5–10 minutes.
работник	worker, employee	Он был добросовестным работником.|He was a conscientious worker.
едва	hardly, barely	Тропинка едва заметна в густой траве.|The path is barely visible in the thick grass.
зелёный	green	Дети побежали по зеленой траве.|Children ran on the green grass.
петь	sing	Папа играл на гитаре и пел.|Dad played the guitar and sang.
дата	date	Назовите дату вашего рождения.|Specify your date of birth.
будущий	future	Ты уже выбрал свою будущую профессию?|Have you already chosen your future career?
вводить	lead in, introduce, enter	Нет необходимости вводить в компьютер все цифры этой последовательности.|There is no need to enter all numbers of the sequence into the computer.
семь	seven	Сколько будет шестью семь?|What is six times seven?
фотография	photograph	На столе стояла семейная фотография.|A family photograph was on the table.
волна	wave	Большие волны с шумом набежали на берег.|Big waves hit the shore with a loud splash.
разработка	development	Начинается разработка гигантского нефтяного месторождения.|A gigantic oil field is being developed.
доход	income	Наши доходы упали.|Our income has dropped.
капитан	captain	— Стоп! — скомандовал капитан.|‘Stop!’ , the captain ordered.
усилие	effort	Вам придется приложить немало усилий для достижения намеченной цели.|You will need to put in a lot of effort to achieve your goal.
столько	so much, so many	Здесь столько интересных экспонатов!|There are so many interesting exhibits here!
заканчиваться	end	Моя виза заканчивается 6 мая.|My visa ends on the 6th of May.
профессор	professor	Она — университетский профессор.|She’s a university professor.
ясный	clear	Утро было ясное, солнечное.|The morning was clear and sunny.
ноябрь	November	Начался мокрый и холодный ноябрь.|A wet and cold November set in.
понравиться	like	Как вам понравился фильм?|How did you like the film?
этап	stage	Транскрипция очень важна на начальном этапе изучения иностранного языка.|Transcription is very important at the initial stage of learning a foreign language.
предоставлять	provide, give	Потрясающая новость: мне предоставили возможность выступить перед камерой.|Fantastic news: I’ve been given the opportunity to perform in front of the camera.
придумывать	create, think up	Каждый год дизайнеры придумывают новые фасоны и модели одежды.|Every year designers create new fashions and styles of clothing.
перевод	translation, transfer	7 июня нами получен банковский перевод на 1500 рублей.|On the 7th of June we received a bank transfer of 1500 rubles.
фактор	factor	Имеются данные о том, что климато- географические факторы тоже влияют на частоту рождения леворуких детей.|There is evidence that geoclimatic factors influence the birth rate of left-handed children.
ценность	value	Ценность подарка определяется вовсе не его денежной стоимостью.|The value of a present is not measured by how much it costs.
тихо	quiet(ly)	Очень тихо было в доме.|It was very quiet in the house.
канал	channel, canal	Несколько часов я бродил по берегу канала.|I spent several hours wandering along the bank of the canal.
сравнение	comparison	Целью исследования являлось сравнение эффективности противовирусных препаратов.|The aim of the investigation was to compare the effectiveness of antiviral drugs.
что-нибудь	something, anything	Хочешь что-нибудь выпить, Боря?|Would you like something to drink, Borya?
кабинет	cabinet, study	Старик заперся в кабинете и не вышел обедать.|The old man locked himself in his study and didn’t come out for lunch.
родиться	be born	Соня родилась в Москве.|Sonya was born in Moscow.
северный	northern	Весь день дует сильный северный ветер.|A strong northerly wind has been blowing all day.
чай	tea, tip	Сколько принято давать на чай в вашей стране?|How much is it customary to tip in your country?
полезный	useful, good	Все эти продукты полезны для здоровья.|All these products are good for you.
лично	personally	Я его лично знаю.|I know him personally.
выдавать	give (out), reveal	Не выдавайте меня, пожалуйста.|Please don’t reveal my identity.
подробный	detailed	На нашем сайте вы найдете подробное описание достопримечательностей столицы.|You can find a detailed description of the capital’s sights on our website.
слабый	weak	Она такая слабая и беззащитная.|She’s so weak and defenceless.
журналист	journalist	Он стал известным журналистом.|He became a well-known journalist.
наоборот	on the contrary	Это не гарантирует снижения цен, а даже наоборот провоцирует их повышение.|This doesn’t guarantee that prices will be reduced; on the contrary, it may lead to their increase.
проведение	holding	Большинство граждан высказываются за проведение референдума по вопросу независимости.|Most citizens are in favour of holding a referendum on independence.
итак	so	Итак, коллега, сегодня у вас первая самостоятельная операция.|So, my colleague, today you have your first independent operation.
выполнять	perform, do, fulfil	Взрослый не должен выполнять задание за ребенка.|Adults shouldn’t do children’s tasks for them.
нынешний	current	Это был никто иной как нынешний премьер-министр.|It was none other than the current prime minister.
гражданский	civil	Это привело к началу гражданской войны.|It led to the start of a civil war.
лист	leaf, sheet	Я беру чистый лист бумаги и ручку.|I take a blank sheet of paper and a pen.
обеспечение	provision, securing	Он работает в американской фирме, занимающейся обеспечением безопасности аэропортов.|He works at an American company that provides airport security.
комиссия	commission	Людмила Алексеева — член Комиссии по правам человека.|Lyudmila Alekseeva is a member of the Commission on Human Rights.
снег	snow	Падал снег.|It snowed.
использоваться	be used	Зерна кофе этого сорта используются для приготовления бескофеинового кофе.|Such coffee beans are used to make decaffeinated coffee.
участвовать	take part	Кто еще будет участвовать в конкурсе?|Who else is going to take part in the competition?
рассматривать	consider	Бытовое насилие рассматривается как серьезное нарушение прав человека.|Domestic violence is considered a serious breach of human rights.
древний	ancient	Отправляемся дальше в Великие Луки — древний русский город.|We are continuing our trip to Velikie Luki – an ancient Russian town.
бить	beat, hit	Бить детей нельзя.|You should not hit children.
зуб	tooth	Мальчики, идите мыться и чистить зубы.|Boys, get washed and clean your teeth.
традиция	tradition	Хочется верить, что славные традиции будут продолжены.|I’d like to believe that these glorious traditions will continue.
невозможный	impossible	Это стало невозможным после падения режима талибов.|This became impossible after the fall of the Taliban.
высота	height	Мы летели на высоте 2000 метров.|We were flying at a height of 2000 metres.
форум	forum	Вежливость на нашем форуме очень приветствуется.|Politeness on our forum is very welcome.
естественный	natural	Ревность — совершенно естественное и нормальное чувство.|Jealousy is a completely natural and normal feeling.
иностранный	foreign	Он не говорит ни на одном иностранном языке.|He doesn’t speak a single foreign language.
ладно	okay	Ну ладно, не будем ссориться по пустякам.|Okay, let’s not argue over nothing.
председатель	chairman	В школе меня выбрали председателем биологического кружка.|At school I was elected as chairman for the biology club.
массовый	mass	Большой проблемой была массовая безработица.|Mass unemployment was a major problem.
звонить	ring, call	Звонила твоя мама.|Your mum called.
организовывать	organize, arrange	Как правильно организовать уход за новорожденным дома?|What is the correct way to arrange home care for a newborn baby?
ясно	clear	Мне было ясно, что он серьезно болен.|It was clear to me that he was seriously ill.
молчать	be silent	Прошло две минуты, три, но она продолжала молчать.|Two, three minutes passed, but she remained silent.
остров	island	Я только что возвратился с отдыха на острове Корфу.|I’ve only just got back from holiday on the island of Corfu.
приятный	pleasant	— Анастасия Павловна? — спросил приятный мужской голос.|‘Anastasia Pavlovna?’ , said a pleasant male voice.
прочитать	read	Вы уже прочитали книгу, которую я вам дал?|Have you already read the book that I gave you?
понятный	clear	Вам понятен мой вопрос?|Is my question clear?
мастер	master	Изготовить такую красоту мог только настоящий мастер.|Only a genuine master could produce something so beautiful.
кухня	kitchen	Утром я готовлю на кухне завтрак.|In the morning I make breakfast in the kitchen.
прочий	other	Они оставляют после себя банки, бутылки, полиэтиленовые пакеты и прочий мусор.|They leave behind cans, bottles, plastic bags and other mess.
детство	childhood	У них было трудное детство.|They had a difficult childhood.
сад	garden	Люба позвала его гулять в сад.|Lyuba asked him to walk to the garden.
падать	fall	С дерева падают желтые листья.|Yellow leaves are falling from the tree.
карман	pocket	Он достал из заднего кармана носовой платок и высморкался.|He took  a handkerchief from his back pocket and blew his nose.
сомнение	doubt	Личность убийцы не вызывала сомнений.|The identity of the killer caused no doubts.
сотня	hundred	Десятки компаний разорены, сотни людей остались без работы.|Dozens of companies have been ruined; hundreds of people have been left without work.
записывать	write down, record	Весь разговор она записала на диктофон.|She recorded the entire conversation on a Dictaphone.
десяток	ten	Сколько стоит десяток яиц?|How much does a pack of ten eggs cost?
участок	area, district, ward, plot	Никакого садового участка у меня не было.|I didn’t have a garden plot.
чёрт	devil	Вы рассказывали друг другу в детстве страшные истории о чертях, ведьмах и русалках?|As children, did you tell one another scary stories about devils, witches and mermaids?
обещать	promise	Он обещал жениться на мне и исчез!|He promised to marry me and vanished!
прошлое	past	Мужчины за шестьдесят редко говорят о будущем, их волнует прошлое.|Men aged over sixty rarely talk about the future; they’re more concerned with the past.
покупать	buy	Приближаются праздники, нужно покупать подарки.|The holidays are approaching and I need to buy presents.
открываться	open	Двери открываются автоматически.|The doors open automatically.
посвящать	dedicate, devote, let into	Только трое были посвящены в эту тайну.|Only three people have been let into this secret.
строительство	construction	Строительство нашего дома подходило к концу.|The construction of our home was coming to an end.
Украина	Ukraine	Вы гражданка Украины?|Are you a Ukrainian citizen?
разумеется	of course	Нет, денег от них она, разумеется, не принимала.|No, of course, she didn’t take the money from them.
сосед	neighbour	Обеспокоенные соседи вызвали полицию.|Concerned neighbours called the police.
пиво	beer	Я не хочу пива!|I don’t want any beer!
тонкий	thin, fine	На ней было платье из тонкой шелковой ткани.|She was wearing a dress made from fine silk.
смеяться	laugh	Они смеются над собственными шутками.|They laugh at their own  jokes.
яркий	bright	Рукой она прикрывает глаза от яркого света.|She used her hand to shield her eyes from the bright light.
устройство	device, machine, organizing,  sorting out	Мать, занятая устройством личной жизни, совсем забыла о ребенке.|The mother, busy sorting out her own life, completely forgot about the baby.
слеза	tear	Слезы потекли по ее щекам.|Tears ran down her cheeks.
соответствовать	correspond	Твои оценки не соответствует реальному уровню знаний.|Your  marks don’t correspond to the level of your knowledge.
дальнейший	further, future	Все это заставляет прогнозировать дальнейший рост цен на золото.|All this makes us expect a further rise in the price of gold.
библиотека	library	Я взял эту книгу в библиотеке.|I got this book from the library.
общение	communication, talking	Русский язык продолжает оставаться средством общения в странах СНГ.|Russian is still the means of communication in countries of the CIS.
частность	detail, particular	Иванов послал в Петербург два эскиза, получил в ответ одобрение одного из них и несколько замечаний, касающихся частностей.|Ivanov sent two sketches to St Petersburg; he received a reply with confirmation that one of them had been approved and some notes concerning the particulars.
наличие	presence, availability	Лабораторные анализы говорят о наличии тяжелых металлов в организме.|Laboratory tests show the presence of heavy metals in the body.
разбираться	know, be disassembled	Палатка собирается и разбирается за минуту.|The tent can be assembled and disassembled in a minute.
верный	correct, loyal	У этой задачи может быть единственный верный ответ.|There can be only one correct answer to this puzzle.
отличие	difference, distinction	Институт я окончила с отличием.|I graduated from the institute with a distinction.
мелкий	minor, shallow	Деревья склонились над мелкой речкой.|Trees hung over the shallow stream.
поезд	train	Поезд пришел по расписанию.|The train arrived on schedule.
проживать	reside	Семья Ромашковых проживала в деревне Каменка.|The Romashkov family resided in the village Kamenka.
согласный	consonant, agree	Вы согласны выйти за меня замуж?|Do you agree to marry me?
царь	tsar, king	Очень много для этого сделал великий русский царь Петр ,.|The great Russian tsar Peter I did much for this cause.
продукция	production, goods	Все дело в огромном количестве пиратской продукции на рынке.|The whole affair is about the huge quantity of pirate goods at the market.
применение	application, use	Я надеюсь, что данный метод найдет применение в России.|I hope that this method will be used in Russia.
поток	stream	Поток воды неожиданно прорвал плотину.|The stream of water suddenly burst through the dam.
мешать	stir, disturb, disrupt	Они мешают мне работать.|They are disrupting me from working.
настроение	mood	Мы возвратились домой в отличном настроении.|We came home in an excellent mood.
постепенно	gradually	Вирус постепенно разрушает имунную систему человека.|The virus gradually destroys the human immune system.
двое	two (people)	Вместе со мной живут жена, двое детей и теща.|My wife, two children and mother-in-law live with me.
редакция	editorship, editorial office,  editorial staff	Где находится редакция газеты µВечерний Петербург¶?|Where is the editorial office of the newspaper ‘Vecherny Peterburg’?
нечто	something	Есть нечто загадочное в ее лице.|There’s something mysterious in her face.
планета	planet	Быстрее всех и ближе всех к Солнцу движется планета Меркурий.|Mercury is moving faster and closer towards the sun than any other planet.
обратно	back	Я прочитаю книгу и отдам обратно.|I’ll read the book and give it back.
толпа	crowd	У самого выхода из метро ее окружила толпа подростков.|A crowd of teenagers surrounded her right by the Metro exit.
здоровый	healthy, robust	Тут перед ними садится здоровый лысый мужик.|A strapping bald-headed man is sitting down in front of them.
поколение	generation	Дети вырастают, одно поколение сменяет другое.|Children grow up and one generation replaces another.
приниматься	set to, start	Нам пора приниматься за работу.|It’s time that we set to work.
реакция	reaction	Видимо, это была реакция организма на опасность.|This was evidently the body’s reaction to danger.
вероятный	likely	Он наиболее вероятный кандидат на пост главы правительства.|He’s the most likely candidate for the head of state.
умный	clever, smart	Наш противник умный человек, но жадный.|Our enemy is a smart but greedy man.
вступать	join in, step into	Я вступил в партию µЯблоко¶ после ее поражения на выборах 2003 года.|I joined the Yabloko party following its defeat in the 2003 elections.
механизм	mechanism	Удобный механизм поиска позволит быстро отыскать нужный адрес.|The convenient search mechanism enables you to quickly find the necessary address.
птица	bird	В темном небе закричала птица.|A bird chirped in the dark sky.
сквозь	through	Неужели вы на самом деле видите сквозь стены?|Can you really see through walls?
жертва	sacrifice, victim	Мы уже создали 17 кризисных центров для женщин — жертв насилия.|We have already set up 17 crisis centres for women who are the victims of violence.
хозяйство	house, sector	Работа в сельском хозяйстве оплачивается очень низко.|Work in the agricultural sector is very poorly paid.
ученик	pupil	Он — лучший ученик в классе.|He’s the best pupil in the class.
подтверждать	confirm	Свидетели подтвердили слова потерпевшего.|Witnesses confirmed the victim’s story.
достижение	achievement	Для меня радиоприемник — великое достижение, для вас — привычный предмет в комнате.|For me the radio  is a great achievement; for you it’s just an everyday household object.
организм	organism	Известно, что человеческий организм почти на 65% состоит из воды.|It is known that the human body is made up of almost 65% water.
заявление	application, statement	Российская сторона пока никак не прокомментировала заявление эстонского министра.|Russia is yet to comment about the statement made by the Estonian minister.
бутылка	bottle	Я купил большую бутылку кока-колы.|I bought a big bottle of Coca-Cola.
святой	saint	В этих нишах помещались статуи святых.|Statues of saints were placed in these bays.
вверх	up	Руки вверх! Вы арестованы!|Hands up! You’re under arrest!
удивляться	be surprised	Мама удивилась его просьбе.|Mum was surprised at his request.
уехать	leave, go	Моя мать уехала домой.|My mum went home.
знакомиться	meet, get to know	Учащиеся знакомятся с историей своего города.|The students are getting to know the history of the town.
рисунок	drawing	Смотрите, какой у меня рисунок красивый получается!|Look how well my drawing has turned out!
покидать	leave	Мы вынуждены были навсегда покинуть родину.|We were forced to leave our homeland forever.
прежний	previous	Вы были знакомы с прежним владельцем дома?|Did you know  the previous owner of the house?
музей	museum	Музей вызывает интерес туристов своей изумительной коллекцией ковров.|The museum appeals to tourists thanks to its amazing collection of carpets.
мозг	brain	Человеческий мозг — вещь более совершенная, чем любой самый мощный процессор.|The human brain is more advanced than any of the most powerful processors.
официальный	official	Мы должны получить еще официальное сообщение от банка Греции.|We should also receive an official statement from the Bank of Greece.
улыбка	smile	Она уснула со счастливой улыбкой.|She fell asleep with a happy smile on her face.
дождь	rain	Я думаю, что к вечеру дождь не кончится.|I don’t think that the rain will stop by the evening.
польза	benefit	Это принесет пользу всему обществу.|It will benefit the whole of society.
состояться	take place	Единственный концерт состоится 7 апреля в московском клубе µБ2¶.|The only concert is on the 7th of April in the Moscow ‘B2’ club.
трудный	difficult	Перед жюри стояла трудная задача выбрать победителя.|The panel faced the difficult task of picking a winner.
бабушка	grandmother	Меня воспитывала бабушка.|I was brought up by my grandmother.
хлеб	bread	Путники позавтракали свежим хлебом с сыром и отправились дальше.|The travellers ate fresh bread and cheese for breakfast and moved on.
испытывать	feel, test	После того как вещества прошли успешную проверку на животных, их начинают испытывать на людях.|Once the substances have been successfully tested on animals, they are tested on humans.
восток	east	Наш корабль шел с запада на восток.|Our ship travelled from west to east.
полагать	suppose, believe	Это обвинение, как полагают эксперты, поддержит фракция КПРФ.|Experts believe that the charge will be supported by Communist deputies.
домашний	home	Наташа не успела выполнить домашнее задание.|Natasha didn’t manage to do her homework.
сегодняшний	today’s	Итак, представим участников сегодняшнего разговора.|So, let us introduce the participants in today’s conversation.
собственно	actually	Это, собственно, то, ради чего и создавалась наша компания.|This is actually why our company was created.
получение	receipt, getting	Сколько времени занимает получение визы?|How long does it take to get a visa?
помещение	room	Помещение действительно громадное.|The room is really enormous.
опасный	dangerous	Все такие ситуации потенциально опасны для пациента.|Any situation like this is potentially dangerous for the patient.
доля	share, part, deal	Ты уже решил, что будешь делать со своей долей сокровищ?|Have you already decided what you are going to do with your share of the treasure?
согласно	according to, by	Согласно закону, эти фирмы имеют значительные льготы по налогам.|By law, these firms have considerable tax benefits.
тень	shadow, shade	Тени вагонов бегут по невысокой траве.|The shadows of the carriages are running along the short grass.
богатый	rich	У меня красивый, молодой, богатый муж.|I have a handsome, young and rich husband.
морской	sea	Мы провели весь день на морском берегу.|We spent the whole day at the seaside.
учить	teach, learn	Я начала учить английский язык.|I’ve started to learn English.
возвращать	return	Эту книгу надо возвратить владельцу.|This book needs to be returned to its owner.
вырастать	grow (up), increase	Я вырос в многодетной семье.|I grew up in a large family.
инструмент	instrument, tool	Электрик принес чемоданчик с инструментами.|The electrician brought his toolbox.
нарушение	violation	Это нарушение закона.|This is a violation of the law.
лидер	leader	Лидеры государств поддержали это предложение.|State leaders supported the proposal.
комитет	committee	Недавно эта же проблема обсуждалась в Комитете по строительству.|This very problem was discussed not long ago by the Construction Committee.
слава	glory, fame	Присуждение Нобелевской премии принесло исследователю всемирную славу.|The researcher received international fame having been awarded the Nobel Prize.
содержать	contain, keep	С каждым годом папе все труднее становилось содержать семью.|Every year dad found it harder to keep the family together.
отсюда	from here	Мне не хочется отсюда уезжать.|I don’t want to move away from here.
фигура	figure	Он и в старости сохранял атлетическую фигуру.|He kept his athletic figure even when he got old.
просыпаться	wake up	Я рано просыпаюсь.|I wake up early.
лагерь	camp	Однажды Андрей сбежал из летнего лагеря, потому что ему там не понравилось.|Andrey once ran away from summer camp because he didn’t like it there.
кожа	skin, leather	Они перестали носить одежду и обувь из натуральной кожи и меха.|They stopped wearing clothes and shoes made from natural leather and fur.
след	trace, footprint	На грядках отпечатались свежие следы мужской обуви.|There were recent footprints from a man’s shoes in the flower beds.
собственность	property	В этой стране вся земля является собственностью государства.|All land in this country is state property.
ужас	horror	Папа пришел в ужас от моего решения.|Dad was horrified by my decision.
раздел	division, branch	Этот раздел математики мы еще не изучали.|We still haven’t studied this branch of mathematics.
назначать	set, arrange, appoint	Меня с февраля назначают начальником цеха.|I’m going to be appointed head of the section from February.
реализация	realization, implementation,  marketing, sales	Поставленные задачи нужно решать в рамках реализации Национальной программы развития туризма.|These tasks should be worked out through the implementation of the National Tourism Development Programme.
зависимость	dependence, addiction	Этот препарат вызывает тяжелую лекарственную зависимость.|This drug is highly addictive.
потеря	loss	У нее многочисленные переломы, большая потеря крови.|She has multiple fractures and significant blood loss.
реальность	reality	Он оказался плохо подготовлен к грубой реальности милицейской жизни.|He was ill-prepared for the harsh reality of life in the police force.
привлекать	attract	Этот загадочный человек привлек мое внимание.|This enigmatic person caught my attention.
привыкать	get used	Я не могу привыкнуть к здешней пище.|I can’t get used to the food here.
собрание	meeting, collection	Центральной картиной собрания музея является полотно Рембрандта µНочной дозор¶.|The main piece in the museum’s collection is Rembrandt’s ‘Night Watch’ .
экран	screen	Он посмотрел на экран компьютера.|He looked at the computer screen.
пост	post, station, fast, (blog) post, duty	Автор поста слабо знает правила дорожного движения.|The author of the post knows little about the rules of the road.
здравствовать	hello, long life	Да здравствует независимая пресса!|Long live the independent press!
зима	winter	В тот год зима была очень холодная.|Winter was very cold that year.
разрабатывать	develop, work out	Нам нужно разработать план действий.|We need to work out a plan of action.
поздно	late	Сегодня я приду поздно.|I’ll be late today.
урок	lesson	Первый урок начинается в 8.30.|The first lesson starts at 8:30.
активный	active	Алена — активный и общительный ребенок.|Alena is an active and sociable child.
переход	crossing, transition	Переход от полной тьмы к яркому свету оказался совершенно неожиданным.|The transition from complete darkness to bright light was completely unexpected.
кровать	bed	Он спит на кровати.|He’s sleeping on the bed.
вино	wine	Он протянул стакан, чтобы ему налили еще вина.|He extended his glass so that he could get some more wine.
секс	sex	&реднестатистический житель Земли в прошедшем году занимался сексом 103 раза.|The average human being had sex 103 times last year.
комплекс	complex	Девятиэтажный гостиничный комплекс включает 256 номеров.|The nine-floor hotel complex has 256 rooms.
родина	homeland	Он никогда не вернется на родину.|He will never return to his homeland.
звучать	sound	Ее голос звучал спокойно.|Her voice sounded calm.
колено	knee	Бабушка, стоя на коленях, молится перед иконой.|Grandma is kneeling and praying before the icon.
зона	zone	Необходимо срочно вывезти пострадавшего из опасной зоны.|We need to get the victim out of the danger zone immediately.
выделять	release, allot	Средства на их приобретение были выделены из местного бюджета.|Funds for their acquisition were allotted from the local budget.
электронный	electronic	Компьютеры, радиоприемники, телевизоры и другие электронные приборы прочно вошли в наш быт.|Computers, radios, televisions and other electronic appliances have become a standard part of our everyday life.
издание	publication	Это очень интересное ежедневное издание о культуре, политике, обществе.|It is a very interesting daily publication about culture, politics and society.
появление	appearance	Он был удивлен моим неожиданным появлением.|He was surprised at my sudden appearance.
еврей	Jew	Не все евреи так думают.|Not all Jews think like that.
резко	sharply	Железнодорожные тарифы резко возрастут.|Rail tariffs are set to rise sharply.
акт	act, regulation	Ответственность за террористический акт взяла на себя та же группировка.|The same group has taken responsibility for the terrorist act.
разговаривать	talk	И с кем это Петр так долго разговаривает по телефону?|Who is  it that Petr has been talking to for so long on the telephone?
редко	rarely	Я с ним редко встречаюсь.|I rarely  see him.
поговорить	talk	Может быть, мы поговорим о делах позже?|Maybe we can talk shop later?
разрешать	allow, solve	Мы разрешаем детям все.|We allow our children everything.
признак	sign	Это признак приближения весны.|This is a sign that spring is on its way.
истина	truth	Поэтому такое положение несправедливо и не соответствует истине.|That is why such a situation is unfair and untrue.
этаж	floor	Моя квартира находится на последнем этаже 5-этажного дома.|My flat is on the top floor of a five-floor house.
замечательный	remarkable	Первого апреля день рождения замечательного детского писателя Корнея Ивановича Чуковского.|The 1st of April is the birthday of the remarkable children’s author Korney Ivanovich Chukovsky.
требоваться	need	Нам требуется помощь.|We need  help.
плакать	cry	Дети плакали от усталости.|The children cried from tiredness.
потребность	need	При беременности возрастает потребность в железе, особенно в последние месяцы.|During pregnancy more iron is needed, especially in the later months.
бюджет	budget	Поступления в местный бюджет увеличились на 11% по сравнению с прошлым годом.|Funds to the local budget have gone up by 11% compared to last year.
долг	debt, duty	Это мой долг как адвоката.|It’s my duty as a lawyer.
храм	temple	Можно ли девушке входить в храм с непокрытой головой?|Can a girl enter the temple without her head being covered?
князь	prince	Князь прекрасно описал самые захватывающие моменты из жизни российских монархов.|The prince wonderfully described the most exciting moments in the life of the Russian monarchs.
заходить	come in, drop by	Будете в Волгограде — заходите.|Drop by if you come to Volgograd.
опасность	danger	Ему угрожает серьезная опасность.|He is in serious danger.
депутат	deputy	Я не сомневаюсь, что депутаты поддержат этот закон.|I don’t doubt that deputies will support this bill.
кивать	nod	Она утвердительно кивает головой.|She’s nodding her head in approval.
честь	honour	Они вели серьезные разговоры о флоте, о чести, о долге.|They held serious discussions about the navy, honour and duty.
учёт	accounting	Аудит и бухгалтерский учет заинтересовали Светлану задолго до появления собственного бизнеса.|Svetlana was interested in auditing and accounting long before she started her own business.
коллега	colleague	Мы поддерживаем переписку с коллегами из-за рубежа.|We maintain correspondence with colleagues from abroad.
главное	the main thing	Сейчас для меня самое главное — мои дети.|My children are the main thing for me now.
милый	cute, lovely	Ой, какой милый щенок!|Oh, what  a lovely puppy!
зарабатывать	earn	Он много работает и хорошо зарабатывает.|He works hard and earns a lot of money.
предполагать	assume	Вот хороший пример: предположим,  что вы пришли в ресторан пообедать.|Here is a good example: let’s assume that you’ve come to the restaurant to have lunch.
категория	category, class	Данный товар относится к категории технически сложных.|This product is classified as technically sophisticated.
приказ	order	Солдаты выполнили приказ.|The soldiers carried out the order.
администрация	administration	Мы уже обращались с этой просьбой в городскую администрацию.|We’ve already appealed to the municipal administration.
глубина	depth	Максимальная глубина бассейна — 4 м, минимальная — 1 м.|The maximum depth of the pool is 4 m, the minimum – 1 m.
полёт	flight	Наш полет проходит на высоте 10 тысяч метров со скоростью 900 километров в час.|We are flying at 10 thousand metres and at 900 kilometres per hour.
традиционный	traditional	В последний день марта состоится традиционная встреча выпускников нашей школы.|The traditional meeting of graduates from our school is on the last day of March.
эффект	effect	В 17 случаях из 20 лечение дало положительный эффект.|In 17 of  20 cases the treatment had a positive effect.
уничтожать	destroy, wipe out	Этот вирус уничтожает все файлы на диске С.|This virus wipes all files on the C drive.
решаться	hesitate, be resolved	Сегодня решается судьба его дочери.|Today the fate of his daughter is being resolved.
торговый	trading, shopping	В нашем районе открылся новый торговый центр.|A new shopping centre has opened in our area.
описание	description	Судя по описанию внешности, этим человеком был капитан Высоковский.|Judging by the description of how he looked, this person was Captain Vysokovsky.
риск	risk	У курильщиков повышается риск заболевания раком.|Smokers are at greater risk of contracting cancer.
подруга	friend (female)	Она рассказала про свою школьную подругу.|She told us about her school friend.
горячий	hot	Мы их напоили горячим чаем.|We gave them hot tea to drink.
лошадь	horse	Все вскочили на лошадей.|Everyone jumped on their horses.
коридор	corridor	Они шли по коридору.|They walked along the corridor.
капитал	capital	Она рассчитывает в дальнейшем удвоить капитал.|She expects to double her capital in the future.
конкурс	competition	Наш журнал объявляет конкурс для читателей.|Our journal is announcing a competition for its readers.
партнёр	partner	Он мой близкий друг и надежный деловой партнер.|He’s my close friend and a reliable business partner.
поворачиваться	turn	Вся толпа повернулась в его сторону.|The entire crowd turned in his direction.
исключение	exception, expulsion	После исключения из университета меня забрали в армию.|I was drafted into the army after I’d been expelled from school.
ночной	night	Вчера я был в ночном клубе.|I went to a nightclub yesterday.
весна	spring	Скоро придет весна.|It will soon be spring.
красота	beauty	Лика была девушка необыкновенной красоты.|Lika was a girl of exceptional beauty.
черта	line, feature	Какая черта характера вам в себе не нравится?|Which feature of your personality do you dislike?
тридцать	thirty	Прошло тридцать минут.|Thirty minutes passed.
возле	by, near	Встретимся в 5 часов возле памятника Пушкину.|Let’s meet at 5 o’clock by the Pushkin memorial.
схема	scheme	Наши эксперты всегда предлагают схему кредитования с учетом дохода клиента.|Our experts always suggest a crediting scheme that takes into account clients’ income.
рыба	fish	Здесь запрещено ловить рыбу.|Fishing is forbidden here.
суметь	manage	Вы сумеете найти обратную дорогу?|Will you manage to find the way back?
опубликовать	publish	Журнал µФото и видео¶ опубликовал мою статью.|The journal ‘Foto i video’ published my article.
глубоко	deep(ly)	А теперь глубоко вдохните.|And now take a deep breath.
сдавать	give, let, return, betray (slang)	Его попросили сдать книги в библиотеку.|He was asked to return the books to the library.
точный	exact	Точная дата его рождения неизвестна.|His exact date of birth is unknown.
прибывать	arrive	Поезд прибывает к первому пути.|The train is arriving at platform one.
присылать	send	Но вскоре мальчика Сашу прислали обратно в Киев.|But the boy Sasha was soon sent back to Kiev.
трубка	tube, telephone receiver	Телефонная трубка выпала у меня из рук.|The telephone receiver slipped from my hands.
останавливать	stop	Водитель остановил автобус.|The driver stopped the bus.
говориться	be said, be discussed	Об этом подробно говорится в главе 5.|This is discussed in detail in Chapter 5.
аппарат	apparatus, equipment	Все перечисленные медицинские аппараты являются дорогостоящими.|All the mentioned medical equipment is expensive.
садиться	sit down	Иди сюда и садись на стул.|Come here and sit down on the chair.
восточный	eastern	Классификация болезней в восточной медицине принципиально иная, нежели в западной.|The classification of diseases in eastern medicine is fundamentally different than in western medicine.
открытие	opening, discovery	Ученые сделали сенсационное открытие в биохимии.|Scientists made a sensational discovery in biochemistry.
знаменитый	famous	Он стал знаменитым писателем.|He became a famous writer.
стихи	poetry	Я хочу напечатать свои стихи.|I want to publish my poetry.
тёплый	warm	Вечер был теплый и тихий.|The evening was warm and quiet.
чудо	miracle	И свершилось чудо — принц ожил.|A miracle happened – the prince came back to life.
включать	include, turn on	Включи телевизор, пожалуйста.|Turn on the television, please.
фамилия	surname	Я не помню ее фамилию.|I don’t remember her surname.
бросаться	throw	Эй, кто там бросается камнями?|Hey, who’s throwing stones over there?
ключ	key	Только у нас двоих есть ключ от сейфа.|Just the two of us have a key to the  safe.
заключаться	consist, be	Я хотел напомнить, в чем заключается отличие между этими явлениями.|I wanted to remind you what the difference is between these phenomena.
кресло	armchair	Я опустился в удобное кресло.|I sat down in the comfortable armchair.
тихий	quiet	Ее тихий голос успокаивал меня.|Her quiet voice put me at ease.
выводить	take out, lead out	Прежде чем начать выводить щенка на улицу, надо провести ему курс вакцинации.|You should have puppies vaccinated before you start taking them outside.
разница	difference	Между ними слишком большая разница в возрасте.|There’s too big an age difference between them.
чей	whose	Интересно, чей это кошелек?|I wonder whose wallet this is.
восемь	eight	Встречаемся у вас в восемь.|We’re meeting at your place at eight o’clock.
взглядывать	look at	Люда удивленно взглянула на учительницу.|Lyuda looked at the teacher with surprise.
присутствовать	present	Он не присутствовал при допросе убийцы.|He wasn’t present while the killer was being interrogated.
министерство	ministry	Конкурс µЧудеса детского творчества¶ проводится при поддержке Министерства культуры.|The ‘Wonders of Children’s Art’ competition is supported by the Ministry of Culture.
кино	film	Интересное кино посмотрел?|Was it  an interesting film?
неожиданно	unexpected(ly)	Неожиданно раздался громкий треск и обвалилась часть потолка.|There was an unexpected loud bang and part of the ceiling caved in.
кончаться	finish, run out	У нас кончается бензин.|We’ve almost run out of petrol.
медицинский	medical	Вы оказали ей медицинскую помощь?|Did you provide her medical assistance?
штат	staff, state	Сегодня в индийском штате Джамму и Кашмир получил ранения 31 человек.|31 people were injured today in the Indian state of Jammu and Kashmir.
налог	tax	Мы платим налоги.|We pay taxes.
захотеть	want	А потом Боря захотел в туалет.|And then Borya wanted to go to the toilet.
сведение/сведение	information   (the first syllable stressed), resolution  (the second syllable stressed)	В письме содержались сведения семейно-бытового характера.|The letter contained information about family and community.
конфликт	conflict	По этой причине часто возникают конфликты.|This is why conflicts often arise.
культурный	cultural	Петербург по-прежнему культурная столица России.|St Petersburg is still the cultural capital of Russia.
середина	middle	Выставка продлится до середины марта.|The exhibition is on until the middle of March.
подарок	gift	Какой самый оригинальный подарок ты получал?|What’s the most original gift that you’ve received?
прекрасно	fine, perfectly, well	Я ее прекрасно знаю, она раньше у нас работала.|I know her very well; she used to work for us.
предыдущий	previous	А теперь перечитай предыдущий абзац.|And now read the previous paragraph again.
ранний	early	Стояла ранняя весна.|It was early spring.
расчёт	calculation	Неужели я ошибся в своих расчетах?|Surely I haven’t got my calculations wrong?
запах	odour, aroma	Я ощутил знакомый запах духов.|I could sense the familiar aroma of perfume.
ездить	ride, travel	Я постоянно езжу по разным странам.|I constantly travel to different countries.
пожалуй	I think, probably	Ты, пожалуй, прав, это роза.|I think you’re right: it’s a rose.
преступление	crime	Все указывало на то, что оба преступления совершил один и тот же человек.|Everything suggested that both crimes had been carried out by the same person.
терять	lose	Я трижды теряла ключи от квартиры.|I’ve lost the keys to the flat three times.
обращение	appeal, appointment	В тяжелых случаях необходимо обращение к врачу.|In severe cases you should make an appointment to see a doctor.
бедный	poor	Я рос в бедной семье.|I grew up in  a poor family.
камера	camera, cell	Он провел три месяца в переполненной камере|He spent three months in an overcrowded cell.
внутри	inside	Что находится внутри этой коробки?|What’s inside the box?
рад	happy, glad	Я был очень рад Вашему письму.|I was happy to receive your letter.
столица	capital	Чемпионат мира 1969 года проходил в столице Кубы Гаване.|The 1969 World Championship took place in the Cuban capital Havana.
менять	change	Русское Радио-2 меняет название.|Russian Radio-2 is changing its name.
торговля	trade	В последнее время торговля идет не очень успешно.|Trade hasn’t been very successful recently.
больница	hospital	Ее состояние ухудшилось и она попала в больницу.|Her condition became worse and she ended up in hospital.
тайна	mystery, secret	Воскресение из мертвых — великая тайна.|Resurrection is a great mystery.
эпоха	epoch, era	В Европе наступила эпоха Возрождения.|The Renaissance era began in Europe.
запрещать	prohibit	Надо ли запрещать рекламу пива?|Should the advertising of beer be prohibited?
почему-то	for some reason, somehow	Его жена почему-то не поверила этой истории.|His wife somehow didn’t believe this story.
литературный	literary	В литературный язык входит новая терминология: компьютерная, спортивная, финансовая.|New terminology (from computing, sport and finance) is entering the literary language.
выполнение	accomplishment, doing	У вас возникали трудности при выполнении домашнего задания?|Did you have any difficulties doing your homework?
выставка	exhibition	В Москве прошла Международная выставка городской моды µДжинсы¶.|The international exhibition of urban fashion ‘Jeans’ was held in Moscow.
научиться	learn	Я научилась плавать.|I learned to swim.
выпуск	edition, production	Компания намерена наладить серийный выпуск таких автомобилей к началу следующего года.|The company intends to establish serial production of these cars by the start of next year.
протягивать	give, stretch	Адвокат протянул руку и нажал кнопку автоответчика.|The lawyer stretched out his arm and pressed a button on the answering machine.
уважение	respect	Он потерял уважение одних, но заслужил уважение других.|He lost the respect of some, but gained the respect of others.
задумываться	think deeply	Все это заставило меня глубоко задуматься.|All of this got me to think deeply.
вносить	bring in	Лиза внесла в комнату поднос с кофейником и чашками.|Lisa brought  a tray with a coffee pot and some cups into the room.
буква	letter	Даша уже знает буквы µо¶, µд¶ и µм¶.|Dasha already knows the letters ‘o’ , ‘d’ and ‘m’ .
последствие	consequence	Маленькие дети не могут оценивать возможные последствия своих действий.|Young children are unable to appreciate the possible consequences of their actions.
понятно	clear(ly)	Я вам понятно объяснил?|Did I explain it to you clearly?
творческий	creative	Между нами установились отношения не мастера и ученика, а двух творческих личностей, коллег.|Our relationship wasn’t one of a master and his pupil but one of two creative beings, colleagues.
изображение	image, picture	Учительница расставила на доске картинки с изображениями животных.|The teacher put pictures of animals on the board.
материальный	material	В нашем мире материальному благополучию уделяется основное внимание.|In our world most attention is given to material well-being.
учебный	learning, training	Роль библиотекаря — быть помощником в учебном процессе.|A librarian’s role is to assist in the learning process.
заключение	setting up, conclusion,  imprisonment	Ей дали шесть месяцев тюремного заключения.|She was given six months in prison.
признаваться	confess	Преступник признался в краже драгоценностей.|The criminal confessed to stealing the jewellery.
похоже	it seems that, it looks like	Да, похоже, что это и боссу было известно.|Yes, it seems that even the boss knew about it.
железный	iron	Полина снова стала стучать в железную дверь.|Polina once again knocked on the iron door.
деталь	detail, part	Они рассказывали, дополняя друг друга и уточняя детали.|They spoke, complementing one another and clarifying the details.
серый	grey	В дверях он столкнулся с человеком в сером костюме.|He bumped into a man wearing a grey suit in the doorway.
автобус	bus	Последний автобус в аэропорт отправляется в 21.30.|The last bus to the airport leaves at 21:30.
воспоминание	remembrance,   memory	На старика снова нахлынули воспоминания.|Memories of the old man came flooding back.
человечество	humanity, mankind	Историки утверждают, что история человечества — это череда больших и малых войн.|Historians claim that the history of mankind is the alternation of major and minor wars.
корпус	block, building, body, corps,  corpus (linguistics)	В западном и южном корпусах гостиницы намечен ремонт 675 номеров.|675 rooms in the south and west blocks of the hotel are to be refurbished.
вкус	taste, flavour	Это придаст напитку необычный вкус.|This gives the drink an unusual taste.
заседание	meeting	11 ноября состоится заседание специальной комиссии в Госдуме.|There will be a meeting of a special committee in the State Duma on the 11th of November.
спустя	later, after	Больной уходит, мгновение спустя раздается грохот.|The patient leaves, and a moment later a clatter is heard.
миллиард	billion	Ученые говорят, что Вселенная существует около 20 миллиардов лет.|Scientists say that the Universe has existed for 20 billion years.
недостаток	disadvantage, shortage	Для всех очевидно, что в стране недостаток продовольствия.|It is obvious to everyone that there is a food shortage in the country.
держаться	hold, keep	Ему посоветовали держаться правой стороны.|He was advised to keep to  the right.
заранее	beforehand, earlier	Билет на поезд до дома я купил заранее.|I got my train ticket home beforehand.
перспектива	perspective	Для женщин Афганистана открылись новые перспективы.|There are new perspectives for Afghan women.
отделение	department, separation	Он напомнил, что отделение церкви от государства прописано в Конституции.|He reminded us that the separation of the church from the state was written in the Constitution.
ссылка	reference, exile	Он был отправлен в ссылку.|He was sent into exile.
конференция	conference	В Тбилиси проходила конференция µОптимизм советской литературы¶.|A conference on the theme ‘Optimism in Soviet Literature’ took place in Tbilisi.
дарить	present	В Новый год все друг другу дарят подарки.|Everyone gives presents to each other at New Year.
спускаться	descend	Солнце спускалось за горизонт.|The sun descended beyond the horizon.
спасти	rescue, save	Вакцины спасли человечество от многих опасных инфекционных заболеваний.|Vaccines have saved mankind from many dangerous infectious diseases.
разрешение	permission, resolution	Мониторы с высоким разрешением всегда удобнее для глаз.|High-resolution monitors are always better for your eyes.
тяжело	hard, heavily	Автомобиль тяжело нагружен.|The car was heavily loaded.
мощный	powerful	У меня есть моторная лодка с очень мощным двигателем.|I have  a motorboat with a very powerful engine.
обед	lunch	Он заплатил за обед.|He paid for lunch.
угроза	threat	Существовала серьезная угроза целой улице, но пламя благополучно погасили.|The whole street was under serious threat, but fortunately they managed to extinguish the fire.
изучение	study, research	Он внес большой вклад в изучении растений Арктики.|He has made  a considerable contribution to research on Arctic plants.
производить	produce	Сегодня компания производит богатый ассортимент молочных продуктов.|Today the company produces a wide range of dairy products.
просьба	request, ask	0ама Сергея обратилась к нам с просьбой помочь ее четырнадцатилетнему сыну.|Sergey’s mum asked us to help her fourteen-year-old son.
эффективный	effective	Это очень эффективный метод.|This is a very effective method.
набирать	gain, recruit, dial, fill	Несколько раз она набирала номер Вадима.|She dialed Vadim’s number several times.
вход	entrance, log-in	Моя квартира имеет отдельный вход.|My flat has a separate entrance.
нижний	lower, bottom	Лифт стоял на нижнем этаже.|The lift was on the bottom floor.
отряд	group, squad	Через несколько месяцев Беляева зачислили в отряд космонавтов.|A few months later Belayev was enlisted among a group of cosmonauts.
скажем	let us say, say	Стоит ли отправлять в летний лагерь маленьких детей, скажем, пятиклассников?|Is it worth sending young children, say, those in year five to summer camp?
южный	southern	Нас отправляют на южный полюс для проведения исследований.|We are being sent to the South Pole to carry out research.
телевизор	television	Они вообще не смотрят телевизор.|They don’t watch television at all.
водка	vodka	Он выпил водки, закурил и сел у окна.|He drank some vodka, lit a cigarette and sat down by the window.
вес	weight	Сейчас мой вес 61 кг.|My current weight is 61 kg.
дед	grandfather	Их деды воевали на фронтах Великой Отечественной.|Their grandfathers fought on the front line during the Second World War.
пропадать	disappear, be lost	У Михаила Николаевича пропали ключи от сейфа.|Mikhail Nikolaevich has lost the keys to the safe.
вздыхать	sigh	Он ностальгически вздыхает по недавнему прошлому.|He sighs nostalgically about the recent past.
следить	watch	Я хочу, чтобы вы следили за моим мужем день и ночь.|I want you to watch my husband day and night.
сорок	forty	Прошло сорок дней.|Forty days passed.
повышение	rise, promotion	Сидоров вместо меня пошел на повышение.|Sidorov was promoted instead of me.
захватывать	grip, capture, take	Когда поедешь в Москву, захвати с собой эту фотокарточку.|When you go to Moscow take this photograph with you.
крыша	roof, head (slang)	Старая крыша прохудилась.|The old roof leaked.
звонок	bell, ring	В этот момент раздался звонок в дверь!|At that moment the doorbell rang!
продолжаться	continue	Бой продолжался до наступления темноты.|The battle continued until it got dark.
печать	stamp, print, printing	Она ставит печать и вручает документы мне.|He stamps the documents and then hands them to me.
радио	radio	По дороге он все время слушает радио.|He listened to the radio all the way.
контакт	contact	Сейчас вы поддерживаете контакты с Владимиром?|Are you currently in contact with Vladimir?
истинный	true, real	Истинная причина его упрямства была в другом.|The real reason for his obstinacy was something else.
неужели	really	Неужели вы все это сделали сами?|Have you really done all this yourself?
дама	lady	В один прекрасный день в холле отеля к ним подошла некая дама.|One wonderful day a woman approached them in the hotel lobby.
мягкий	soft	Глеб устроился в мягком кресле.|Gleb made himself comfortable in the soft armchair.
газ	gas	Там имеются довольно большие запасы нефти и природного газа.|There are quite substantial reserves of oil and natural gas there.
творчество	creation, work	Ее творчество оказало на меня огромное влияние.|Her work had a huge influence on me.
художественный	artistic, literary	На эту тему написано много художественных произведений.|Many literary works have been written on this theme.
готовить	prepare, make	Сейчас я пойду готовить ужин.|I’m going to make dinner now.
избегать	avoid	Мы делаем все, чтобы избежать конфликта.|We are doing everything to avoid conflict.
посещать	visit, attend	Профессор не часто посещал церковь.|The professor rarely attended church.
четвёртый	fourth	Я живу на четвертом этаже.|I live on the fourth floor.
поверхность	surface	Солнечный свет блестел на поверхности озера.|Light from the sun glistened on the surface of the lake.
брак	marriage, defect	Экспертиза выявила заводской брак в стиральной машине.|The examination revealed a factory defect in the washing machine.
забирать	pick up	Я не успеваю забрать дочь из школы.|I don’t have time to pick up our daughter from school.
вечный	eternal	Есть ли вечная любовь?|Is there such a thing as eternal love?
пускать	let	Зачем ты пускаешь в дом таких людей?|Why do you let people like that into the house?
ах	oh	Ах, какой прекрасный спектакль!|Oh, what a wonderful show!
мероприятие	event, measure	Врачи проводят мероприятия по борьбе с эпидемией.|Doctors are taking measures to combat the epidemic.
доступ	access	Наша библиотека оборудована компьютерами с доступом в Интернет.|Our library is fitted with computers that have Internet access.
установка	setting, installation	По желанию клиента производится установка дополнительного оборудования.|Additional hardware can be installed at the client’s request.
случайно	by chance	Таня и Юра случайно встретились в транспорте и больше уже не расставались.|Tanya and Yura met by chance on public transport and have been together ever since.
мужской	male, men’s	На нижнем этаже есть отдел мужской одежды.|The men’s clothing section is on the lower floor.
свойство	feature	Отличительное свойство архитектуры петровского времени — ее разностильность.|A distinctive feature of architecture from Peter I’s time is its variety of styles.
беседа	conversation	Да, интересная у нас беседа вышла.|Yes, our conversation turned out to be an interesting one.
стекло	glass	Вы своми глазами увидите ручное производство изделий из стекла.|You will see the manual production of glass products.
бороться	struggle	Ивану Алексеевичу пришлось бороться за выживание.|Ivan Alekseevich had to struggle for survival.
ресурс	resource	Молдова богата природными ресурсами, которые делают страну невероятно плодородной сельскохозяйственной местностью.|Moldova is rich in natural resources, which make the country a highly fertile agricultural area.
гореть	burn, be on	Во всей квартире темно, но на кухне горит свет.|It’s dark throughout the flat, but a light is on in the kitchen.
лишний	superfluous, unnecessary	Очень много лишней работы приходится делать.|A lot of unnecessary work needs to be done.
связанный	connected to, tied	Его руки были туго связаны за спиной.|His hands were tied behind his back.
задание	task, assignment	Вы можете отказаться от этого опасного задания.|You may refuse to do a dangerous assignment.
реформа	reform	Вы не считаете, что пенсионная реформа провалилась?|Do you think that the pension reform was a failure?
свежий	fresh	Нас накормили свежим хлебом.|They gave us fresh bread.
обязанность	duty	Мы распределили обязанности каждого члена команды.|We designated duties for each member of the team.
отечественный	domestic, patriotic	Целью таких мер является защита отечественного производителя.|These measures are intended to protect the domestic manufacturer.
выдерживать	endure, withstand	Женщине-руководителю сложнее выдерживать нагрузки, чем мужчине.|Female leaders find it harder to withstand the workload than male leaders.
повторять	repeat	Повторите упражнение 10 раз.|Repeat the exercise 10 times.
разделять	divide, share	Большинство людей не разделяет его мнение.|Most people don’t share his opinion.
билет	ticket	Предъявите билеты!|Show your tickets!
соединять	connect, join	Необходимо наконец соединить усилия всего человечества.|It’s time that the forces of all mankind were joined.
расход	expense	В 2000 году расходы на здравоохранение составили 3,6% от ВВП.|In 2000 healthcare expenses made up 3.6% of the GDP .
оборудование	equipment	Это оборудование стоит очень дорого.|This equipment is very expensive.
уважаемый	respected	Среди них есть очень уважаемые люди.|There are some very respected people among them.
заключать	conclude	Из этого можно заключить, что вы неграмотны.|From this we can conclude that you are illiterate.
владелец	owner	Его дядя — владелец небольшого магазина.|His uncle is the owner of  a small shop.
увеличивать	increase	Поезд увеличивал скорость.|The train increased speed.
должно	must	Этой суммы должно хватить на билеты.|This sum must be enough for the ticket.
немедленно	immediately	Консул сказал, что немедленно приедет к нам.|The consul said that he would come to us immediately.
семейный	family	Последний год 80% семейного бюджета уходит на продукты.|For the last year 80% of the family income has been spent on food.
дядя	uncle	Оказалось, что это был мой родной дядя.|It turned out to be my own uncle.
крик	scream	Мы услышали крики.|We heard screams.
обходиться	manage, come to	Обед здесь обходится в 300 евро на человека.|Lunch here comes to 300 Euros per person.
честно	honestly	Он говорит, что это честно заработанные деньги.|He says that this is honestly earned money.
сигнал	signal	Тревожный сигнал поступил на пульт дежурного в 0 часов 7 минут.|The alarm signal was sent to the officer on duty at 00:07.
формирование	formation, development	Основная цель семинара — формирование культурных навыков общения.|The main aim of the seminar is to develop cultivated communication skills.
трава	grass	Здесь растет зеленая трава.|Green grass grows here.
исходить	proceed, emanate	Мировая наука делает прогнозы, исходя из нынешних изменений средней температуры Земли.|World scientists make their predictions based on current changes to the average temperature of the Earth.
учреждение	institution	Это государственное учреждение.|This is a state institution.
лечение	treatment	Врач назначит лечение после обследования.|The doctor will determine the course of treatment after the examination.
Китай	China	Эти сувениры из Китая.|These souvenirs are from China.
показатель	indicator, figure	В Британии этот показатель составляет 19,9 евро, в США — 18,8.|In Britain this figure comes to 19.9 Euros, in the USA to 18.8.
замок/замок	castle (the first syllable  stressed), lock (the second syllable stressed)	Ты дверь на нижний замок закрыл?|Have you locked the door at the bottom?
ящик	box, drawer	Он выдвинул правый ящик стола.|He pulled open the right-hand drawer in his desk.
воздействие	effect	Солнечные лучи оказывают разрушительное воздействие на кожу.|Solar rays have a harmful effect on the skin.
обсуждение	discussion	В его миссию входит обсуждение вопроса о прекращении войны.|Part of his mission is to discuss ways of bringing an end to the war.
приказывать	order	Приказываю сложить оружие и сдаться.|I order you to lay down your weapons and surrender.
светлый	light	Это был мужчина лет 30 в очках, светлом деловом костюме и с портфелем.|It was a man around 30 years old, wearing glasses, dressed in a light-coloured business suit and carrying a briefcase.
стул	chair, stool (faeces)	— Присаживайся, — и он указал на свободный стул.|‘Sit down’ , he said and pointed to a free chair.
слегка	slightly	Он был слегка пьян.|He was slightly drunk.
убеждать	convince	Я еле смогла убедить ее пойти к доктору.|I found it hard to convince her to go to the doctor’s.
мимо	past, miss	Главное — не попасть мимо цели.|The main thing is not to miss the target.
уставать	get tired	Я очень устаю к вечеру.|I get very tired towards the evening.
сказка	tale	Дети просили рассказать сказку.|The children asked for a fairy tale.
добираться	reach, get to	Было уже поздно, когда он наконец добрался до дому.|It was very late by the time he finally got home.
обстановка	situation	В последующие дни политическая обстановка серьезно осложнилась.|The political situation became very complicated in the days that followed.
основываться	base	Фильм основан на подлинных событиях.|The film is based on real events.
расстояние	distance	Корабль успел отойти на безопасное расстояние.|The ship managed to move away to a safe distance.
отпускать	let out	Я боюсь отпускать его куда-нибудь одного.|I’m afraid to let him out on his own.
подчёркивать	underline, emphasize	Подобно всем нам, они любят подчеркивать важность своей работы.|Just like anyone else they like to emphasize the importance of their work.
шум	noise	В комнате было очень тихо — уличный шум почти не долетал до четырнадцатого этажа.|It was very quiet in the flat – noise from the street barely made it to the fourth floor.
беда	misfortune, tragedy	Но случилась беда, погиб мой муж.|But a tragedy happened; my husband died.
спокойный	calm	Звучит тихая спокойная музыка.|Quiet, calming music is playing.
упоминать	mention	Об одной из причин мы уже упоминали.|We have already mentioned one of the reasons.
весёлый	cheerful	Из трубки послышался шум, музыка и веселый голосок.|Noise, music and  a cheerful voice could be heard over the phone.
диск	disc	Вы можете записать информацию на лазерные диски.|You can save the data on compact discs.
побеждать	win	В конкурсе победила команда школы ʋ 7.|The team from school number 7 won the competition.
удобный	comfortable, convenient	Вы можете прийти в любое удобное время.|You may come at any time that is convenient for you.
шея	neck	Он надел на шею ярко-красный шарф.|He put a bright red scarf around his neck.
таков	such, that	µНас это не интересует¶, — таков был ответ.|‘This doesn’t interest us’: that  was the reply.
меняться	change	Погода менялась.|The weather was changing.
подготавливать	prepare	Вы подготовили доклад?|Have you prepared your presentation?
ранее	earlier, previously	Москву потрясло невиданное ранее по размаху и наглости ограбление.|Moscow was shocked by looting of a previously unprecedented scale and audacity.
американец	American	Этот молодой американец приехал сюда вчера вечером.|This young American came here yesterday evening.
шанс	chance	Похоже, сегодня у меня появился шанс заработать немного.|It looks as though I’ll have the chance to earn some money today.
развиваться	develop	В России этот бизнес только развивается.|In Russia this business is only just starting to develop.
сохраняться	be preserved	Этот древний храм хорошо сохранился.|This ancient temple has been well preserved.
извинять	forgive, excuse	Ты извини меня, Наташа!|Forgive me, Natasha!
кофе	coffee	Я с удовольствием выпью кофе.|I’d love to have a coffee.
нечего	nothing	Нам нечего есть.|We have nothing to eat.
книжка	book	Вот моя записная книжка.|Here’s my notebook.
действительность	reality	Действительность превзошла мои ожидания.|The reality surpassed my expectations.
чтение	reading	У него стал ослабевать интерес к чтению.|He became less interested in reading.
готовиться	prepare, train	Теперь команда готовится к мировому чемпионату.|The team is currently training for the world championship.
лодка	boat	Восемь дней лодка плыла по морю.|The boat was at sea for eight days.
сутки	day and night	Будем работать 24 часа в сутки.|We will work 24 hours a day.
доставлять	deliver, cause	Я никогда никому не доставлял неприятностей.|I’ve never caused anybody any trouble.
давление	pressure	Нужно срочно проверить давление в шинах.|You need to check your tyre pressure urgently.
мол	he says, she says, etc., apparently	Он, мол, никогда там не был.|He says that he’s never been there.
буквальный	literal	В данном случае необходим именно буквальный перевод.|In this case a literal translation is necessary.
учитывать	consider	Политики не всегда учитывают мнение ученых.|Politicians don’t always consider the opinions of scientists.
убийство	murder	Загадочное убийство совершил человек в маске.|A masked man carried out the mysterious murder.
лестница	stairs	Эта лестница ведет на улицу?|Do these stairs lead out on to the street?
потребитель	consumer	Наша продукция имеет стабильный спрос у потребителей.|Our products are in constant demand from consumers.
вне	beyond, outside	Оставшиеся 24% опрошенных сочли себя вне политики.|The remaining 24% of those surveyed considered themselves beyond politics.
религиозный	religious	В его творчестве присутствовала религиозная тема.|A religious theme was present in his work.
впереди	ahead, in front	Впереди шел командир.|The commander was walking in front.
кусок	piece	Ты съешь еще один кусок торта?|Would like another piece of cake?
стратегия	strategy	Вам очень пригодятся курсы µСтратегия, тактика и практика маркетинга¶.|You would find the ‘Marketing strategy, tactics and practice’ course very useful.
набор	set, recruitment	В сентябре, после принятия военной присяги, курсанты нового набора приступили к учебе.|In September, once they had taken the military oath, the new recruits started their training.
цифра	figure	На экране появилась комбинация букв и цифр.|A combination of letters and numbers appeared on the screen.
достоинство	dignity, advantage	Здесь можно прочитать о достоинствах и недостатках разных моделей внедорожников.|Here you can read about the advantages and disadvantages of various types of off-road vehicles.
серия	episode, series, number	В Иране произошла серия мощных землетрясений.|There were a number of powerful earthquakes in Iran.
осознавать	realize	Мы полностью осознавали опасность, грозившую нашей стране.|We fully realized the danger that our country was in.
верхний	top, upper	Камера находится в верхней части телефона.|The camera is at the top of the telephone.
кадр	frame	На экране замелькали последние кадры фильма.|The last frames of the film flashed on the screen.
основное	the main thing, the most  important thing	Жена и сын — эти два человечка — самое основное в моей жизни.|My wife and son: these two people are the most important thing in my life.
постель	bed	Я улеглась в мягкую постель.|I lay down on the soft bed.
выносить	carry out, bear	Я не вынесу разлуки с любимым!|I can’t bear being separated from my loved ones!
справляться	cope	Я уверена, что вы сами можете справиться со своей задачей.|I’m sure that you’ll be able to cope with the task at hand on your own.
штаб	headquarters	Он служил в штабе полка связным.|He worked as a messenger at the regiment’s headquarters.
рожать	give birth	Она родила девочку.|She gave birth to a girl.
предусматривать	foresee	Все это нужно заранее предусмотреть и записать в договоре.|All this needs to be foreseen and noted in the agreement.
малыш	baby, child	Это был годовалый малыш, еще не научившийся стоять на ногах.|It was a one-year-old child who still hadn’t learned to stand on its feet.
привозить	bring	Еду и напитки гости привезли с собой.|The guests brought food and drinks with them.
внимательный	attentive	Он посмотрел на Владимира долгим, внимательным взглядом.|He gave Vladimir a long, attentive look.
милиция	police	Нужно вызвать сотрудников милиции и прокуратуры, провести экспертизу.|We need to call the police and prosecutors to conduct the examination.
процедура	procedure, treatment	Это не самая дешевая косметическая процедура.|It’s not the cheapest cosmetic treatment.
ожидание	expectation, waiting	На этот раз ожидание затянулось на целый час.|This time we had to wait a full hour.
изучать	learn, study	Он со второго класса изучает английский язык.|He’s been studying English since the second year.
господь	the Lord	К несчастью, господь обделил их умом.|Unfortunately, the Lord deprived them of intelligence.
философия	philosophy	Китайская философия имеет некоторые элементы, которые очень близки учению Святых Отцов.|Chinese philosophy has some elements that are very close to the teachings of the Holy Fathers.
подписывать	sign	Я этот договор не подпишу!|I will not sign this agreement!
еда	food	Они будут спать в палатке и готовить еду на костре.|They will sleep in a tent and cook food on the camp fire.
смех	laughter	Звучала музыка, слышался звонкий смех.|Music was playing, and loud laughter could be heard.
многочисленный	numerous	Самую многочисленную группу образовали военнослужащие в возрасте от 25 до 29 лет.|The most numerous group was made up by soldiers aged between 25 and 29.
громко	loud(ly)	Наш сосед по ночам очень громко включает музыку.|Our neighbour plays really loud music at night.
нарушать	violate	Поступая так, он нарушает закон.|By behaving in this way he is violating the law.
жизненный	vital, life, practical	В словах твоей мамы заключается великая жизненная мудрость.|There is great practical wisdom in your mum’s words.
узкий	narrow	По узкой лестнице мы взобрались на пятый этаж.|We went up the narrow stairs to the fifth floor.
ценный	valuable	У него не было никакого ценного имущества.|He didn’t have any valuable belongings.
водитель	driver	Она уже была довольно опытным водителем.|She was already a reasonably experienced driver.
игрок	player	Он классный игрок.|He’s a great player.
блок	block, unit	Для этого необходимо снять крышку с системного блока.|To do this it is necessary to remove the cover from the unit.
страдать	suffer	Медики обнаружили, что эти люди страдают от бессонницы и депрессии.|Medics found that these people suffer from insomnia and depression.
мост	bridge	Они перешли речку по мосту.|They crossed the river over a bridge.
острый	sharp, severe, spicy	Большинство блюд тайской кухни очень острые.|Most Thai dishes are very spicy.
поездка	trip	Ей предстоит поездка на море через 2 недели.|She’s going on a trip to the sea in two weeks.
разум	intelligence	Все факты были за то, что здесь не обошлось без инопланетного разума.|All the evidence indicated that extraterrestrial intelligence was involved.
концепция	concept	Данная концепция опирается на междисциплинарный фундамент научного знания.|This concept is based on an interdisciplinary foundation of scientific knowledge.
чиновник	official	Ее отец был государственным чиновником.|Her dad was a state official.
оттуда	from there	Оттуда открывался прекрасный вид на поля.|There was a wonderful view of the fields from there.
субъект	subject	Татарстан — субъект Российской Федерации.|Tatarstan is a federal subject of the Russian Federation.
тишина	silence	В квартире наступила тишина.|It fell silent in the flat.
далёкий	distant	Он собирается съездить к матери в далекий северный городок.|He’s about to go to a distant northern town to see his mother.
направляться	go, come	Почему он решил направиться именно туда, объяснить довольно сложно.|It’s quite hard to explain why it was here he decided to come.
слух	hearing, rumour	По столице поползли невероятные слухи.|Improbable rumours were spreading around the capital.
сравнивать	compare	Фрагменты текста дают нескольким переводчикам и потом сравнивают результаты.|Passages of this text are given to several translators and then the results are compared.
покупатель	shopper	Тогда многие покупатели приходили к магазину за пятнадцать — двадцать минут до открытия.|Then many shoppers came to the shop fifteen to twenty minutes before it opened.
удивительный	amazing	Какое удивительное совпадение!|What an amazing coincidence!
отходить	depart, move away	Поезд отправляется, отойдите от края платформы.|Please move back from the edge of the platform; the train is ready to depart.
выступление	performance, speech	После выступлений докладчиков состоялась оживленная дискуссия.|A lively discussion followed the presenters’ talks.
увеличение	increase, rise	Мы требуем увеличения зарплаты!|We demand a pay rise!
мёртвый	dead	Мы увидели двух мертвых птиц.|We saw two dead birds.
зарплата	salary	Его не устраивает зарплата.|He’s not happy with his salary.
заменять	replace	Зонтик никогда не сможет заменить парашют.|An umbrella can never replace a parachute.
должность	position	На следующий день он работал уже в должности инженера.|The next day he’d moved up to the position of engineer.
осень	autumn	Глубокой осенью вернулись мы в Москву.|We came back to Moscow in late autumn.
родственник	relative	Оля и Владимир уехали к родственникам в Петербург.|Olya and Vladimir went to their relatives in St Petersburg.
пакет	package, plastic bag	Полицейский достал полиэтиленовый пакет и убрал в него улику.|The policeman picked up the plastic bag and used it as evidence.
зритель	spectator	Благодарные зрители аплодировали стоя.|The grateful spectators gave  a standing ovation.
странно	strangely	Он странно себя ведет.|He’s behaving strangely.
мечтать	dream	Я давно мечтаю о собаке.|I’ve been dreaming about having a dog for a long time.
ресторан	restaurant	Я уже позвонил в ресторан и заказал столик у окна.|I’ve already called the restaurant and booked a table by the window.
плата	fee, charge	Дополнительная плата за оказание данной услуги взиматься не будет.|There will not be an extra charge for this service.
судья	judge, referee	Судья дал свисток, и начался матч.|The referee blew the whistle and the match started.
раньше	earlier, used to	Здесь раньше жил и работал известный ученый.|A famous scientist used to live and work here.
убирать	clear	Дочка помогает маме убрать посуду.|The daughter is helping her mum clear away the dishes.
внезапный	sudden	Газеты пишут о внезапной смерти конкурсантки.|The papers are writing about the sudden death of the contestant.
охрана	protection, security	После этого охрана сумела задержать его и выпроводить из зала.|Afterwards security guards were able to restrain him and lead him out of the hall.
публикация	publication, journal article	В тот момент появилась первая журнальная публикация романа µМастер и Маргарита¶.|At the time the first journal article on the novel ‘The Master and Margarita’ was being published.
крайне	extremely, very	Дела идут крайне плохо и работы совсем нет.|Things are extremely bad and there is no work at all.
догадываться	guess	Его жена даже не догадывается о том, что он ей изменяет.|His wife doesn’t have a clue that he’s cheating on her.
обсуждать	discuss	Мы не раз уже обсуждали с Геной, что будем делать, когда окончим школу.|Gena and I have discussed several times what we’re going to do when we finish school.
надевать	put on	Инна Константиновна надевает пальто  в прихожей.|Inna Konstantinovna is putting on her coat in the hallway.
луна	moon	Полная луна освещала лагерь.|The full moon illuminated the camp.
логика	logic	Но логика подсказывает, что это нереально.|But logic suggests that it’s unrealistic.
специально	specially	Появились кинологи с собаками, специально обученными на поиск взрывчатки.|Dog handlers with dogs that are specially trained to find explosives arrived.
компьютерный	computer	Тогда снимали кино без компьютерной графики.|In those days they shot films without computer graphics.
проводиться	be conducted	Сейчас проводится расследование обстоятельств этого дела.|An investigation into this matter is currently being conducted.
предупреждать	warn	Я обязан предупредить их об опасности.|I’m obliged to warn them of the danger.
раздаваться	sound, be heard, be  distributed	Журнал несколько месяцев бесплатно раздавался в школах.|The magazine was freely distributed at schools for a few months.
зеркало	mirror	Мать примеряет перед зеркалом шубу.|Mother is trying on her fur coat in front of the mirror.
сущность	essence, gist, nature	Мы не в состоянии познать истинную сущность таких вещей.|We cannot know the true essence of such things.
синий	blue	Он переоделся в синий костюм.|He changed into a blue suit.
следствие	consequence, investigation	Следствие доказало, что именно она стала подстрекательницей к убийству.|The investigation proved that she was the one who instigated the murder.
обратный	reverse, return	Саша сосчитал до десяти, потом в обратном порядке до единицы.|Sasha counted to 10 and then in the reverse order to one.
ладонь	palm, hand	Она провела ладонью по лицу, стирая слезы.|She ran her hand over her face and wiped away the tears.
выигрывать	win	Он второй год подряд выигрывает Кубок мира.|He won the World Championship for the second year in a row.
строка	line	В письме было всего несколько строк.|The letter consisted of only a few lines.
больной	sick, painful, patient	Знакомые знали, что у неё больной ребенок.|Her friends knew that she had a sick child.
законодательство	legislation	Согласно действующему законодательству, борьба с терроризмом является прямой обязанностью ФСБ.|According to current legislation, the war on terror is the FSB’s direct responsibility.
опускать	lower, omit, sodomize	Если опустить подробности, история получится короткая.|If we omit the details, then it’s a short story.
дальний	far	Дверь в дальнем конце коридора открылась.|The door at the far end of the corridor opened.
чисто	cleanly, purely	Там было очень чисто и уютно.|It was very clean and cosy there.
мечта	dream	И вот наконец моя мечта сбылась.|And finally my dream came true.
заглядывать	peep	Любопытные соседи заглядывают в наши окна.|Our nosy neighbours are always peeping through the windows.
питание	food, power	Отключите питание компьютера и модема.|Turn off the power to the computer and modem.
файл	file	У меня не загружается файл с фото.|I can’t download the photo file.
интересовать	interest	Первое, что интересует опытного дегустатора, — цвет напитка.|The first thing that interests an experienced taster is the colour of the drink.
флот	fleet, navy	Мой старший брат служит на флоте.|My elder brother serves in the navy.
религия	religion	60 процентов последователей этой религии проживают вне США.|60 per cent of those who follow this religion live outside the USA.
божий	God’s	У чехов существует традиция приносить в божий храм в этот вечер сладкое печенье.|The Czechs have a tradition of bringing sweet biscuits to God’s temple on this evening.
договариваться	agree	Мы с ним договорились о встрече.|He and I agreed a meeting.
характерный	characteristic	Роскошь и изящество составляли характернейшую черту той эпохи.|Luxury and elegance were characteristic of this era.
кошка	cat	На лестничной площадке сидит кошка.|A cat is sitting on the staircase.
общаться	communicate	Ребенок обязательно должен общаться со сверстниками.|A child needs to communicate with his peers.
важно	important	То, что я тебе скажу, очень важно для нас обоих.|What I’m about to tell you  is important for the both of us.
ужасный	terrible	Он так и не узнает об этой ужасной трагедии.|He will not find out about this terrible tragedy.
висеть	hang	Через плечо у него висела большая сумка.|A big bag was hanging over his shoulder.
толстый	thick, fat, plump	Это был толстый мальчишка.|He was a plump young boy.
отличный	excellent	Ему пришла в голову отличная идея.|He had an excellent idea.
заказ	order	Группа программистов выполняет срочный заказ.|A team of programmers are carrying out an urgent order.
тон	tone	Беседуйте с ребенком дружелюбно, в уважительном тоне.|Speak to  your child in a friendly and respectful tone.
оборона	defence	За 250 дней героической обороны Севастополя полк потерял больше половины своего состава.|In the  250 days of the heroic defence of Sevastopol the regiment lost more than half its troops.
проверка	examination	Пока проводится проверка всех обстоятельств ночного ЧП.|An examination into all the circumstances behind last night’s emergency is still being carried out.
редактор	editor, processor	Откройте любой текстовый редактор, имеющий функцию проверки орфографии.|Open any word processor that has a spell-checker.
когда-то	once	Каждый взрослый когда-то был ребенком.|Every adult was once a child.
крыло	wing	Цапля расправила крылья.|The heron spread its wings.
дума	thought, Duma	Государственная Дума провела специальное заседание.|The State Duma held a special meeting.
вдоль	along	Павел двигался вдоль состава, отсчитывая вагоны.|Pavel moved along the train, counting the carriages.
запас	stock	В маленькой кладовке обнаружились запасы консервов еще советских времен.|Stocks of canned goods from the Soviet era were found in the small pantry.
соседний	neighbouring	В соседнем доме жила большая семья.|A big family lived in the neighbouring house.
жёсткий	hard, firm	Действительно ли жесткий матрас лучше для спины?|Is a hard mattress really better for your back?
исполнение	performance, execution,  carrying out	Капитан Теплов уже приступил к исполнению своих обязанностей.|Captain Teplov had already set about carrying out his duties.
заместитель	deputy	Заместитель директора явно не хотел со мною общаться.|The deputy director clearly didn’t want to speak to me.
полковник	colonel	— Огонь! — приказал полковник.|‘Fire!’ , the colonel ordered.
выяснять	find out, establish	Суд будет выяснять, кто прав, кто виноват.|The court will find out who is right and who is wrong.
спешить	rush	Он спешил поскорее уйти домой.|He was in a hurry to go home as soon as possible.
пятый	fifth	Это ваш пятый брак?|Is this your fifth marriage?
конечный	final	Вот мы и добрались до конечного пункта нашего путешествия.|And then we reached the final destination of our trip.
кризис	crisis	В стране разразится демографический кризис.|There will be a demographic crisis in the country.
прибыль	profit	По оценкам экспертов, в цене на нефть 23% составляет прибыль нефтяных компаний.|According to experts’  calculations, 23% of the price of oil constitutes profit made by oil companies.
спор	dispute	Главные споры разгорелись вокруг меню для праздничного стола.|The main disputes broke out over the menu for the feast.
круглый	round	Возле него за круглым столиком сидели еще два человека.|Another two  people were sitting alongside him at the round table.
озеро	lake	По каменистой тропе мы вышли к красивейшему горному озеру.|We walked along a pebbled path to a most beautiful mountain lake.
делаться	be made, happen, become	Когда старик улыбается, он делается моложе.|When the old man smiles he becomes younger.
дикий	wild	Здесь царит дикая природа.|The nature is wild here.
по-прежнему	still	Она по-прежнему молода и прекрасно выглядит.|She still looks young and beautiful.
наносить	apply	Нанесите крем на кожу.|Apply cream to the skin.
дно	bottom	В ближайшее время на дно озера спустится телеуправляемый робот с видеокамерой.|A remote-controlled robot fitted with a video camera will soon be sent to the bottom of the lake.
термин	term	Слово µяфетидология¶ является уже устаревшим термином.|The word ‘yafetidologiya’ is an obsolete term.
каков	which, what	Каково состояние больного?|What is the condition of the patient?
ворота	gate	Пожилая женщина открыла ворота.|An elderly lady opened the gate.
плавать	swim, sail	Ты ведь никогда прежде не плавал на корабле.|You’ve never sailed on a ship before, have you?
младший	younger, junior	Тогда мне помог мой младший брат.|At the time my younger brother helped me.
поражать	strike, hit, cause	Четырежды башню собора поражала молния.|The tower of the cathedral was struck by lightning four times.
принятие	acceptance	С нетерпением ждем принятия Закона о животных.|We’re eagerly waiting for the ‘Animal Act’ to be accepted.
убеждаться	be convinced, be assured	Теперь я убедился в том, что девочка эта действительно существовала и что я ее знал когда-то.|Now I’m convinced that this girl really existed and that I once knew her.
эксперт	expert	Как утверждают эксперты, данная проблема является результатом вирусной атаки.|According to experts, the problem is the result of a virus outbreak.
совместный	joint	Это совместный проект журнала µБольшая политика¶ и радиостанции µЭхо Москвы¶.|This is a joint project of the magazine ‘Bol’shaya politika’ and the radio station ‘Ekho Moskvy’ .
лишать	deprive	Я бы не стал продавать квартиру и лишать семью жилья.|I wouldn’t sell the flat and deprive the family of a home.
характеристика	specification, letter   of reference	Не всякому сотруднику выдавали характеристику для поездки за рубеж.|Not all employees were given a reference for a trip abroad.
концерт	concert	Он больше не выступает с концертами.|He no longer gives concerts.
дыхание	breath	Охотники замеSли, затаив дыхание.|The hunters held their breath and stood still.
темнота	darkness	До полной темноты оставалось чуть больше трех часов.|There’s a little over three hours to go before it gets completely dark.
региональный	regional	Валовой региональный продукт увеличился на 4,4%|Gross Regional Product increased by 4.4%
эксперимент	experiment	Чтобы обеспечить безопасность, эксперимент проводился в специальном бункере.|For safety reasons the experiment was carried out in a special bunker.
агентство	agency	Мы вместе начинали в модельном агентстве.|We started at the model agency at the same time.
объединять	unite	Спорт объединяет людей.|Sport unites people.
пища	food	Есть следует медленно, тщательно пережевывая пищу.|You should eat slowly and chew your food thoroughly.
крепкий	strong	Может быть, вы выпили слишком крепкого чая или кофе?|Perhaps you drank too strong tea or coffee?
север	north	Эта птица обитает на крайнем севере России.|This bird lives in the Russian far north.
интервью	interview	Я столько раз брал интервью у людей и ни разу не давал интервью сам.|I’ve interviewed people so many times, but I’ve never been interviewed myself.
способствовать	facilitate, encourage, aid	Оно способствует росту волос и улучшает их структуру.|This aids the growth of hair and improves its structure.
покупка	shopping, purchase	Последние годы мы все чаще совершаем покупки в интернете.|Over the last few years we’ve been doing more and more shopping on the Internet.
сходить	come down, go	Сходи за хлебом, пожалуйста.|Can you go to the shop for some bread, please?
воспитание	upbringing, education	Оправдано ли наказание как метод воспитания?|Is punishment as a method of education justified?
покрывать	cover	Опавшие листья покрывали землю.|The fallen leaves covered the ground.
Христос	Christ	Монашки пропели: µХристос воскрес!¶|The nuns sang out: ‘Christ has risen!’ .
генеральный	general	На встрече присутствовал также генеральный директор Международной организации по миграции.|The Director General of the International Organization for Migration was also present at the meeting.
сюжет	plot	Оказалось, сюжет мюзикла довольно сильно отличается от оригинала.|The plot of the musical turned out to be quite different from that of the original.
переговоры	talks	В данный момент ведутся переговоры о погашении кредита.|Talks about the credit settlement are currently taking place.
погода	weather	Стояла ясная, солнечная погода.|The weather was clear and sunny.
ограничение	restriction	Ограничение скорости на шоссе — 100 км. в час.|There’s a speed restriction of 100 km/hour on the motorway.
тенденция	tendency	Наметилась опасная тенденция к замусориванию русского языка.|A dangerous tendency of new words littering the Russian language has been noted.
достойный	worthy, decent	Я — достойный, порядочный человек.|I’m a decent, honest man.
присутствие	presence	Мы не настаиваем на вашем обязательном присутствии.|We don’t insist on you being present.
китайский	Chinese	Он угостил нас китайским чаем.|He gave us Chinese tea.
высказывать	express, voice	Не бойтесь высказывать своё мнение по любым вопросам.|Don’t be afraid of voicing your opinion on any issue.
производитель	producer, manufacturer	В проекте также принимают участие крупнейшие корейские производители электроники.|Major Korean electronics manufacturers are also taking part in the project.
шутка	joke	Он не понял шутки, но на всякий случай засмеялся.|He didn’t understand the joke, but laughed anyway.
голубой	light blue, gay (slang)	Ты ведь все знаешь о голубой жизни.|You know everything about gay life, don’t you?
регистрация	registration, check-in	Регистрация на рейс уже началась.|Check-in for the flight has already begun.
лётчик	pilot	У большинства мальчишек была мечта стать летчиком.|Most young boys dreamed of becoming a pilot.
молодёжь	youth	Современная молодежь слишком быстро взрослеет.|The youth of today grows up too quickly.
доклад	report	ООН опубликовала доклад с прогнозом численности населения мира через 300 лет.|The UN published a report that predicts what the world population will be in 300 years.
везде	everywhere	Он всегда и везде опаздывает.|He’s always late everywhere he goes.
окончание	ending, termination,  expiration	До окончания моего контракта остается неделя.|There’s a week left before my contract expires.
символ	symbol, character	Желательно использовать в пароле и буквы, и цифры, и специальные символы.|It’s preferable to use letters, numbers and special characters in a password.
перевести	translate, transfer, put	Через швейцарский банк мы перевели туда 500 тысяч долларов.|We transferred 500 thousand dollars there via a Swiss bank.
нуждаться	be in need	Она остро нуждается в психологической помощи.|She is in urgent need of psychological help.
кандидат	candidate	Тогда было два кандидата на эту должность.|At the time there were two candidates for the post.
атака	attack	Атака началась точно в назначенное время.|The attack commenced at precisely the designated time.
клетка	cage, cell	Эти биодобавки содержат необходимые клеткам кожи витамины.|These bio- supplements contain vitamins essential for skin cells.
переносить	bear, move, tolerate, undergo	Год назад она перенесла операцию.|She underwent an operation a year ago.
сексуальный	sexual, sexy	Большинство дам сочло очень сексуальной мужскую щетину.|The majority of women considered men’s stubble to be very sexy.
включая	including	Всего, включая журналистов, на митинге присутствовало около 40 человек.|In total, the number of people, including journalists, was around 40.
музыкальный	music, musical	В прошлом году я окончила музыкальную школу.|I finished music school last year.
слой	layer	Он намазал кусок белого хлеба толстым слоем масла.|He spread a thick layer of butter on a piece of white bread.
назначение	appointment, purpose,  order	Сейчас работникам музея предстоит понять назначение найденных вещей.|Now workers at the museum must work out the purpose of the discovered objects.
помимо	besides	У меня помимо двух детей еще и внук растет.|Besides my two children I’ve also got a grandson.
виноватый	guilty	Вид у него был виноватый.|He looked guilty.
индивидуальный	individual	Здесь, конечно, требуется индивидуальный подход.|Here, of course, we require an individual approach.
смена	shift	Он мешает мне отдыхать после ночной смены.|He’s disturbing me from resting after my night shift.
положительный	positive	Все тесты дали положительный результат.|All the tests were positive.
парк	park	Саша предложил пойти погулять по парку.|Sasha suggested going for a walk around the park.
видный	visible, prominent	Мы бежали по узкой, едва видной тропинке.|We ran along the narrow, barely visible path.
тюрьма	prison	Вы не можете сажать в тюрьму невинных людей!|You can’t send innocent people to prison!
наблюдение	observation	Нам нужно установить наблюдение за домом этого человека.|We need to keep watch on this man’s house.
следовательно	hence, consequently	Гостиницы снижают цены, и, следовательно, они терпят убытки.|Hotels are cutting prices and hence losing profit.
психологический	psychological, mental	У нее серьезная психологическая травма.|She has a serious mental illness.
минимум	minimum	Абсолютный минимум температур воздуха зимой достигал 35—38 градусов мороза.|In winter the absolute minimum air temperature dropped between –35 and –38.
полтора	one and a half	Я жду уже полтора часа.|I’ve been waiting for one and a half hours.
мясо	meat	На столе стоит тарелка, а в ней — кусок мяса.|There’s a plate on the table; on it is a piece of meat.
болеть	hurt, be ill, support	Я болею за Спартак.|I support Spartak.
глупый	silly	Ох, до чего же ты глупый мальчишка!|Oh, you silly boy!
соглашение	agreement	Президенты трех африканских стран подписали соглашение о создании заповедника.|The presidents of three African countries signed an agreement to create a nature reserve.
задний	back	Павел положил сумку на заднее сиденье.|Pavel put the bag on the back seat.
преимущество	advantage	Преимущество метода заключается в его простоте.|The advantage of this method is that it’s simple.
доступный	accessible, affordable	Фирма предлагает качественную продукцию по доступной цене.|The firm offers quality products at affordable prices.
осторожно	carefully	Осторожно, ребята!|Careful, lads!
куча	pile	Там лежит целая куча золота.|There’s a whole pile of gold there.
покой	peace	Это нарушит покой ваших соседей.|This will disrupt your neighbours’ peace and quiet.
бок	side	Он перевернулся на левый бок.|He turned on to his left side.
независимый	independent	Ты — девушка независимая.|You’re  an independent girl.
давай	let us	Давай поменяемся местами.|Let’s change places.
насчёт	about, regarding	Я зашел к нему, чтобы поговорить насчет завтрашней охоты.|I went to see him to talk about tomorrow’s hunting trip.
солнечный	solar, sunny	В солнечную погоду такая работа заняла бы не более пятнадцати минут.|Such work wouldn’t take more than fifteen minutes if it was sunny.
трудность	difficulty	В девятом классе у нее возникли трудности с математикой.|She started struggling with mathematics in year nine.
объяснение	explanation	Этот факт требует подробного объяснения.|This fact requires a detailed explanation.
фактически	practically	Сегодня это предприятие фактически является монополистом в своей отрасли.|Today the company is practically a monopoly in the industry.
уверять	assure	Мы стали уверять его, что ничего дурного делать не собираемся.|We started to assure him that we weren’t going to do anything bad.
дурак	fool	Каким же я был дураком!|What a fool  I was!
сотрудничество	cooperation	Компания продолжила сотрудничество  с немецкими консультантами.|The company continued to cooperate with German consultants.
поворачивать	turn	Все повернули головы на звук его голоса.|Everyone turned their heads  at the sound of his voice.
фон	background	Мы увидели его силуэт на фоне ночного неба.|We saw his silhouette in the background of the night sky.
конь	horse	Я сел на коня.|I got on the horse.
путешествие	travel	Он мечтает о кругосветном путешествии.|He dreams of travelling around the world.
площадка	area, site	Это строительная площадка.|This is  a building site.
честный	honest	Он и жил и умер честным человеком.|He lived and died an honest man.
оборачиваться	turn to, turn out	Праздники часто оборачивались бедой.|The holidays often turned out to be a disaster.
классический	classic	Ты мне говорил, что любишь классическую музыку.|You told me that you liked classical music.
взаимодействие	interaction	Эти вещества разрушаются при их взаимодействии с водой.|These substances dissolve when they interact with water.
империя	empire	Премьер-министр заявил, что империя стоит перед лицом глубочайшего кризиса.|The prime minister announced that the empire is facing a major crisis.
сомневаться	doubt	Вы даже не сомневались в правильности принятого решения?|Did you not even doubt the correctness of the decision?
пропускать	leave out, let pass, let  through	Пропустите меня, пожалуйста.|Can I get through, please?
православный	Orthodox	Православная Церковь признает гражданский брак.|The Orthodox Church recognizes civil marriages.
распространять	spread	Именно он утром 28 декабря распространял слухи о самоубийстве поэта.|It was him who on the morning of the 28th of December spread rumours about the poet’s suicide.
единица	figure of one, unit	Денежной единицей России является рубль.|The monetary unit of Russia is the ruble.
вытаскивать	pull out	Мне пришлось вытаскивать кошку из-под кухонного шкафа.|I had to pull the cat from under the kitchen cabinet.
исключать	exclude	В этом случае надо исключить из пищи соль.|In this case you need to exclude salt from your diet.
температура	temperature	Предполагается, что к 2026 году  средняя температура на нашей планете поднимется на 2 градуса.|It is predicted that by 2026 the average temperature on Earth will have risen by 2 degrees.
платье	dress	Иностранным туристкам рекомендуют здесь носить платья ниже колен.|Foreign female tourists are advised to wear dresses that cover their knees.
ударять	hit, strike	Он разбежался и ударил ногой ближнего к нему солдата.|He ran off and kicked the soldier nearest to him.
практический	practical	Подобные идеи не могли иметь какого-либо практического применения.|Ideas like this couldn’t have any practical application.
зло	harm, evil	Она больше никому не причинит зла.|She won’t do anyone any harm any more.
отдых	holiday, rest	Отдых на океанской яхте не дороже пляжного отдыха в Турции или Тайланде.|A holiday spent on a yacht at sea is no more expensive than a beach holiday in Turkey or Thailand.
труба	pipe, chimney	Дымились трубы заводов|Smoke was blowing out of the factory’s chimneys.
возражать	object	Ее родители возражали против этого брака.|Her parents objected to the marriage.
воспользоваться	use, take advantage	Вы должны воспользоваться этим шансом.|You should take advantage of this opportunity.
предстоять	be in store, be ahead	Нам предстоит большой объем работы.|We have a lot of work ahead of us.
злой	angry	Тебе еще повезло, что не унес тебя злой волшебник.|You’re lucky that the evil sorcerer didn’t take you.
стандарт	standard	Вся наша продукция отвечает стандартам качества и пользуется неизменным спросом у покупателей.|All our products meet quality standards and are in constant demand from consumers.
отчёт	report	Более подробный отчет о матче читайте в завтрашнем номере µГазеты¶.|You can read a more detailed report on the match in tomorrow’s ‘Gazeta’ .
представляться	introduce, arise	Я и сам, когда представляется возможность, с удовольствием езжу в Италию.|When the opportunity arises I myself like to go to Italy.
цивилизация	civilization	Наша технологическая цивилизация развивается очень быстрыми темпами.|Our high-tech civilization is developing very rapidly.
пациент	patient	В больницу поступил пациент с жалобами на боли в животе.|A patient complaining of stomach pains came to the hospital.
статус	status	Это свидетельство ее высокого статуса.|This is evidence of her high status.
масло	oil, butter	Я сливочное масло не ем.|I don’t eat butter.
прекращать	stop	Они внезапно прекратили разговор.|They suddenly stopped the conversation.
ставка	rate	Банк повысит процентную ставку за просрочку платежей.|The bank will increase its interest rates for late payments.
вина	fault, guilt	Тут не только твоя вина.|It’s not only your fault here.
юридический	legal, law	Павел работает бухгалтером и учится в юридической академии.|Pavel is an accountant and studies at the Law Academy.
редкий	rare	Снег — очень редкое явление в этих краях.|Snow is very rare in these  areas.
молоко	milk	Эта корова дает очень вкусное молоко.|This cow produces very tasty milk.
страсть	passion	Страсть толкает его на убийство.|Passion is driving him to murder.
костюм	suit, costume	На ней был шикарный костюм.|She was wearing a smart suit.
грех	sin	Мальчик испугался, что совершил грех.|The boy was afraid that he’d committed a sin.
дворец	palace	Вечером во дворце собралась высшая знать империи.|In the evening members of the higher nobility of the empire gathered at the palace.
стакан	glass	Она предложила ему выпить стакан воды со льдом.|She offered him a glass of water with ice.
кот	cat (male)	Кот мурлыкал у нее на коленях.|The cat was sitting on her lap and purring.
часы	clock, watch	Он уверял, что у него самые точные часы на свете.|He claimed that  he had the most accurate watch in the world.
неизвестный	unknown	Преступник скрылся в неизвестном направлении.|The offender fled in an unknown direction.
лоб	forehead	Он сдвинул очки на лоб.|He pushed his glasses onto his forehead.
промышленность	industry	Никакой серьезной промышленности на острове не было.|There was no major industry on the island.
спорт	sport	Он занимается спортом?|Is he involved in any sports?
отрасль	branch	Одной из главных отраслей экономики Казахстана является нефтегазовая отрасль.|The oil and gas industry is one of the main sectors of the Kazakhstan economy.
юг	south	Мы каждый год ездили отдыхать на юг.|We used to go to the south every year for our holidays.
взрыв	explosion	В этот момент прогремел взрыв.|At that moment an explosion rang out.
обмен	exchange	Новая программа международного студенческого обмена стартует в апреле.|The new international student exchange programme starts in April.
демократия	democracy	Что значит демократия для вас?|What does democracy mean for you?
жаль	pity, sad	Мне было жаль расставаться с Москвой, с друзьями.|I felt sad about leaving Moscow and parting from my friends.
широко	widely	Он зевнул, широко раскрыв рот.|He yawned, opening his mouth widely.
заслуживать	deserve	Чем он заслужил такую чудовищную несправедливость?|What did he do to deserve such a terrible injustice?
сухой	dry	Погода стоит сухая, морозная, ясная.|The weather is dry, frosty and clear.
существенный	significant	И все же одно, но очень существенное отличие есть.|There’s just a single but very significant difference.
стремление	aspiration, urge	У него выявлено стремление к лидерству, самоутверждению, желание быть в центре внимания.|He aspired to be a leader and to seek self-fulfilment; he wanted to be the centre of attention.
стрелять	shoot, fire	Никто из нас без приказа не стрелял.|None of us fired without order.
отказ	refusal	Куда ни обращался, везде получал вежливый отказ.|No matter where he went he always received a polite refusal.
забота	care, concern	Введение запрета на курение в общественных местах объясняется заботой о здоровье населения.|The ban on smoking in public places was introduced due to concerns about the nation’s health.
нож	knife	Почему мне вилку и нож не дали?|Why wasn’t I given a knife and fork?
особо	particularly	Нам хотят поручить выполнение особо важного задания.|They want to give us a particularly important task to carry out.
молча	silently	Дети молча смотрели на отца.|The children silently looked at their father.
отражать	reflect, fend off	Стеклянные фасады офисов отражали лучи солнца.|The glass facades of the offices reflected the sun’s rays.
несчастный	unfortunate	Перед ним была несчастная пожилая женщина, недавно потерявшая сына.|Before him was the unfortunate elderly woman who had just lost her son.
денежный	money	Ежемесячно он получал денежный перевод на сто рублей.|Every month he received a money transfer of one hundred rubles.
безусловно	certainly	Он человек безусловно порядочный.|He’s certainly a decent man.
довольный	satisfied	Я возвращался довольный, что так хорошо выполнил поручение.|I returned satisfied that I’d carried out my orders so well.
вагон	carriage	Нам пришлось на ходу запрыгивать в последний вагон.|We had to jump on to the last carriage while the train was moving.
популярный	popular	Эта игра сделана в популярном жанре аркады.|This game was made in the popular arcade style.
мышление	thinking	Молодёжь теряет способность к аналитическому мышлению.|Young people are losing the ability to think analytically.
полиция	police	Полиция обнаружила в их квартире огромное количество героина.|The police found a huge quantity of heroin in their flat.
последующий	subsequent	Эти данные автоматически записываются в файл для последующего анализа.|The data are automatically entered in the file for their subsequent analysis.
разрушать	destroy	Центр этого города был полностью разрушен во время Второй мировой войны.|The city centre was completely destroyed during the Second World War.
лечь	lie down	Собака легла рядом.|The dog lay down nearby.
раскрывать	uncover	Он решает раскрыть тайну жестоких убийств.|He intends to uncover the secret of these brutal murders.
рассчитывать	rely, count, calculate	Рассчитать время, необходимое для поездки по городу, практически невозможно.|It’s almost impossible to calculate the time we need for our trip around town.
округ	constituency, district	В Сухаревском избирательном округе живет в основном молодежь.|Mostly young people live in the Sukharevsky constituency.
очевидный	evident, obvious	Они игнорируют очевидный факт.|They are ignoring the obvious fact.
пятьдесят	fifty	С тех пор прошло пятьдесят лет.|Fifty years have passed since then.
вещество	substance	Оказалось, что молоко содержит вещество, вызывающее сон.|Milk apparently contains a sleep-inducing substance.
продолжение	continuation	Министры договорились о продолжении регионального сотрудничества.|The ministers agreed to continue regional cooperation.
управлять	manage, operate	Машиной управляет компьютер.|The machine is operated by a computer.
благо	good, amenity	Ни электричества, ни газа, ни водопровода здесь нет, абсолютно никаких благ цивилизации!|There is  no electricity, no gas, no water here – absolutely no amenities at all!
нефть	oil	Добыча нефти за 10 лет выросла на 225%.|In 10 years oil mining has increased by 225 per cent.
академия	academy	Он был воспитанником императорской Академии художеств.|He was a pupil of the Imperial Academy of Arts.
сантиметр	centimetre	Пуля пробила оконное стекло в пяти сантиметрах от ее головы.|The bullet pierced the glass five centimetres from her head.
живот	stomach	От смеха у нас болели животы.|Our stomachs were hurting from laughing.
картинка	picture	Весь вечер Гришка рассматривал картинки в новой энциклопедии.|Grishka looked at the pictures in his new encyclopaedia all evening.
штука	thing, item	Интернет, конечно, удобная штука.|The Internet is, of course, a useful thing.
земной	earth(’s), terrestrial	Он всю свою жизнь посвятил изучению земной коры.|He dedicated all his life to studying the Earth’s crust.
жёлтый	yellow	Везде лежал желтый песок.|There was yellow sand everywhere.
сложно	complex	Глаз насекомого очень сложно устроен.|The eye of an insect is a very complex structure.
судебный	judicial	Судебный процесс пока так и не начался.|The judicial process still hasn’t started.
возвращение	return	Я ждал скорого возвращения сестры и брата.|I was expecting my brother and sister to get back quickly.
деревянный	wooden	Начальная школа располагалась в деревянном домике.|The primary school was located inside a wooden hut.
образец	sample	Образцы продукции вы можете увидеть в нашем выставочном зале.|You can see samples of our products at our showroom.
школьный	school	Все дети школьного возраста должны ходить в школу.|All children of school- going age must go to school.
из-под	from under	Вылезайте из-под кровати сейчас же!|Come out from under the bed at once!
оказывать	provide	Мастерская оказывает услуги по ремонту различной техники.|The workshop provides repair services for all kinds of devices.
профессия	profession	Он бросил свою непрестижную профессию и сделал блестящую карьеру в политике.|He gave up his non-prestigious profession and had a fantastic career in politics.
затраты	expenses	Так что затраты в конце концов окупаются.|So the expenses in the end pay off.
навсегда	forever	Я навсегда запомнила тот весенний день.|I remembered that spring day forever.
гостиница	hotel	Я заказал номер в недорогой гостинице в центре.|I booked a room in a cheap hotel in the centre.
заболевание	disease	Это инфекционное заболевание, которое может привести к смерти.|This is an infectious disease that can cause death.
кампания	campaign	Я не следил за ходом предвыборной кампании.|I didn’t follow the electoral campaign.
село	village	Однажды пошел он в соседнее село.|He once went to a neighbouring village.
космический	space	12 апреля 1961 года — день первого космического полета человека.|The first manned space flight took place on the 12th of April 1961.
повезти	take, be lucky	В тот день ему опять повезло.|He was lucky once again that day.
почта	post office, post	Приз вам отправят почтой.|You’ll get the prize by post.
выясняться	be established, come to light	Точные причины пожара выясняются, дело передано в прокуратуру.|The precise cause of the fire is still being established; the case has been handed over to the prosecutor.
пауза	pause	Тут дедушка сделал паузу для того, чтобы раскурить трубку.|Then granddad paused to light his pipe.
палата	ward, chamber	Когда он очнулся, обнаружил, что лежит в больничной палате.|When he came round he found himself lying in a hospital ward.
засыпать	cover	Песок засыпал наши следы.|Sand covered our tracks.
кредит	credit	Можно взять кредит на два года?|Can I take credit for two years?
суббота	Saturday	Приходите в субботу на спектакль.|Come on Saturday for the show.
заплатить	pay	Я заплатил за проезд.|I paid for the journey.
половой	sexual, genital, floor	Она нахваливала свою половую тряпку.|She praised her floor cloth.
уверенность	confidence	Только сейчас у меня появилась уверенность в своих силах.|I’ve only just started to be confident about my abilities.
слушатель	listener	Я был самым терпеливым слушателем ее нескончаемых рассказов.|I was a most patient listener to her endless stories.
лев	lion	Львы редко охотятся в одиночку.|Lions rarely hunt alone.
прятать	hide	Куда он прячет ключ от сейфа?|Where does he hide the safe key?
реализовывать	realize, implement, sell	В этих условиях нужно как можно быстрее реализовать продукцию.|Under such circumstances it is necessary to sell the products as quickly as possible.
освобождать	free, set free	Мы должны попытаться освободить заложников.|We must try to free the hostages.
коллектив	group, team	У нас в филармонии есть коллектив солистов.|There is a group of soloists in our philharmonic society.
сверху	above, on top	Мороженое с орешками посыпано сверху шоколадом.|An ice-cream with nuts and with chocolate sprinkled on top.
добро	good	Он нам сделал много добра.|He’s done a lot of good for us.
трое	three (people)	У них трое детей.|They have three children.
учение	teaching	Некоторые произведения свидетельствуют о влиянии на их авторов буддийского учения о переселении душ.|Some works show how their authors have been influenced by Buddhist teachings about the transmigration of souls.
воскресенье	Sunday	Где вы были в ночь с воскресенья на понедельник?|Where were you on Sunday night?
доказательство	proof, evidence	Это описание является самым убедительным доказательством ее древности.|This description is the most convincing evidence of its antiquity.
грязный	dirty	В раковине лежит гора грязной посуды.|There’s a pile of dirty dishes in the sink.
спрос	demand	Последнее время покупательский спрос сильно упал.|Consumer demand has recently plummeted.
деловой	business	Его хорошо знают в деловых кругах.|He’s well known in business circles.
различие	difference	В чем состоят основные различия глаголов µмочь¶, µсмочь¶, µуметь¶ и µсуметь¶?|What are the main differences between the verbs ‘moch’ , ‘smoch’ , ‘umet’ and ‘sumet’?
корень	root	Это слова одного корня.|These are words of the same root.
телефонный	telephone	Так ты подслушал телефонный разговор!|So you listened to the telephone conversation!
пятница	Friday	В Москве писатель пробудет до пятницы.|The writer will be in Moscow until Friday.
дожидаться	wait	Он с нетерпением дожидался возвращения внука.|He was eagerly waiting for his grandson to come home.
продавец	retailer, shop assistant	Он был единственным продавцом в магазине.|He was the only sales assistant in the shop.
превращать	turn into, convert	Уходи, не то я превращу тебя в жабу!|Go away or I’ll turn you into a toad!
коммерческий	commercial, trade	Эти сведения составляют коммерческую тайну.|This information is a trade secret.
проявляться	appear, be manifested	Задатки гениальности проявляются у некоторых в раннем возрасте.|In some, signs of genius appear at an early age.
удивлять	surprise	Наши цены вас приятно удивят.|You’ll be pleasantly surprised at our prices.
величина	value, size, amount	От чего зависит величина пособия по безработице?|What determines the amount of benefits you receive?
напряжение	voltage, strain	В Канаде напряжение в сети не 2209, а 1109.|The voltage in Canada is 110V , not 220V .
крестьянин	farm worker	Мой отец был обычным крестьянином.|My father was an ordinary farm worker.
обязательный	compulsory	Обязательное медицинское страхование было введено в Российской Федерации.|Compulsory health insurance was introduced in the Russian Federation.
преподаватель	teacher	Преподаватели проводят лекции и семинары.|Teachers lead the seminars and lectures.
найтись	be found	У моего клиента нашлись деньги, о которых я и не подозревал.|It was found that my client had money, about which I had no idea.
кольцо	ring, circle	Он сразу узнал обручальное кольцо своей жены.|He immediately recognized his wife’s wedding ring.
поймать	catch	Кот поймал мышь.|The cat caught a mouse.
наверняка	surely	Наверняка сказать мы не можем, пока не подберемся туда поближе.|Surely we can’t tell until we get closer.
подождать	wait	Подождешь минут десять?|Can you wait for about ten minutes?
доска	board	Она встала и принесла к гладильной доске постиранное белье.|She got up and took the washing to the ironing board.
японский	Japanese	Любите ли вы японскую кухню?|Do you like Japanese cuisine?
сельский	rural, agricultural	Банки весьма неохотно кредитуют сельское хозяйство.|Banks are highly reluctant to grant credit to agriculture.
вершина	peak	В его честь назвали горную вершину в Киргизии.|They named a mountain peak in Kyrgyzstan after him.
напротив	opposite, on the contrary	Офицеры повеселели, их начальник же, напротив, помрачнел.|The officers were enjoying themselves; their commander, on the contrary, was miserable.
защищать	protect	Ваш офис защищен от прослушивания?|Is your office protected from bugging devices?
предпочитать	prefer	Вы предпочитаете кофе или чай?|Do you prefer tea or coffee?
секрет	secret	Пока план будем держать в строгом секрете.|For now we’ll keep the plan a secret.
заказывать	order	Я не заказывала кофе.|I didn’t order coffee.
воспринимать	perceive, accept	Он уже давно научился воспринимать жизнь такой, какая она есть.|He learned long ago to accept life how it is.
эффективность	effectiveness	Мы доказали эффективность этих препаратов.|We proved the effectiveness of these drugs.
имущество	property	У него не было никакого ценного имущества.|He didn’t have any valuable property.
строй	system, formation	Ее основной задачей станет защита конституционного строя страны.|Her main job will be to protect the constitutional system of the country.
ручка	pen, handle	Неожиданно повернулась дверная ручка.|The door handle suddenly turned.
резкий	sharp	Вряд ли стоит ожидать резкого падения цен на жилую недвижимость.|There’s probably no point in expecting a sharp decline in housing prices.
персонаж	character	В пьесе действуют привычные персонажи.|There are familiar characters in the play.
одинаковый	same	В комнату вошли трое людей в одинаковой одежде.|Three people wearing the same clothes came into the room.
свидетельствовать	indicate, show,   give evidence	Может ли это свидетельствовать о наличии какого-либо заболевания?|Perhaps this will indicate the presence of a disease?
верно	correct(ly), accurate(ly)	Биография музыканта изложена в целом верно.|The biography of the musician is entirely accurate.
курить	smoke	Что, он все еще курит?|What, is he still smoking?
утверждение	approval, assertion	Это весьма спорное утверждение.|This is a very controversial assertion.
взяться	set to, take, come about, arise	Теперь понятно, откуда взялись эти тюльпаны.|Now it’s clear where these tulips came from.
понедельник	Monday	Я там была в прошлый понедельник.|I was there last Monday.
строгий	strict	Дмитрию Ивановичу назначена строгая диета.|Dmitry Ivanovich has been put on a strict diet.
исключительно	exceptionally,  exclusively, only	Дома они разговаривают исключительно на русском языке.|They speak only Russian at home.
портрет	portrait	Портрет висел на том же месте.|The portrait was hanging in the same place.
дышать	breathe	Он вспотел и тяжело дышал.|He was sweating and breathing heavily.
порог	threshold, doorstep	Плохая примета через порог здороваться.|It’s bad luck to greet people over the doorstep.
противоположный	opposite	Вот уже и противоположный берег виден.|You can already see the opposite shore.
ядерный	nuclear	В результате ядерным оружием обзавелись обе страны.|As a result, both countries acquired nuclear weapons.
объединение	association, joining	Мероприятие было организовано объединением ветеранов Великой Отечественной войны.|The event was organized by an association of World War Two veterans.
остальное	rest	Все остальное зависит от заказчика.|The rest depends on the customer.
окончательно	finally	Власти Швеции окончательно отказали ему в праве проживания.|Swedish authorities finally refused him right of residence.
сектор	sector	В начале 90-х банковский сектор в нашей стране развивался очень быстро.|At the start of the 1990s the banking sector of our country was developing very quickly.
гулять	walk	Оля вместе с мамой часто гуляют в парке.|Olya and her mum often go for a walk in the park.
приложение	supplement, attachment,  application	Для создания компьютерных приложений требуются знания квалифицированного программиста.|The knowledge of a qualified programmer is required to create computer applications.
подробность	detail	Женщине явно не терпелось узнать подробности случившегося.|The woman was clearly eager to find out the details of what had happened.
окружающий	surrounding	Внимательно осмотрите окружающие вас деревья.|Look carefully at the surrounding trees.
попадаться	occur, come about, get  caught	Значит ли это, что воровать можно, важно только не попадаться?|Does that mean that it’s okay to steal, but it’s just important that you don’t get caught?
луч	ray	Это покрытие отражает солнечные лучи.|This cover reflects the sun’s rays.
привычка	habit	Многие выработали вредную привычку принимать пищу перед самым сном.|Many people have the bad habit of eating just before they go to sleep.
пресса	press	Это событие получило широкую огласку в зарубежной прессе.|This event received much publicity in the foreign press.
эмоция	emotion	Им просто не хватало терпения, выдержки, умения контролировать эмоции.|They simply didn’t have enough patience, endurance or the ability to control their emotions.
уникальный	unique	Для вас это уникальный шанс!|This is a unique opportunity for you!
испытание	test	Через три дня он провел очередное испытание своего изобретения.|He tested his invention again three days later.
разбивать	break	Кто из вас разбил окно?|Which one of you broke the window?
восприятие	perception	При этом снижается восприятие боли и температуры.|This reduces the perception of pain and temperature.
девять	nine	Завтра жду вас в девять утра.|I’ll be waiting for you at nine o’clock tomorrow morning.
лейтенант	lieutenant	Молодой лейтенант командует взводом.|A young lieutenant is in charge of the platoon.
наступление	onset, coming, offensive,  attack	Красная армия шла в наступление.|The Red Army went on the offensive.
актёр	actor	Сейчас этот актер снимается сразу в двух сериалах.|This actor is currently starring in two serials at the same time.
транспорт	transport	Вечером общественный транспорт переполнен людьми.|Public transport is overcrowded in the evening.
издавать	publish	Впервые книга была издана в Германии в 1951 г.|The book was first published in Germany in 1951.
рекламный	advertising	Сколько стоит снять рекламный ролик?|How much does it cost to record a TV commercial?
хвост	tail	Собака машет мне своим хвостом.|The dog is wagging its tail at me.
воздушный	air	Мы контролируем свое воздушное пространство.|We are monitoring our airspace.
серьёзно	seriously	Серьезно пострадало около двадцати домов.|Around twenty houses were seriously damaged.
заводить	start, keep, have (animals)	Сейчас я просто не могу заводить животных.|Now I simply can’t have pets.
свидетель	witness	Другие пострадавшие и свидетели подтвердили рассказ Романа.|Other victims and witnesses confirmed Roman’s story.
килограмм	kilogram	В посылке было 2 килограмма шоколадных конфет.|There were 2 kilograms of chocolates in the parcel.
ощущать	feel, sense	Я почти ощутил вкус холодного пива во рту.|I could almost taste the cold beer in my mouth.
тянуть	pull	Девушка тянула за веревку козу.|The girl pulled the goat by a rope.
уголовный	criminal	Пропаганда наркотиков есть уголовное преступление.|It is a criminal offence to promote drugs.
удивление	surprise	Его лицо выразило удивление.|His face expressed surprise.
экзамен	exam	Ты не можешь сдать экзамены!|You can’t pass the exams!
приятно	nice	Вещи очень хорошо отстирываются и приятно пахнут.|The items wash very well and smell nice.
каменный	stone	Сейчас вы видите красивый каменный мост.|Now you see a nice stone bridge.
одевать	dress	Мама одевает ребенка.|The mother is dressing her baby.
цикл	cycle	Общее время производственного цикла 15-22 мин.|The overall time of the production cycle is between 15 and 22 minutes.
еврейский	Jewish	В 1972 году Леонид Брежнев дал согласие на еврейскую эмиграцию.|In 1972 Leonid Brezhnev agreed to Jewish emigration.
менеджер	manager	Хочу поучиться на менеджера по персоналу.|I want to train to be an HR manager.
сумка	bag	Володя взял спортивную сумку в левую руку.|Volodya picked up his sports bag with his left hand.
надпись	inscription	И видит он камень с надписью: µНаправо поедешь — коня потеряешь¶.|And then he sees a stone with the inscription: ‘If you go right you will lose the horse. ’
восклицать	exclaim	Мы стали восхищаться и восклицать: µКак здорово! Какой молодец!¶|We started to rejoice and exclaim: ‘Great! That’s brilliant!’
золото	gold	Никто из них не разбирался в золоте и драгоценностях.|None of them had  an idea about gold or jewellery.
сигарета	cigarette	Я сделал глоток кафе и закурил сигарету.|I took a sip of coffee and lit a cigarette.
успешный	successful	Его ждет успешная карьера.|He has  a successful career ahead of him.
немало	many	Я знаю немало случаев, когда человека лечили от одного, а умирал он совсем от другого.|I know many cases where  a person has been cured of one thing and then died of another.
природный	natural	В СССР имелись фантастические природные ресурсы.|The USSR had fantastic natural resources.
цитата	quotation, citation	Я уже приводил цитаты из этой статьи.|I’ve already cited this article.
полоса	stripe, lane	Зачем на милицейской машине синяя полоса?|Why do police cars have a blue stripe on them?
облако	cloud	По небу плыли розовые облака.|Pink clouds were in the sky.
взрослый	adult	Эти фильмы предназначены только для взрослых.|These films are only for adults.
рейтинг	rating	Объединенный клуб собаководов впервые публикует рейтинг собачьих пород.|The United Kennel Club is publishing ratings of dog breeds for the first time.
поход	hike	В студенческие годы он совершал пешие походы по Крыму.|When he was a student he went hiking around the Crimea.
таковой	such	Я люблю только веселых мужчин. И не моя вина, что таковых нет среди бедных.|I like only happy men, and it’s not my fault there aren’t such men among the poor.
указание	instruction, indication	Уважаемый Олег, ждем от Вас письма с указанием номера заказа.|Dear Oleg, we are waiting for your letter indicating your order number.
ведущий	leading	В программу было включено посещение знаменитого университета, где работал ведущий психолог страны.|The programme included a visit to the famous university where the country’s leading psychologist worked.
какой-нибудь	any, some	У тебя есть какая-нибудь еда?|Do you have any food?
разумный	sensible, reasonable	Письмо написано на языке, который понятен любому разумному существу.|The letter was written in a language comprehensible to any intelligent life form.
том	volume	Это будет рассмотрено более детально во втором томе.|It will be considered  in more detail in the second volume.
владеть	own, master	Не они владеют бизнесом, это бизнес целиком владеет ими.|It’s not they who own the business, it’s the business that owns them.
поступок	deed	Причиной катастрофы явился его необдуманный поступок.|His rash behaviour was the cause of the accident.
памятник	monument	На месте его подвига воздвигнут памятник.|A monument will be erected at the site of his heroic act.
атмосфера	atmosphere	В то время уровень углекислого газа в земной атмосфере был в 10 раз выше.|At the time levels of carbon dioxide in the Earth’s atmosphere were 10 times higher.
спорить	dispute	Об обстоятельствах его смерти историки спорят до сих пор.|Historians still debate the circumstances of his death to the present day.
охватывать	cover, affect	Засуха может охватить огромную территорию.|The drought may affect a huge territory.
применять	apply, use	Членам экспедиции запрещено применять огнестрельное оружие.|Members of the expedition may not use firearms.
случайный	random, chance	Случайная встреча перерастает в бурный роман.|A chance meeting turns into a stormy romance.
восстанавливать	restore, replace	Бригада электриков выехала восстанавливать оборвавшиеся провода.|A team of electricians went to replace the torn cables.
определяться	be determined	Цены определяются на договорной основе между продавцом и покупателем.|Prices are determined on a contractual basis between the buyer and seller.
офис	office	Наш офис находится в самом центре города.|Our office is in the very centre of town.
проявление	show, manifestation	Это было бы воспринято ими как проявление слабости.|They would perceive this as a show of weakness.
нация	nation	Это проблема любой маленькой нации.|This is a problem of any small nation.
телевидение	television	В США и в Европе он создал сеть русскоязычного спутникового телевидения.|He created a Russian-language satellite television network in USA and Europe.
вслед	then, after this	Раздается звук поцелуя, а вслед за ним звук пощечины.|There is the sound of  a kiss and then a slap.
осуществлять	implement, carry out	Предварительный отбор кандидатов осуществляют специалисты по подбору персонала.|Recruitment specialists are carrying out the preliminary selection of candidates.
инвестиция	investment	Сейчас объем инвестиций в отечественную экономику оценивается в 60-70 млрд.|The amount of investment into the domestic economy is currently estimated at 60–70 billion dollars.
относить	carry away	Отнеси письмо на почту.|Take the letter to the post office.
активно	active(ly)	Он активно участвовал в общественной жизни села.|He played an active part in village life.
инженер	engineer	Квартиру ʋ 6 в этом доме занимал первый главный инженер нашего завода.|Flat No. 6 in this house was first occupied by the chief engineer from our factory.
знакомство	acquaintance	В первый день знакомства мы проговорили с ним около пяти часов.|On the first day of our acquaintance he and I chatted for around five hours.
дневник	diary, record book	Она ведет дневник.|She keeps a diary.
успешно	successfully	Экипаж самолета успешно справился со всеми боевыми задачами.|The plane’s crew successfully carried out all its combat missions.
удерживать	hold back	Она не смогла удержать слезы.|She couldn’t hold back her tears.
запоминать	remember	71% зрителей с первого раза запоминает такую рекламу.|71% of viewers remember this advertisement from the first time they see it.
текущий	current	За следующий год сбор уплачивается не позднее 28 декабря текущего года.|The fee for next year should be paid no later than the 28th of December of this year.
повышать	raise, increase	Это повышает вероятность ошибок.|This increases the likelihood of a mistake.
Петербург	St Petersburg	Его родители живут в Петербурге.|His parents live in St Petersburg.
неприятный	unpleasant	Пишу вам, потому что я попал в очень неприятную ситуацию.|I’m writing to you because I’m in a very unpleasant situation.
строго	strict(ly)	Строго соблюдайте правила техники безопасности при работе с лошадьми.|Pay strict attention to safety rules when working with horses.
влиять	influence, affect	Что влияет на цену квартиры?|What affects house prices?
аспект	aspect	Мы рассмотрели исторический аспект этой проблемы.|We considered the historical aspect of this problem.
бегать	run	Я много лет бегала по утрам по 10 километров.|For many years I ran 10 kilometres every morning.
остаток	rest, remains	Остаток жизни он намеревается посвятить добрым делам.|He intends to devote the rest of his life to doing good.
кнопка	button	Федор нажал на кнопку.|Fyodor pressed the button.
сделка	deal	Я вам предлагаю выгодную сделку.|I’m offering you a good deal.
спортивный	sport, sporting	Как вы начали свою спортивную карьеру?|How did you start your sporting career?
режиссёр	director	Однажды театральному режиссеру потребовалась трехметровая борода для героя пьесы.|The theatre director once needed a three-metre beard for the star of a play.
программный	software	Новый программный продукт выходит на рынок.|A new software product is being released.
океан	ocean	Этот остров находится в Тихом океане.|The island is in the Pacific Ocean.
правовой	legal	В стране разработана программа правовой защиты беженцев.|The country has developed a system of legal asylum for refugees.
отель	hotel	Для него забронирован номер в пятизвездочном отеле.|A room in  a five-star hotel was booked for him.
вынуждать	force	Их зачастую вынуждают увольняться с работы.|They are often forced to leave their jobs.
налоговый	tax	Он не подавал налоговую декларацию в 1995 году.|He didn’t submit a tax declaration in 1995.
баба	woman	Я простая русская баба, которой кроме детей и кухни, ничего больше в жизни не надо.|I’m a simple Russian woman, who in life needs nothing more than children and food.
скрывать	hide	Прошу вас ничего от меня не скрывать, доктор.|Please don’t hide anything from me, doctor.
распространение	dissemination,  spreading, distribution	Не участвуй в распространении слухов и клеветы.|Don’t spread rumours or slander.
секретарь	secretary	В нашем офисе уволилась секретарь, срочно ищем нового.|The secretary from our office has resigned; we are urgently seeking a new one.
мгновение	moment	В следующее мгновение в квартиру ворвался человек.|The next moment  a man burst into the flat.
посетитель	visitor	Он был постоянным посетителем этого интернет-кафе.|He was a regular visitor to this Internet café.
архив	archive	Издание снабжено большим количеством фотографий из семейного архива Гагариных.|The publication contains many photographs taken from the Gagarin family archive.
сохранение	conservation, preservation	Наша цель — сохранение исторической части города.|Our aim is to preserve the old town.
отсутствовать	be absent	Она довольно часто отсутствует на рабочем месте.|She is quite often absent from work.
пьяный	drunk	Большинство ДТП происходит по вине пьяных водителей.|The majority of road traffic accidents are caused by drunk drivers.
вкладывать	invest, put in	У него есть много свободных денег, которые он хотел бы вложить в недвижимость.|He has lots of disposable income that he would like to invest in property.
кончать	finish	Старшая дочка к этому времени кончала школу.|By this time the eldest daughter was finishing school.
больно	painfully	Что-то больно ударило его в грудь.|He experienced pain from something hitting him in the chest.
император	emperor	В ответ на это император приказал конфисковать имущество монастырей.|In response to this the emperor ordered that property from the monasteries be confiscated.
вселенная	universe	Как возникла вселенная?|How did the universe come about?
СМИ	mass media	Никто не вправе диктовать СМИ объемы и темы публикаций.|Nobody has the right to dictate how much and on what topics the mass media should publish.
губернатор	governor	Он прибыл в Иркутск для встречи с губернатором.|He went to Irkutsk to meet the governor.
заполнять	fill	В этих случаях мы предлагаем им заполнить подробную анкету.|In such cases we ask them to fill out a more detailed form.
умение	skill	Это не потребует никакого специального умения и особых талантов.|It doesn’t require any special skills or talent.
твёрдый	hard, firm	Долго варить не нужно, иначе грибы станут твердыми.|You shouldn’t cook the mushrooms for long or else they will become hard.
стадия	stage	На какой стадии находится рассмотрение моей заявки?|At what stage is the review of my application?
инициатива	initiative	Важно, чтобы эта инициатива исходила от ребенка.|It’s important that this initiative comes from the child.
признание	recognition, confession	Суд учтет ваше добровольное признание.|The court will take into account your confession.
масштаб	scale	Мы не оценили масштабов бедствия.|We didn’t appreciate the scale of the disaster.
ремонт	repair, renovation	Квартира после ремонта сверкает!|The flat looks sparkling after its renovation!
вон	there	Вон у той девушки очень красивые ноги.|That girl there has really nice legs.
терпеть	endure, tolerate	Я едва терплю боль и не могу двигаться.|I can barely tolerate the pain and I can’t move.
пятнадцать	fifteen	Я вернусь через пятнадцать минут.|I’ll come back in fifteen minutes.
намного	much	Калорий здесь намного больше, чем в шоколаде.|There are many more calories in this than there are in chocolate.
летний	summer	Олег подружился с ребятами в летнем лагере.|Oleg made friends with the children at the summer camp.
дым	smoke	Под потолком клубился табачный дым.|There were clouds of tobacco smoke under the ceiling.
танец	dance, dancing	Я с самого детства занималась бальными танцами.|I’ve been ballroom dancing ever since I was a child.
распоряжение	order, instruction	Без письменного распоряжения мои действия будут незаконными.|Without a written order my actions will be illegal.
радоваться	be glad, rejoice	Отец радовался успехам сына.|The father rejoiced at his son’s success.
лекция	lecture	Когда состоится следующая лекция?|When is the next lecture?
оплата	payment	Некоторые фирмы ввели почасовую оплату услуг своих специалистов.|Some firms have started paying for the services of their specialists on an hourly basis.
вероятность	probability	При этом заметно сокращается вероятность загрязнения водной среды.|This notably reduces the probability of water pollution.
щека	cheek	Внук поцеловал ее в щеку.|Her grandson kissed her on the cheek.
параметр	parameter	Все параметры находятся в пределах нормы.|All parameters are within normal limits.
агент	agent	Разговор генерала с секретным агентом длился больше двух часов.|The conversation between the general and a secret agent lasted more than two hours.
интеллектуальный	intelligent	Это будет способствовать формированию интеллектуальной элиты страны.|This will facilitate the development of the intellectual elite of the country.
согласие	consent	Советское правительство дало согласие на этот визит.|The Soviet government gave its consent to this visit.
рубеж	border, mark	Впервые компания перешагнет рубеж в 1 миллиард рублей годового товарооборота.|The company’s annual turnover will exceed the 1 billion ruble mark for the first time.
коробка	box	У вас найдется маленькая картонная коробка?|Have you got a small cardboard box?
критерий	criterion	Рассмотрим основные критерии отбора.|We’ll consider the main selection criteria.
складывать	fold, stack, sum up, put  (together)	Мы сложили вещи в общую кучу.|We put the things into a single pile.
марка	stamp, brand	Я забыл наклеить марку на конверт.|I forgot to put a stamp on the envelope.
происхождение	origin	Материал явно неземного происхождения.|The material is evidently of an extraterrestrial origin.
смешной	funny	Наташа, я вам сейчас такой смешной анекдот расскажу!|Natasha, I’ve got  a really funny joke to tell you!
абсолютный	absolute, complete	К вечеру ветер затихает и наступает абсолютная тишина!|By evening the wind dies down and it’s completely quiet.
приятель	friend	С Петровым у нас оказался общий приятель — Толя Кольцов.|It turned out that Petrov and I have a mutual friend – Tolya Kol’tsov.
угодно	you like, you want	Ведь во всемирной паутине можно найти все, что угодно, или почти все.|After all, you can find anything, or almost anything, you want on the World Wide Web.
публика	crowd, public	Зал стремительно заполнялся нарядной публикой.|The well-dressed crowd quickly filled the hall.
вуз	institution of higher education	Он не доучился в театральном вузе.|He didn’t finish his studies at the theatrical institute.
рекомендовать	recommend	Врачи рекомендовали мальчику индивидуальное обучение на дому.|Doctors recommended the boy for individual tuition at home.
молитва	prayer	Тетка Анна заказала поминальную молитву.|Auntie Anna requested  a memorial prayer.
опускаться	lower	Встаньте прямо, руки опустите.|Stand up straight and lower your arms.
бесконечный	endless, very long	Полковник вел с доктором бесконечные разговоры.|The colonel had a very long conversation with the doctor.
сервер	server	В этот каталог имел доступ только администратор сервера.|Only the server’s administrator had access to this file.
метро	Metro, underground	Когда я впервые попал в Москву, то решил поехать на метро и заблудился.|When I first went to Moscow I decided to use the Metro and got lost.
нажимать	press, click	Потом нажмите на кнопку µЗагрузить изображение¶.|Then click ‘Upload Picture’ .
подбирать	pick up, match together	Ко многим словам можно подобрать слова с противоположным значением.|Many words can be matched with words that have the opposite meaning.
эфир	air, ether	Основное время в эфире этих телестудий занимают коммерческие передачи.|Commercials take up most of the air time of these TV studios.
таблица	table	Таблица содержит две тысячи строк.|There are two thousand lines in the table.
юный	young	Он сразу, несмотря на свой юный возраст, взял на себя ответственность за семью.|Despite being young, he immediately took on responsibility for the family.
ненавидеть	hate	Может, тогда он и научился ненавидеть и презирать людей.|Maybe it was then that he learned to hate and despise people.
сопротивление	resistance	Шофер попытался оказать сопротивление, за что получил два ножевых ранения в плечо.|The driver tried to put up a struggle and was stabbed twice in the shoulder for his trouble.
ой	oh, ouch	Ой, болит!|Ouch, that hurts!
удовлетворять	satisfy	По мере наших возможностей мы стремились удовлетворить их просьбы.|We tried to satisfy their requests as much as we could.
длина	length	Ее длина равнялась приблизительно 750 км.|It was roughly equal to 750 km in length.
критика	criticism	Он выступил с резкой критикой политики невмешательства.|He harshly criticized the policy of non-intervention.
удача	luck	Такая удача выпала ему впервые.|It was the first time that he had such luck.
дружба	friendship	Крепкая мужская дружба связала их на всю жизнь.|They were bound for life by a strong male friendship.
намерение	intention	Он объявил о своем намерении пойти служить в военно-морской флот.|He announced his intention to join the navy.
преодолевать	overcome, go beyond	К началу третьей недели он уже мог преодолевать расстояние в пятьдесят метров.|By the start of the third week he was already able to go beyond 500 metres.
крест	cross	Отец Василий поднял над головой крест.|Father Vasily raised a cross above his head.
снижение	reduction, descent	Самолет идет на снижение.|The plane is starting its descent.
сбор	collection, fee	С них взимается консульский сбор в размере 100 долларов США.|There is a consular fee of 100 US dollars.
неожиданный	unexpected	Судьба вдруг делала еще один неожиданный поворот.|Fate suddenly dealt me another unexpected change of events.
протяжение	course, extent	Мы с женой были счастливы на протяжении двадцати лет.|My wife and I were happy together for twenty years.
выражаться	be expressed, be	В чем выразилось ваше непосредственное участие в этом событии?|What was your direct involvement in this event?
ужин	dinner	Эти замечательные люди накормили нас очень вкусным ужином.|These remarkable people gave us a very tasty dinner.
колесо	wheel	Быть может, у них спустило колесо.|Perhaps they have a flat tyre.
отлично	excellent(ly), very well	Тамара отлично помнила эту историю.|Tamara remembered this story very well.
двигатель	engine	Двигатель машины тихо заработал.|The engine of the car quietly started to rev.
отводить	bring, take	Муж отводит детей в школу и забирает их обратно.|My husband takes the kids to school and picks them up again.
перемена	change, break	Пойдем на перемене в буфет?|Shall we go to the canteen during the break?
талант	talent	Она обладает большим литературным талантом.|She has a great talent for literature.
длительный	long	Преступник задержан и ему грозит длительный срок заключения.|The criminal has been arrested and he faces a long stretch in prison.
привет	hi, regards	Передавай привет Евгению.|Pass on my regards to Yevgeniya.
планировать	plan	Они планируют экспедицию в Антарктику|They are planning an expedition to the Antarctic.
предпринимать	undertake, take	Император предпринимает шаги по укреплению воинской дисциплины в гвардейских частях.|The emperor is taking steps to strengthen military discipline in the Guard units.
подсказывать	prompt, tell	Интуиция мне подсказывала: что-то здесь не так.|Intuition told me that something wasn’t right.
дискуссия	discussion	В кругах левой оппозиции продолжается дискуссия.|The discussion is being continued among the left opposition.
голый	naked	Вот уже два дня он ходит голый и не хочет одеваться.|He’s been walking around naked for the last two days and doesn’t want to get dressed.
доводить	lead to, take to	Она с трудом довела его до кровати.|She struggled to get him to bed.
священник	priest	Эту историю рассказал священник, отец Алексий.|The priest, father Aleksey, told this story.
мирный	peace, peaceful	Перед нами расстилается мирный безмятежный пейзаж.|A peaceful, serene landscape stretches out in front us.
поворот	turn, bend	Река в этом месте делает крутой поворот налево.|The river bends sharply to the left here.
переживать	experience, worry	Бедная твоя мама, представляю, как она переживает за тебя!|Your poor mum – I can imagine how she must worry about you.
труп	corpse, (dead) body	Прохожие обнаружили труп молодой девушки.|Passers-by found the body of  a young girl.
сочинение	composition, essay	Я даже в школьном сочинении писал об этом.|I even wrote about it in a school essay.
упражнение	exercise	Мы сделали упражнение по русскому языку.|We did our Russian language exercise.
наказание	punishment	Телесные наказания запрещены законом.|Corporal punishment is forbidden by law.
автомат	machine, machine gun,  payphone	Я звоню тебе из автомата.|I’m calling you from a payphone.
зверь	beast, animal	Зверь высоко прыгнул.|The beast leapt upwards.
юноша	youth, young boy	Словно пылкий юноша, он мечтал лишь о первом свидании.|As a hot-blooded young lad, he thought only of his first date.
стратегический	strategic	Мы также обсудим другие вопросы нашего стратегического взаимодействия.|We shall also discuss other questions regarding our strategic collaboration.
моральный	moral	Он понес моральный и материальный ущерб.|He suffered moral and material losses.
чрезвычайно	extremely	Это чрезвычайно важное дело.|This is an extremely important matter.
приближаться	approach	Корабль быстро приближался к берегу.|The ship was quickly approaching the shore.
ныне	now, at present	Это пишет моя мама, бывшая учительница, ныне пенсионерка.|This was written by my mother, a former teacher and now a pensioner.
мобильный	mobile	Здесь нельзя пользоваться мобильным телефоном.|It’s prohibited to use mobile phones here.
семинар	seminar	Уже девять лет мы вместе ведем поэтический семинар в Литературном институте.|We’ve been running the poetry seminar at the Literary Institute for nine years now.
образовывать	form, educate, teach	Мы поняли, что надо образовывать население, надо менять его менталитет.|We realised that it is necessary to educate the nation, to change their mentality.
осуществляться	be implemented	Проект осуществляется при финансовой поддержке Европейского Союза.|The project is being implemented with the financial support of the European Union.
заговаривать	start speaking,   cast a spell	Я так и не решилась заговорить с ним.|I was hesitant about speaking to him.
трудовой	labour	Он нарушил трудовую дисциплину.|He broke labour discipline.
диван	sofa	Он прилег на диван и заснул.|He lay down on the sofa and fell asleep.
непонятный	incomprehensible	Здесь много непонятных слов.|There are many incomprehensible words here.
наркотик	drug	Тогда он еще не пристрастился к наркотикам.|At the time he’d still not become addicted to drugs.
меч	sword	Воины обнажили мечи и бросились на толпу.|The warriors drew their swords and ran at the crowd.
сложность	complexity, complication	Возникли сложности с финансированием проекта.|There were complications in financing the project.
мешок	bag	Я дам тебе целый мешок конфет.|I’ll give you a whole bag of sweets.
шептать	whisper	— Мамочка, — тихо шепчет мальчик, — я боюсь.|‘Mum, ’ the boy quietly whispers, ‘I’m scared. ’
совесть	conscience	Совесть не позволяла мне показаться на глаза людям.|My conscience wouldn’t allow me to appear in front of other people.
наверно	probably	Ой, я наверно номером ошибся.|Oh, I’ve probably got the wrong number.
куда-то	somewhere	Девочки куда-то убежали.|The girls ran away somewhere.
областной	regional	Мальчика немедленно отвезли в областную детскую больницу.|The boy was immediately taken to the regional children’s hospital.
премия	prize	Эта премия присуждается за научные достижения в энергетике.|This prize is awarded for scientific achievements in the field of energetics.
пассажир	passenger	Пассажиры оплачивают проезд.|The passengers are paying for the journey.
поэзия	poetry	Я плохо знаю современную поэзию.|I’m not very familiar with contemporary poetry.
достаточный	sufficient	В стране имеется достаточное количество дизельного топлива.|There’s a sufficient supply of diesel in the country.
обработка	processing, treatment	Сейчас идет научная обработка имеющихся экспонатов.|Now the collected artefacts are being processed by scientists.
психология	psychology	Он изучает психологию в университете.|He studies psychology at university.
жильё	accommodation	Беженцам предоставили временное жилье.|The refugees were given temporary accommodation.
код	code	Ирина набрала код Москвы и номер Сашиного телефона.|Irina dialled  the Moscow code and Sasha’s telephone number.
обманывать	deceive, cheat	Этот мерзавец мог обмануть кого угодно.|That swine could cheat anybody.
увы	alas	Наша борьба проиграна, увы!|Alas, we lost the battle!
успокаиваться	calm down	Ну, успокойтесь, все уже в порядке.|Come on, calm down: everything is okay now.
рыночный	market	По оценкам специалистов, рыночная стоимость объекта составляет около 400 тыс.|According to specialists, the market value of the property is around $400,000.
помощник	assistant	Я не нуждаюсь в помощниках.|I don’t need assistants.
кормить	feed	Ведь ему надо было кормить семью.|After all, he needed to feed the family.
контролировать	control, monitor	Лаборатория контролирует качество выпускаемой продукции.|The lab monitors the quality of its products.
Италия	Italy	Вы были в Италии?|Have you been  to Italy?
экипаж	crew	Уважаемые пассажиры! Экипаж приветствует вас на борту нашего авиалайнера.|Dear passengers, the crew would like to welcome you onboard the aircraft.
сценарий	scenario, film script	Он мне показал сценарий фильма, который собирается снимать.|He showed me the script of the film that he’s about to make.
сбивать	knock down	Мой близкий друг ехал на мотоцикле и сбил пешехода.|My close friend was riding a motorbike and knocked down a pedestrian.
лёд	ice	Я бы лучше выпил стакан апельсинового сока со льдом.|I’d rather have a glass of orange juice with ice.
проникать	penetrate, infiltrate	При незащищенном сексе выделения, которые могут содержать и передавать ВИЧ, проникают в организм партнера.|During unprotected sex bodily fluids, which may contain and transmit HIV , infiltrate the partner’s body.
предприниматель	entrepreneur	Ее муж Владимир — успешный предприниматель.|Her husband Vladimir is a successful entrepreneur.
ассоциация	association	Семинар организует международная ассоциация предпринимателей.|The seminar is being organized by the international organization of entrepreneurs.
спектакль	performance, play	21 сентября на сцене нашего театра состоится спектакль под названием µДень радио¶.|A play called ‘Den Radio’  is taking place at our theatre on the 21st of September.
краска	paint	Забор покрасили зеленой краской.|The fence was painted green.
поздравлять	congratulate	Спасибо, но поздравлять пока не с чем.|Thank you, but there is still no reason to congratulate me.
ракета	rocket	В небо взлетает ракета.|A rocket is flying into the sky.
выставлять	show, put forward	Боксерши России выставили на матч свои сильнейшие составы.|Russian boxers put forward their strongest teams for the match.
постановление	decree, act	Согласно Постановлению Правительства РФ ʋ 95 турфирмы вправе требовать переоформления действующих лицензий на осуществление международного туризма.|In accordance with Decree No. 95 of the Government of the Russian Federation, travel agencies have the right to demand that existing international tourism licences be re-issued.
пожимать	press, shake (hands)	Из вежливости президент пожимал руку каждому из них.|Out of courtesy the president shook everyone’s hand.
жениться	marry	У меня для тебя новость: я скоро женюсь.|I’ve got some news for you: I’m getting married soon.
зря	in vain	Мы не зря потратили время и деньги.|We didn’t spend our time and money  in vain.
свидетельство	certificate	У меня нет оригинала свидетельства о браке, только копия.|I don’t have my original marriage certificate: just a copy.
потолок	ceiling	Это была длинная комната с низким потолком.|It was a long room with  a low ceiling.
аудитория	lecture theatre, audience	Этот фильм ориентирован на молодежную аудиторию.|This film is aimed at a young audience.
песок	sand	Здесь солнце, море и золотой песок.|Here you’ve got the sun, sea and golden sand.
излагать	report, give an account	Мне не раз приходилось излагать и комментировать официальную позицию Русской Церкви по данному вопросу.|I have had to report and comment on the official position of the Russian Church on this issue several times.
грязь	dirt	Его лицо было черное от грязи и пыли.|His face was black from dirt and dust.
тщательно	meticulously	Это мероприятие было тщательно подготовлено.|The event had been meticulously planned.
регистрировать	register	Загсы регистрируют и рождение, и смерть.|Both births and deaths are registered at the registry office.
ангел	angel	Ангел Господень явился ему во сне.|He saw the Holy Angel in his sleep.
монастырь	monastery, cloister	Основал монастырь Василий ,,, в 1524 году в честь взятия Смоленска.|The monastery was founded by Vasily III in 1524 in honour of the capture of Smolensk.
оглядываться	look back, look round	Он боялся оглянуться назад.|He was scared of looking back.
привычный	habitual, usual, used	Я привычен к холоду.|I’m used to the cold.
анекдот	anecdote, joke	Я уже слышал этот анекдот.|I’ve already heard this joke.
выезжать	leave	Ни одна машина не выезжала и не въезжала на стоянку.|Not a single car entered or left the parking lot.
маршрут	route	Наш маршрут пролегал через полстраны.|Our route took us through half of the country.
отпуск	holiday	Мы поехали в отпуск на море.|We went on holiday to the seaside.
необычный	unusual	Однажды ему прислали необычный подарок.|Once he was sent an unusual present.
сообщество	community	В профессиональном сообществе он давно уже пользуется огромным авторитетом.|He has been an authoritative figure in the professional community for a long time.
обходить	bypass, walk around	Она пешком обошла все окрестности.|She walked around all the neighbourhoods on foot.
прочесть	read	Я уже прочел эту книгу.|I’ve already read this book.
пыль	dust	Пианино покрылось пылью.|The piano was covered in dust.
предназначенный	design, designate,  intend	Они рекламируют свои карточки как самые безопасные и специально предназначенные для покупок в интернете.|They advertise their  cards as being the safest and state that they are specially intended for online purchases.
демократический	democratic	Мы строим демократическое общество.|We are building a democratic society.
задерживать	delay, hold up	Он часто задерживал своих сотрудников на работе допоздна.|He often held his staff up late at work.
идеальный	ideal	Это идеальный вариант для молодой семьи.|This is the ideal option for  a young family.
чёткий	precise	У вас нет четкого понимания поставленных перед вами задач.|You don’t have a precise understanding of the task at hand.
падение	fall	Он разбил голову при падении с лестницы.|He banged his head when he fell down the stairs.
бесплатный	free	Рядом с кинотеатром есть бесплатная парковка.|There’s a free car park next to the cinema.
растение	plant	Моя тетка любит растения.|My aunt loves plants.
обнимать	hug	Она обняла брата.|She gave her brother a hug.
аргумент	argument	Эти аргументы его не убедили.|These arguments didn’t convince him.
введение	introduction	Он читает лекции по введению в психоанализ.|She teaches an introduction to psychoanalysis.
никуда	nowhere, anywhere	Я больше никуда не поеду!|I’m not going anywhere anymore!
боец	fighter	Каждый боец ©Альфыª обеспечен индивидуальной связью.|Every Alpha Fighter is equipped with an individual communications system.
ткань	cloth	Она была одета в платье из ткани в цветочек.|She was wearing a dress made from cloth with flowers on it.
уступать	give up	Они не уступают место пожилым людям в транспорте.|They don’t give up their seats to elderly passengers.
завершать	complete	А завершает список бытовая электротехника.|And house appliances complete the list.
нужда	need	Дети страдали от вечной нужды и беспробудного пьянства родителей.|The children were in constant need and suffered from their parents’ heavy drinking.
горло	throat	У ребенка болит горло.|The baby has  a sore throat.
дочка	daughter	Впереди меня идут мама с дочкой.|A mum and her daughter are walking in front of me.
убегать	run	От такой жизни дети часто убегают из дома.|Children often run away from home to escape such a life.
кость	bone	Под столом собака грызет кость.|The dog is chewing a bone under the table.
столик	table	Газеты аккуратно разложены на журнальном столике и подготовлены к просмотру.|The newspapers are  neatly laid out on the coffee table ready to be read.
научить	teach	Как научить попугая разговаривать?|How do you teach a parrot to talk?
нежный	tender	Она — заботливая и нежная мать.|She’s a caring and tender mother.
яйцо	egg	Купи молока, масла и два десятка яиц.|Buy some milk, butter and two dozen eggs.
склад	warehouse	Товар хранится на складе.|The product is stored at the warehouse.
темп	tempo, pace	Эти упражнения выполняются в среднем темпе.|These exercises should be performed at a moderate pace.
наполнять	fill	Мы наполняем ванну водой.|We are filling the bath with water.
обозначать	stand for, mean	Что обозначает эта аббревиатура?|What does this abbreviation stand for?
запускать	neglect, let	Запускать в зал начнут через полчаса.|People will be let into the hall in half an hour.
британский	British	Он был майором британской армии.|He was a major in the British army.
запрос	request	Жильцы дома направили коллективный запрос в мэрию.|Residents of the block of flats sent their collective request to the town hall.
адвокат	lawyer	Мне надо посоветоваться с адвокатом.|I need to consult my lawyer.
существующий	existing, current	Существующий уровень инфляции чрезмерно высок.|The current level  of inflation is excessively high.
формат	format	В настоящее время существует множество форматов хранения цифрового видео.|Nowadays, there  are many formats for storing digitized video.
съесть	eat up	Ты уже все съела?|Have you already eaten everything?
опытный	experienced	Ирина Владимировна — опытный педагог.|Irina Vladimirovna is an experienced teacher.
пистолет	pistol	Она крепко сжимала пистолет обеими руками.|She firmly gripped the pistol with both hands.
промышленный	industrial	Объем промышленного производства в январе — апреле вырос на 6,2%.|In the period from January to April industrial output rose by 6.2 per cent.
подросток	teenager	Для современного подростка это очень важно.|This is very important for  a teenager of today.
бомба	bomb	В пятидесяти метрах от отеля взорвалась бомба.|A bomb exploded fifty metres from the hotel.
тратить	spend	Ты опять тратишь деньги на всякую ерунду!|There you go again spending money on rubbish!
уход	leaving, care	Не забывайте о средствах для ухода за кожей после загара.|Remember to use skin care products after sunbathing.
навстречу	towards	Вдруг ему навстречу выходит медведь!|And suddenly a bear runs out towards him!
заведение	place, establishment	У каждого старика, попавшего в это заведение, своя судьба, своя личная драма.|Every old person who ends up in this place has his own fate, his own personal drama.
социально	socially	Наше общество давно уже социально неоднородно.|Our society has long been socially heterogeneous.
башня	tower	Часы на кремлевской башне пробили полночь.|The clock on the Kremlin tower struck midnight.
горе	grief, misfortune	Их мать покончила с собой, не пережив горя.|Their mother committed suicide, not able to cope with the grief.
хозяйка	hostess, owner	Да, я хозяйка этой гостиницы.|Yes, I’m the hotel owner.
навык	skill	Эта игра дает массу полезных навыков ребенку.|This game teaches children lots of useful skills.
богатство	wealth	Она всегда завидовала чужому богатству.|She was always envious of other people’s wealth.
верховный	supreme, high	Тогда я обратился в Верховный Суд РФ.|Then I took my appeal to the Supreme Court of the Russian Federation.
понадобиться	need	Для этой комнаты вам понадобится 7 рулонов обоев.|You will need 7 rolls of wallpaper for this room.
уважать	respect	Его любят и уважают коллеги.|His colleagues love and respect him.
поражение	defeat, impairment, lesion	Недостаток этого вещества вызывает главным образом поражения кожи.|Insufficient application of this substance leads predominantly to the formation of skin lesions.
подразделение	unit	По инициативе Андропова было создано антитеррористическое подразделение КГБ.|An anti-terrorist unit of the KGB was established on Andropov’s initiative.
мотив	motive, tune	Я весь день напевала мотив этой песни.|I hummed the tune of this song all day.
подводить	bring closer, let down	Что же ты меня подводишь?|Why are you letting me down?
туалет	toilet, lavatory	Женский туалет находится на втором этаже.|The ladies’ toilet is on the second floor .
банка	jar	Вадим Иванович открыл банку вишневого варенья.|Vadim Ivanovich opened a jar of cherry jam.
остановка	stop	До конечной остановки трамвай шел 45 минут.|The tram took 45 minutes to get the last stop.
тревога	anxiety	Его охватила тревога.|He was gripped by anxiety.
оборот	turnover, turn, circulation	Старые денежные знаки постепенно изымаются из оборота.|Old bank  notes are gradually being taken out of circulation.
жестокий	cruel	Его признали виновным в жестоком обращении с животными.|He was convicted of cruelty to animals.
дрожать	tremble	Его ноги дрожали от волнения.|His legs were trembling from nerves.
крепко	firmly	Он крепко обнял племянницу.|He firmly embraced his niece.
порт	port	Рыболовецкие суда вернулись в порт.|The fishing vessels returned to port.
судно	ship, vessel, chamber pot	Капитан вел свое небольшое судно по всем законам дальнего плавания.|The captain was sailing his small ship according to long-distance sailing rules.
дорого	expensive	Билет дорого стоит.|The ticket is expensive.
самостоятельно	independent(ly),   by oneself	Он ранен и не может самостоятельно передвигаться.|He’s injured and can’t move by himself.
плод	fruit	Мимо шла женщина с блюдом, наполненным плодами манго на продажу.|A woman with a tray full of mangos, which she was selling, walked by.
близко	near, close	Когда-то моя мать близко дружила с одним поэтом.|Once my mum became close friends with a poet.
административный	administrative	Битцевский парк расположен в Южном административном округе г. Москвы.|Bittsevsky Park is located in Moscow’s Southern Administrative Region.
впоследствии	subsequently	Впоследствии оказалось, что это был несчастный случай.|It subsequently transpired that it was an accident.
борт	side, board	Пароход накренился на правый борт и опрокинулся.|The ship leaned to its right and capsized.
пахнуть	smell	Как вкусно пахнет!|What a nice smell!
соединение	connection	Как настроить соединение с Интернетом?|How do you set up an Internet connection?
контракт	contract	Я готов подписать контракт немедленно!|I’m ready to sign the contract immediately!
свадьба	wedding	Свадьбу придется отменить.|The wedding will have to be cancelled.
доверие	trust	Наш брак был основан на взаимном доверии.|Our marriage was based on mutual trust.
диалог	dialogue	Они продолжили диалог.|They continued their dialogue.
туман	fog	Над озером висел густой туман.|Thick fog hung over the lake.
восторг	delight	Первый снег привел ее в восторг.|She was delighted at the sight of the first snow.
слышаться	be heard	Отовсюду слышались очереди выстрелов и одиночные хлопки.|Rounds of gunfire and solitary bangs could be heard from everywhere.
прибор	device	Приборы работают нормально.|The devices are working normally.
точность	precision	Он любил точность во всем.|He liked precision in everything.
внизу	below	Через несколько часов полета над океаном внизу показался небольшой остров.|Having flown for several hours over the ocean we saw a small island below.
приступать	set to, proceed	Нам необходимо немедленно приступить к операции, иначе будет поздно.|You must proceed to have  the operation immediately; otherwise, it will be too late.
девчонка	young girl	Тебе никто не говорил, что ты — отличная девчонка?|Has anyone ever told you that you’re a great girl?
тайный	secret	Это говорит о тайном и подрывном характере деятельности.|This tells of the secret and subversive nature of the activity.
персонал	staff	Персонал гостиницы насчитывал более 1500 человек.|The hotel’s staff numbered more than 1,500 people.
качественный	quality	Они производят качественную кондитерскую продукцию.|They make quality confectionery products.
молчание	silence	Наконец один из гостей нарушил молчание.|Finally one of the guests broke the silence.
мальчишка	small boy	Он был моим кумиром, когда я был мальчишкой.|He was my idol when I was a young boy.
махать	wave	Он машет мне рукой.|He’s waving  at me.
побежать	run	Дети побежали ему навстречу.|The children ran to meet him.
очки	glasses	Но это же не мои очки!|But these aren’t my glasses!
особенный	special	Для этой работы нужна особенная подготовка.|Special training is needed for this work.
расставаться	part, separate	Она плачет от горя, что навеки расстается с любимым мужем.|She is crying in sadness that she is parting with her beloved husband forever.
конституция	constitution	Конституция России гарантирует свободу вероисповедания.|The Russian Constitution guarantees freedom of religion.
развивать	develop	Это упражнение развивает мышцы ног.|This exercise develops leg muscles.
обретать	find	Я приехала сюда в надежде обрести покой.|I came here hoping to find  peace.
кодекс	code	Это противоречит ряду статей Налогового кодекса РФ.|This contradicts several articles of the Russian Tax Code.
оператор	operator	Это крупнейший сотовый оператор России.|It is a major mobile telephone operator in Russia.
беременность	pregnancy	Ее беременность протекала нелегко.|She had a tough pregnancy.
майор	major	Майор быстро оценил ситуацию.|The major quickly assessed the situation.
избирать	elect	Председателя Европейской Комиссии надо избирать на всеобщих выборах.|The President of the European Commission should be elected at the general meeting.
аналогичный	similar	В 1892 году с ним произошел аналогичный случай.|A similar incident happened to him in 1892.
исследователь	researcher	Исследователи установили, что смех полезен для здоровья.|Researchers have established that laughing is good for you.
француз	Frenchman	Он хорошо говорит по-французски, прямо как настоящий француз.|He speaks good French, just like a real Frenchman.
замуж	marry	А я замуж выхожу!|And I’m getting married!
препарат	drug	Этот препарат принимают 3 раза в день во время еды.|This drug is taken three times a day during food.
хранить	keep	Открытый флакон можно хранить в холодильнике не более 5 суток.|An open bottle shouldn’t be kept in the fridge for longer than 5 days.
игрушка	toy	Какая любимая игрушка у твоей дочери?|What is your daughter’s favourite toy?
весело	merrily	Подруги весело болтали.|The friends chatted merrily.
повторяться	repeat	У нее часто повторяются приступы мигрени.|She has repeated migraines.
конструкция	construction, design	Такая конструкция пригодна только для дверей, открывающихся внутрь.|This design is suitable only for doors that open inwards.
самостоятельный	independent	Мы с братом росли очень самостоятельными детьми.|My  brother and I grew up as very independent children.
сезон	season	Купальный сезон здесь длится с середины мая до конца октября.|The bathing season here lasts from the middle of May until the end of October.
формула	formula	Площадь круга вычисляется по простой формуле.|The area of a circle is calculated by a simple formula.
надоедать	bother	Он больше не будет тебе надоедать.|He won’t bother you anymore.
рассмотрение	review, inspection	При ближайшем рассмотрении всё это оказалось искуснейшей вышивкой.|On closer inspection it turned out be a most intricate piece of embroidery.
посадить	plant, seat	Гостей посадили за стол.|The guests were seated at the table.
проигрывать	lose, play	Устройство может проигрывать музыку в любых форматах.|This device can play music in any format.
всеобщий	universal, all-out	С декабря 2002 по февраль 2003 проходила всеобщая забастовка.|An all-out strike was held from December 2002 to February 2003.
насилие	violence	Число детей, пострадавших от сексуального насилия, растет из года в год.|The number of child victims  of sexual violence grows from year to year.
кулак	fist	Он в истерике колотил кулаками землю.|In his rage he pounded the ground with his fists.
закладывать	put, turn in	Меня какая-то сука заложила!|Some bitch turned me in!
жест	gesture	Все, что ей требовалось, Галя могла прекрасно объяснить жестами.|Galya was able to use gestures to explain everything that she needed.
кто-нибудь	anybody, somebody	Эй, кто-нибудь есть дома?|Hey, is anybody home?
исходный	initial, starting, original	Верните левую ногу в исходное положение и выполните такое же движение правой ногой.|Put your left leg back in its original position and make the same movement with your right leg.
англичанин	Englishman	В начале века дом принадлежал англичанину Алистеру Кроули.|At the start of the century the house belonged to the Englishman Aleister Crowley.
расходиться	disperse, leave	Гости расходились в третьем часу ночи уставшие, но довольные.|The guests left at three o’clock in the morning, feeling tired but happy.
физика	physics	Основные его труды относятся к теоретической физике.|His main works are in the area of theoretical physics.
карточка	card	Новые слова я записываю на карточки и учу их в транспорте.|I write down new words on cards and learn them while I’m travelling on public transport.
бригада	brigade, team	Бригада маляров красит помещение.|A team of painters is painting the premises.
обслуживание	service	Это обеспечивает круглосуточное обслуживание клиентов через интернет.|It provides round-the-clock service for our Internet clients.
спасение	saving, rescue	Я буду бороться за спасение своей жизни!|I will fight to save my life!
лаборатория	laboratory	Здесь исследовательская лаборатория, а не место для прогулок.|This is a research laboratory, not a place for fooling around.
дешёвый	cheap	Мы поселились в самом дешевом отеле.|We got ourselves a room in the cheapest hotel.
капля	drop	Мне на щеку упала капля дождя.|A raindrop fell on my cheek.
прикрывать	cover, shut, close (partly)	— Андрюша, прикрой дверь, а то холодно.|‘Andryusha, shut the door, or else it will be cold. ’
непосредственный	direct, spontaneous	Они очень милые и непосредственные, как дети.|They are very nice and uncomplicated like children.
паспорт	passport	В российском паспорте нет графы µнациональность¶.|A Russian passport has no ‘Ethnicity’ line.
полка	shelf	Поставь книгу на полку.|Put the book on the shelf.
гибель	death	В этом году исполняется 10 лет со дня его трагической гибели.|This year marks 10 years since his tragic death.
подозревать	suspect	Его подозревали в торговле наркотиками.|He was suspected of drug trafficking.
вызов	call	Поступил срочный вызов в пожарную охрану.|The fire brigade received an urgent call.
дар	gift	Она была наделена замечательным поэтическим даром.|She possessed  a remarkable gift for poetry.
протокол	protocol, report	Россия подписала Киотский протокол 11 сентября 1999 г.|Russia signed the Kyoto Protocol on the 11th of September 1999.
активность	activity	Полезная, здоровая пища плюс физическая активность — залог долголетия.|Good, healthy food plus physical activity guarantees a long life.
выбрасывать	throw away, throw out	Выбрасывать мусор из окон запрещено!|It is forbidden to throw rubbish out of the windows.
рекомендация	advice, recommendation,  reference	Мне нужна рекомендация для поступления в аспирантуру.|I need a reference to be able to take a postgraduate degree
ровно	exactly, evenly	В четверг исполняется ровно год, как ты в тюрьме.|On Thursday you will have been in prison for exactly a year.
объявление	advertisement,  announcement	Он дал в газету объявление о знакомстве.|She put a lonely-hearts advertisement in the newspaper.
лекарство	medicine	Она зашла в аптеку за лекарством для матери.|She went to the chemist’s for her mother’s medicine.
докладывать	report	Мне доложили о выполнении задачи.|It was reported to me that the job had been done.
доставаться	get, received	Ему в наследство досталась квартира.|He inherited a flat.
посёлок	village	Приморский поселок Коктебель — популярный курорт.|The seaside village Koktebel’ is a popular resort.
горный	mountain	Вдоль дороги бежит горная река.|A mountain stream runs alongside the road.
максимальный	maximum	Здесь можно ехать с максимальной скоростью 100 км/час.|Here you can drive at a maximum speed of 100km/hour.
полчаса	half an hour	Такси приедет через полчаса.|The taxi will arrive in half an hour.
успокаивать	calm, pacify	— Самое страшное уже позади, — успокаивал Андрей родителей.|‘The worst is behind us’ , Andrey said to his parents in an attempt to pacify them.
отказывать	refuse	Он не может отказать другу в помощи.|He can’t refuse to help a friend.
высказывание	statement, remark	В статье содержатся оскорбительные высказывания в адрес участников форума.|The article contains offensive remarks made about the forum’s participants.
карьера	career	Ради успешной карьеры она готова жертвовать чем угодно.|She would sacrifice anything for the sake of a successful career.
отдыхать	rest	На лавочках под деревьями отдыхали старики.|The old men were resting, sitting on the benches under the trees.
ловить	catch	Не важно, какого цвета кошка, важно, чтобы она ловила мышей.|It’s not important what colour a cat is, it’s important that it catches mice.
замечание	remark, comment	Он игнорирует замечания учителя.|He ignores the teacher’s comments.
несомненно	undoubtedly	Он несомненно лучший наш игрок.|He is undoubtedly our best player.
мороз	frost	Ночью мороз усилился.|The frost became worse during the night.
альбом	album	Не хотели бы вы записать альбом за границей?|Wouldn’t you like to record an album abroad?
вокзал	station	Гостиница µМоряк¶ находится в пяти минутах от железнодорожного вокзалD.|The hotel ‘Moryak’ is located five minutes from the train station.
справедливость	justice	Я добьюсь справедливости во что бы то ни стало!|I will get justice no matter what!
страдание	suffering	Он не может облегчить её страдания.|He can’t ease her suffering.
шар	ball	Готовое тесто скатайте в шар и положите в холодильник на 20-30 минут.|Roll the ready-made pastry into a ball and put it in the fridge for 20–30 minutes.
политик	politician	Он не только прекрасный режиссер, но и известный политик.|He’s not only  a wonderful director, he’s also a well-known politician.
вооружённый	armed	Вооруженный преступник захватил самолет.|The armed criminal took over the plane.
стандартный	standard	Две подушки безопасности входят в стандартное оснащение автомобиля.|In cars two air-bags come as standard.
записка	note	Он с первого класса писал девочкам записки: µЯ тебя люблю! Пойдем в кино?¶|Ever since year one he wrote girls notes like ‘I love you! Do you want to go to the cinema with me?’
нередко	often	Ранние браки нередко заканчиваются разводом.|Early marriages often end in divorce.
коротко	short(ly)	Мама очень рассердилась на меня, когда я коротко подстриглась.|Mum was very angry with me when I had my hair cut short.
одинокий	lonely	Он пожалел одинокую старушку.|He felt sorry for the lonely old lady.
дача	summer home, dacha	Она провела лето на даче.|She spent the summer at the dacha.
осуществление	implementation	Быстрое осуществление этих планов невозможно.|It is impossible to implement these plans quickly.
разбирать	dismantle, sort out, analyse,  treat	Он просил помочь ему разобрать вещи покойной.|He asked me to help him sort out the things of the deceased.
бормотать	mumble	Вид у него был виноватый и он что-то невнятно бормотал.|He looked guilty and he mumbled something incompre-hensible.
космос	space	Космонавты летали в космос и никого там не встретили.|The astronauts were flying in space and didn’t meet anyone there.
изделие	product	Завод производит изделия из пластмассы.|The factory makes plastic products.
гарантия	guarantee, warranty	На это оборудование мы предоставляем пятилетнюю гарантию.|We offer a five-year warranty on this equipment.
избавляться	get rid of	Надо избавляться от всего лишнего.|We must get rid of everything that we don’t need.
партийный	party	Лидер партии избирается на партийном съезде каждые два года.|The leader  of the party is elected every two years at the party congress.
противоречие	contradiction	Вот это противоречие между христианской традицией и ожиданиями современных людей и находилось в центре внимания участников конгресса.|This contradiction between Christian tradition and the expectations of people today was the focus of the congress.
обязательство	obligation	У меня есть обязательства перед фирмой, в которой я тружусь.|I have obligations to the firm where I work.
отнюдь	nowhere near, by no means	Сегодня же это вполне обычный атрибут многих домашних компьютеров. Многих, но отнюдь не всех.|Nowadays, this is a standard feature of many home computers. Many but by no means all.
нервный	nervous	У него крепкая нервная система.|He has a strong nervous system.
помещать	put, place	Рыб необходимо поместить в аквариум.|The fish should be put in an aquarium.
могила	grave	Когда гроб опустили в могилу, неожиданно выглянуло солнце.|The sun suddenly came out when they lowered the coffin into the grave.
освещать	illuminate	Заходящее солнце освещало вершины гор.|The setting sun illuminated the hilltops.
орудие	tool, instrument, gun, cannon	В пещере сохранились орудия труда и фигурки из кости.|Tools and figurines made of bone had been preserved in the cave.
миг	instant, moment	Я едва успел выскочить в самый последний миг.|I only just managed to jump out of the way at the last moment.
подъезд	entrance	Девушка вошла в подъезд и нажала кнопку вызова лифта.|The girl walked into the entrance and pressed the button for the lift.
тест	test	Предлагаем вам новый тест по английскому языку.|We’re offering you a new English test.
воевать	fight	В следующем году русские войска опять воевали с Наполеоном.|The following year Russian troops fought against Napoleon again.
скромный	modest	Она — скромный человек.|She’s  a modest person.
украинский	Ukrainian	Я бы хотел попробовать настоящего украинского борща.|I’d like to taste real Ukrainian borscht.
груз	load, cargo	Транспортная компания занимается перевозкой грузов в контейнерах.|The transport company transports its cargo in containers.
заметный	noticeable	У мужчины был заметный армянский акцент.|The man had a noticeable Armenian accent.
пятно	spot, mark	На светлых обоях осталось грязное пятно.|The dirt mark remained on the light wallpaper.
коммунист	communist	Когда в Польше правили коммунисты, он подпольно издавал журнал µАквариум¶.|When the communists ruled in Poland, he secretly published the journal ‘Akvarium’ .
таскать	pull, drag, lug	Он будет вместе со всеми рыть землю, таскать мешки с цементом, страдать от голода.|Like everyone else he will dig the ground, lug bags of cement and suffer from hunger.
скорый	quick, express	Однажды я поехала в Казань на скором поезде.|I once took the express train to Kazan’ .
инструкция	instructions, manual	Всем рекомендую внимательно прочитать инструкцию к фотоаппарату.|I recommend that everyone reads the instruction manual for the camera carefully.
воображение	imagination	У тебя богатое воображение.|You have a vivid imagination.
двенадцать	twelve	Часы бьют двенадцать.|The clock strikes twelve.
пуля	bullet	Пуля пролетела мимо.|The bullet  flew by.
грубый	rude, coarse	На ней была куртка из грубой ткани.|She was dressed in a jacket made from coarse fabric.
велеть	order, tell	Ты что, не слышишь, что я велел тебе остановиться?|Didn’t you hear me tell you to stop, or what?
построение	building, creating	Он стремился отдать все силы построению идеального общества.|He strives to devote all his efforts to creating an ideal society.
охота	hunting	Идет охота на волков.|A wolf hunt is taking place.
минимальный	minimum, minimal	Не держите фен близко к голове, минимальное расстояние — 20 см.|Don’t hold a hairdryer too close to your head – the minimum distance should be 20 cm.
проявлять	show	Он проявляет полнейшее равнодушие к своей внешности.|He shows complete indifference to his appearance.
глобальный	global	Это может спровоцировать глобальную катастрофу.|This may cause a global catastrophe.
разнообразный	various	Здесь представлен разнообразный ассортимент товаров для дома.|Various household goods are stocked here.
кафе	café	Мы перекусили в кафе рядом с нашим отелем.|We had a bite to eat at a café next to our hotel.
почва	soil	Глинистая почва плохо поглощает влагу.|Clay soil doesn’t absorb moisture very well.
надёжный	reliable	Он надежный и верный друг.|He’s a reliable and loyal friend.
действующий	existing, active	Это противоречит действующему законодательству.|This contradicts existing legislation.
интересоваться	be interested in	Она интересуется живописью.|She is interested in art.
битва	battle	7 сентября произошла Бородинская битва.|The Battle of Borodino took place on the 7th of September.
факультет	faculty	На юридическом факультете будут вести занятия 7 новых преподавателей.|Lessons at the Faculty of Law will be taught by 7 new teachers.
методика	methodology, method	Автор разработал оригинальную методику обучения детей арифметике.|The author has developed an original method for teaching children arithmetic.
стихотворение	poem	Прочитай это стихотворение еще раз.|Read this poem once more.
окружать	surround	Певицу окружила толпа поклонников.|The singer was surrounded by a crowd of admirers.
сборник	collection	Он был автором нескольких сборников стихотворений.|He was the author of several collections of poems.
разведка	reconnaissance, surveillance	Разведка донесла о начале отгрузки оружия и боеприпасов.|The surveillance showed that arms and ammunition had started to be shipped.
куст	bush	Они вышли в сад и сели у крыльца на скамейку.|They went out into the garden and sat down on the bench by the porch.
холод	cold	Ты боишься холода?|Are you scared of the cold?
оправдывать	acquit, justify	Он вполне оправдывал свою репутацию классного водителя.|He fully justified his reputation as an excellent driver.
сзади	behind, from behind	Кто-то подошел ко мне сзади.|Someone came up to me from behind.
одиночество	loneliness	Ей необходимо побыть в одиночестве.|She needs to be alone.
фантазия	fantasy, imagination	У наших детей богатая фантазия.|Our children have a vivid imagination.
советовать	advise	Мой тренер советует есть спустя 1 час после тренировки.|My trainer recommends that you eat 1 hour after training.
производственный	production	Производственный процесс на хлебозаводе полностью автоматизирован.|The production process at the bread factory is fully automated.
плюс	plus, advantage	Владение английским языком является большим плюсом.|Knowledge of English is a big plus.
осматривать	inspect	Я хотел там все внимательно осмотреть.|I wanted to carefully inspect everything there.
мина	mine, bomb, look, expression	Я его раздражала своей кислой миной.|My sarcastic look was irritating him.
ущерб	damage	Нанесен ущерб престижу страны!|The prestige of the country has been damaged!
ответственный	responsible	Он серьезный и ответственный человек.|He’s a serious and responsible person.
волк	wolf	На стадо диких оленей напали волки.|The herd of wild reindeer was attacked by wolves.
пояснять	clarify, explain	Мне это не совсем ясно, а нельзя пояснить другими словами?|I don’t fully understand it; isn’t there another way that you can explain it?
незнакомый	unfamiliar, strange	Никогда не открывай дверь незнакомым людям.|Never open the door to strangers.
мокрый	wet	Утром трава мокрая от росы.|In the morning the grass is wet from dew.
важнейший	most important	Мы сейчас обсуждаем важнейший вопрос!|We’re now discussing a most important question!
палатка	tent, stall	Это стандартная цена во всех магазинах и палатках.|It’s the standard price at all shops and stalls.
расширение	expansion, spread	Это лекарство выписывают врачи для расширения сосудов.|This medication is prescribed by doctors to aid the expansion of blood vessels.
закричать	shout, cry	— Не бойтесь, не бойтесь, — закричала хозяйка.|‘Don’t be afraid, don’t be afraid, ’ the hostess shouted.
отступать	stand aside, step back,   retreat	Настя отступает в сторону, давая ему пройти.|Nastya is standing aside to allow him to pass.
явный	evident	Его компания смотрела на меня с явным неудовольствием.|His guests looked at me with evident displeasure.
воспитывать	train, bring up	Я одна воспитываю дочь.|I’m bringing up my daughter by myself.
салон	salon	Она отправилась в салон красоты.|She set off to the beauty salon.
лезть	climb	Мальчишка лезет на дерево.|The boy is climbing the tree.
великолепный	magnificent	С этой горы открывается великолепный вид на всю округу.|From this hill there’s a magnificent view of the whole area.
тепло	warmth	Такие стекла отражают тепло, выделяемое радиаторами отопления.|These windows reflect heat emitted from radiators.
столетие	century, centenary	Приближалось столетие со дня смерти поэта.|It was almost a century since the poet’s death.
выстрел	shot	И в этот момент раздался выстрел.|And at that moment a shot was heard.
порождать	produce	Подражание вкусам президента порождало новую моду.|Copying the president’s habits led to a new fashion.
голод	hunger	Они испытывали постоянный голод.|They were constantly hungry.
костёр	bonfire, camp fire	Трое туристов греются у костра.|Three tourists are warming themselves up by the camp fire.
ключевой	key	На Форуме вы можете воспользоваться поиском по ключевым словам.|On the Forum you can search by entering key words.
победитель	winner	Победитель получает все.|The winner takes it all.
доверять	trust, confide in	Это лучше всего доверить профессионалу.|It’s best to confide in  a specialist.
шкаф	wardrobe, cupboard	Он переоделся и повесил школьную форму в шкаф.|He got changed and put his school uniform in the wardrobe.
трагедия	tragedy	Я знаю, что вы пережили ужасную трагедию.|I know that you have suffered a terrible tragedy.
философский	philosophical	Разговор постепенно перерос в философский диспут.|The conversation gradually turned into a philosophical dispute.
жанр	genre	Книги об Эрасте Фандорине написаны в детективном жанре.|Books about Erast Fandorin are written in the style of a detective novel.
зимний	winter	Стояло холодное зимнее утро.|It was a cold winter morning.
священный	sacred	Защита Отечества — священный долг каждого гражданина.|Defending the fatherland is the sacred duty of every citizen.
уезжать	leave	Извини, я должна срочно уехать.|Sorry, I must leave urgently.
четверг	Thursday	Я был в Стокгольме в прошлый четверг.|I was in Stockholm last Thursday.
независимо	regardless	Все люди равны перед законом независимо от пола и расы.|All people are equal in the eyes of the law, regardless of their sex or race.
жаловаться	complain	Пациентка жалуется на боль в коленях.|The patient is complaining about a pain in her knees.
холм	hill	Они молча спустились с холма.|They walked down the hill in silence.
ненависть	hatred	Это вызывало еще большую ненависть к врагу.|This caused even more hatred for the enemy.
вечерний	evening	Мы идем в кино на вечерний сеанс.|We’re going to the cinema for the evening session.
фестиваль	festival	В нашем городе прошел традиционный джазовый фестиваль.|The traditional jazz festival took place in our town.
копия	copy	Снимите копию с этих документов.|Make a copy of these documents.
удовлетворение	satisfaction	Важно, чтобы работа приносила моральное удовлетворение.|It’s important that work brings you moral satisfaction.
когда-нибудь	some day, ever	У тебя когда-нибудь зубы болели?|Have you ever had toothache?
узел	knot	Я аккуратно завязал узел галстука.|I neatly tied the knot on my tie.
частота	frequency, rate	Нормальная частота пульса составляет 60-90 ударов в минуту.|A normal pulse rate is 60–90 beats a minute.
якобы	allegedly, supposedly	Уехав однажды якобы в командировку, он стал следить за своей квартирой.|Once, when he’d supposedly gone on a business trip, he started to spy on his flat.
психолог	psychologist	Вы уже обращались к психологу?|Have you already seen a psychologist?
финансирование	financing, funding	К этому времени прекратилось финансирование группы &65*.|By that time funding for the CSRG had dried up.
нигде	nowhere, anywhere (double negatives)	Мы не могли тебя нигде найти.|We couldn’t find you anywhere.
нападать	attack	На меня напал вооруженный бандит!|I was attacked by an armed bandit!
вред	harm, damage	Как похудеть без вреда для здоровья?|How do you lose weight without damaging your health?
жалко	pitifully, it’s a pity	Мне жалко выбрасывать хорошую вещь.|It’s a pity for me to throw away a good thing.
неплохо	not bad, okay	По-моему, получилось неплохо.|I think that it turned out okay.
идеология	ideology	Идеология либерализма переживает кризис.|The ideology of liberalism is undergoing a crisis.
командование	command	НАТО взяла на себя командование силами безопасности в Косово.|NATO assumed command of security forces in Kosovo.
снижать	reduce	Джип снизил скорость.|The jeep reduced its speed.
возбуждать	arouse, excite	Говорят, это так возбуждает! Надо попробовать.|It’s supposed to be really exciting! We need to try it.
сжимать	grip	Ее рука сжимала его руку, и он был счастлив.|Her hand gripped his, and he was happy.
убеждение	conviction	У меня есть твердое убеждение, что знаний лишних не бывает.|I am strongly convinced that there’s no such thing as useless knowledge.
вторник	Tuesday	Это было вечером во вторник.|It was on Tuesday evening.
звание	rank, title	Ему присвоили звание полковника.|He was awarded the title of colonel.
создаваться	be created, arise, form	Надо понимать, что сайт создается не для вас, а для потенциальных потребителей.|You need to understand that the site is being created not for you but for potential users.
непременно	without fail	Он обещал непременно отдать деньги через месяц.|He promised that he’d give the money back in a month without fail.
жалеть	regret	Ты будешь об этом жалеть всю жизнь.|You’ll regret this for the rest of your  life.
обвинение	accusation	Подсудимый отрицает обвинения в свой адрес.|The defendant denies the accusations made against him.
христианский	Christian	Большинство населения этой страны исповедует христианскую религию.|Most people in the country are Christians.
литр	litre	Сколько стоит литр молока?|How much is a litre of milk?
превышать	exceed	В последние годы число разводов намного превышает число браков.|In recent years the number of divorces has been exceeding the number of marriages.
учебник	textbook	Я взял с собой учебник по алгебре.|I took my algebra textbook with me.
недостаточный	insufficient, not enough	Персонал был наказан за недостаточную бдительность.|Members of staff were disciplined for not being vigilant enough.
готовность	willingness	Стороны высказали готовность к сотрудничеству.|The parties expressed their willingness to cooperate.
высоко	high(ly)	Валерия Ивановича высоко ценит руководство компании.|The company’s leaders think highly of Valery Ivanovich.
лента	tape, band	Рассказ записан на магнитофонную ленту.|The story was tape-recorded.
лесной	forest	Наташа шла по лесной тропинке.|Natasha walked down the forest path.
исполнять	perform, do	Я всего лишь исполняла приказ начальства.|I was just doing what the bosses told me.
спутник	satellite, fellow traveller	Он попрощался со своим спутником.|He said goodbye to his fellow traveller.
нагрузка	load, activity	Врач порекомендовал ему умеренную физическую нагрузку.|The doctor recommended him moderate physical activity.
зарубежный	foreign	Вы интересуетесь современной зарубежной литературой?|Are you interested in contemporary foreign literature?
цепь	chain	Собака сидела на цепи за забором в соседском дворе.|The dog was chained behind the fence in the next yard.
почитать	read, respect, worship	Древние египтяне особо почитали богиню Исиду.|The Ancient Egyptians worshipped the Goddess Isis.
розовый	pink	Не надевай, пожалуйста, больше эту розовую кофточку!|Please don’t wear that pink blouse again!
идеал	ideal	Для меня идеал женщины — это моя жена Татьяна.|My ideal woman is my wife Tatiana.
благодарить	thank	Заранее благодарю за помощь.|Thank you in advance for your help.
эпизод	episode	Память сохраняет много эпизодов из детства.|A person’s memory retains many episodes from his or her youth.
сетевой	network	Проблема была связана с разрывом в сетевом кабеле.|The problem was linked to a tear in the network cable.
визит	visit	13 января в Москву с официальным визитом прибыл президент Бразилии.|The Brazilian president arrived on an official visit to Moscow on the 13th of January.
орден	order	Подполковник Баскаков получил орден Красного Знамени.|Colonel Baskakov received the Order of the Red Banner.
парламент	parliament	Этот вопрос решается в Европейском парламенте.|This question is being addressed in the European Parliament.
скала	rock, cliff	Впереди высились черные скалы.|Black cliffs rose up in front of us.
собор	cathedral	Эта икона хранится в Успенском соборе Московского Кремля.|The icon is kept at the Assumption Cathedral within the Moscow Kremlin.
колонна	column	Посреди площади возвышалась марморная колонна.|There was a marble column in the middle of the square.
контекст	context	Это слово встречается в основном в научном контексте.|This word is mainly encountered in a scientific context.
танцевать	dance	Ирина очень любила танцевать.|Irina loved to dance.
соревнование	competition	Он выиграл соревнования по карате.|He won a karate competition.
конкуренция	competition	На рынке энергетики существует острая конкуренция.|There is intense competition on the energy market.
глупость	foolishness, nonsense	Что ты глупости говоришь?|What nonsense are you saying?
городок	town	Он уезжает в провинциальный городок, где родился.|He’s going to the provincial town where he was born.
искусственный	artificial	Почему в вазе стоят искусственные цветы?|Why are there artificial flowers in the vase?
эмоциональный	emotional	Эта ситуация вызвала у него сильную эмоциональную реакцию.|The situation caused him to feel a strong emotional reaction.
роза	rose	На юге уже цветут розы.|Roses are already blossoming in the south.
любитель	lover, amateur	В соревнованиях приняли участие около тысячи спортсменов — профессионалов и любителей.|Around a thousand sportsmen took part in the competition – professionals and amateurs alike.
распределение	distribution	Этот прибор обеспечивает равномерное распределение тепла по всему помещению.|This device ensures that heat is distributed throughout the premises.
выпадать	fall, fall out	Доктор, у меня сильно выпадают волосы.|Doctor, my hair is falling out rapidly.
исправлять	correct	:RUG, конечно, исправляет ошибки, но далеко не все.|Word automatically corrects some but by no means all mistakes.
приличный	decent	О таком в приличном обществе не говорят.|Such things aren’t talked about in a decent society.
содержаться	contain	В молочных продуктах содержится кальций.|Milk products contain  calcium.
обзор	(over)view	В статье приводится краткий обзор экологических разделов программ политических партий и движений.|The article provides a short overview of the ecological sections in the policies of political parties and movements.
претензия	claim	Владелец поврежденной машины намерен предъявить претензии коммунальным службам города.|The owner of the damaged vehicle intends to make a claim to the town’s public services department.
рубашка	shirt	Он был одет в белую рубашку.|He was wearing a white shirt.
корреспондент	correspondent	Об этом 22 марта сообщила корреспондент радио µЭхо Москвы¶.|A correspondent of the radio station ‘Ekho Moskvy’ reported on this on the 22nd of March.
завтрак	breakfast	Что ты ешь на завтрак?|What do you eat for breakfast?
итальянский	Italian	Может, пообедаем сегодня в итальянском ресторане?|Maybe we could have lunch at an Italian restaurant today?
нападение	attack	Мы должны отразить нападение противника.|We need to rebuff the enemy’s attack.
бар	bar	Они сидели в небольшом уютном баре.|They were sitting in a small cosy bar.
тоска	melancholy, boredom	Я просто умираю от тоски в четырех стенах!|I’m bored out my mind in these four walls!
пенсия	pension	Вы получаете пенсию по инвалидности?|Do you get an invalidity pension?
турист	tourist	Все туристы стремятся там побывать.|Every tourist aims to go there.
предъявлять	bring, show	На проходной я предъявляю пропуск.|I show my pass at reception.
мода	fashion	Сегодня это уже вышло из моды.|This is already out of fashion nowadays.
обижаться	be offended	Я никогда не обижаюсь на справедливую критику.|I never get offended by fair criticism.
восстановление	recovery	Я получил короткий отпуск для восстановления здоровья.|I was granted a short holiday to recover from illness.
рисовать	draw, paint	Девочка сидит за столом и рисует картинки.|The young girl is sitting at  the table and painting pictures.
разработчик	developer	Разработчики программы предлагают всем желающим скачать ее совершенно бесплатно со своего сайта.|The program’s developers allow anyone to download the program from their website free of charge.
единство	unity	Это символ единства страны.|It’s  a symbol of the country’s unity.
отрицательный	negative	Скорее всего, ответ будет отрицательным.|The answer will most likely be negative.
инвестор	investor	Инвестор вложил в производство около 11 млн рублей.|The investor pumped around 11 million rubles into production.
возникновение	origin, start	Начато следствие о причинах возникновения пожара.|An investigation into how the fire started is underway.
стенка	wall	Холестерин откладывается на стенках сосудов.|Cholesterol is deposited on the walls of blood vessels.
музыкант	musician	Я с детства знала, что хочу быть музыкантом.|I knew from an early age that I wanted to become a musician.
повести	lead, take	Учительница повела детей на экскурсию.|The school teacher took the children on an excursion.
мощность	power	Такие двигатели сочетали огромную мощность с малым весом.|These engines combined high power with low weight.
пьеса	play	Мы репетируем современную пьесу.|We’re rehearsing a contemporary play.
блестящий	shiny, brilliant	Монетка, новенькая и блестящая, упала на пол.|A shiny new coin fell on the floor.
десятилетие	decade	В то первое послевоенное десятилетие в мире все еще было неспокойно.|There was still unrest in the world in the first decade after the war.
известие	news	Нам сообщили приятное известие.|We received some pleasant news.
печальный	sad	Эту печальную историю мне рассказала бабушка.|My grandmother told me this sad story.
иностранец	foreigner	В нашей компании работает много иностранцев.|Many foreigners work in our company.
экспедиция	expedition	Совместная американско-французская экспедиция обнаружила то, что осталось от µТитаника¶.|The joint American and French expedition found what remained of the Titanic.
улучшение	improvement	Пациент отмечает улучшение своего состояния.|The patient notes  an improvement in his condition.
волноваться	worry, be nervous	Мы немножко волновались перед выступлением.|We were a little nervous before the performance.
неизвестно	unknown	Неизвестно, что с ним будет дальше.|It’s unknown what will happen to him next.
прогресс	progress	За последние годы достигнут прогресс в этой области.|In recent years progress has been made in this area.
цитировать	quote	Она любила цитировать поэтов-современников.|She loved to quote her fellow poets.
слева	left	Слева от двери висит зеркало.|There is a mirror to the left of the door.
яблоко	apple	Настя взяла яблоко и откусила от него кусочек.|Nastya took an apple and took a bite out of it.
королева	queen	Королева произвела его в рыцари.|The queen made him a knight.
пояс	belt, zone	Мы пересекли 9 часовых поясов.|We crossed 9 time zones.
местность	area, locality	Две трети населения страны проживает в сельской местности.|Two-thirds of the country’s population live in rural areas.
квадратный	square	Они вошли в большую квадратную комнату с двумя окнами.|They walked into a big square room with two windows.
заинтересовать	interest	Его рассказы очень заинтересовали всех присутствовавших.|His stories were very interesting to everyone there.
старуха	old woman	В комнату вошла седая старуха.|A grey-haired old lady walked into the room.
аэродром	aerodrome, airfield	Летающую тарелку увезли на секретный военный аэродром.|The flying saucer was taken to a secret military airfield.
начальный	initial	Такие квартиры раскупаются еще на начальном этапе строительства.|Flats like these are bought up at the initial stage of construction.
выгодный	favourable, profitable	Нашу продукцию можно приобрести в кредит на выгодных условиях.|You can get our products on credit under favourable conditions.
реагировать	react	Власти реагируют на проблемы с опозданием.|The authorities are late to react to problems.
делиться	divide, share	И дом, и обстановка, и машина — все мое, и делиться я ни с кем не намерена.|The house, the furniture, the car – it’s all mine and I don’t intend to share it with anyone.
союзник	ally	По всей вероятности, они останутся нашими союзниками.|They are likely to remain our allies.
торопиться	hurry, rush	Отец торопится на работу.|Dad is rushing to work.
аэропорт	airport	Наш самолет приземлился в аэропорту µДомодедово¶.|Our plane landed at Domodedovo airport.
дисциплина	discipline, subject	У нас в школе очень строгая дисциплина.|Discipline is very strict in our school.
Азия	Asia	Она приехала в Москву из Средней Азии.|She came to Moscow from Central Asia.
миф	myth	Моего отца всегда интересовали мифы и легенды.|My father has always been interested in myths and legends.
транспортный	transport	Восстановлено транспортное сообщение с Сахалином.|A transport link with Sakhalin has been re-established.
сокращение	reduction, cut, abbreviation	Произойдет значительное сокращение бюджетных расходов.|There will be significant budgetary cuts.
сапог	boot	Я надену теплые сапоги.|I’ll put on my warm boots.
вначале	at first	Вначале было весело, а потом стало скучно.|At first it was fun, but then it got boring.
вовремя	in time, on time	Наконец-то вы пришли на работу вовремя!|Finally you are at work on time!
мелочь	trifle, change, nothing	— Девяносто две копейки, — пересчитал он мелочь из кармана.|‘Ninety two kopecks’ , he counted the loose change that he’d taken out of his pocket.
кусочек	piece	Они съели последний кусочек шоколада.|They ate the last piece of chocolate.
неплохой	not bad, decent	У меня неплохая музыкальная коллекция.|I have a decent music collection.
свободно	freely	Он привык свободно высказывать все, что у него на уме.|He got used to freely saying everything that was on his mind.
жалоба	complaint	Врач выслушал жалобы больного.|The doctor listened to the patient’s complaints.
справа	on the right	Наташа сидит справа от меня.|Natasha is sitting on my right.
конкурент	competitor	У нашей фирмы появился опасный конкурент.|A dangerous competitor to our company has emerged.
маска	mask	Маска скрывала ее лицо.|The mask was covering her face.
прозрачный	transparent	Он достал из кармана маленький прозрачный пакетик.|He pulled a small transparent plastic bag out of his pocket.
корова	cow	Сколько молока дает эта корова?|How much milk does this cow produce?
потребление	consumption	При этом существенно снижается потребление электроэнергии.|This considerably reduces power consumption.
настаивать	insist	Адвокат настаивает на оправдательном приговоре для своего подзащитного.|The lawyer insists that his defendant is acquitted.
ложиться	lie (down)	Я закрываю глаза и ложусь на спину, закинув руки за голову.|I close my eyes and lie on my back with my hands behind my head.
освобождение	release	К середине дня появились сообщения об освобождении заложников.|By midday it had been reported that the hostages had been released.
вынимать	take out	Он вынул из кармана пачку денег.|He took a wad of money out of his pocket.
напиток	drink	Официант подал напитки.|The waiter served the drinks.
двойной	double	Он заказал себе двойную порцию бренди.|He ordered a double brandy.
подпись	signature	Ниже поставьте подпись и дату.|Sign and date below.
письменный	written	Без письменного распоряжения мои действия будут незаконными.|Without a written order my actions will be illegal.
применяться	be applied, be used	Этот термин применяется редко.|This term is rarely used.
математика	mathematics	Помоги мне решить задачку по математике.|Help me solve this maths question.
густой	thick	Над рекой поднялся густой туман.|Thick fog was rising over the river.
потребоваться	be required, need	На просмотр чертежей нам потребовалось много времени.|We needed a long time to look at the drawings.
инвестиционный	investment	Инвестиционный климат в стране улучшается.|The investment climate in the country is improving.
авторитет	authority, criminal leader  (slang)	В Твери убит криминальный авторитет Ибрагим Азизов по кличке Аркаша.|The criminal leader Ibragim Azizov, known under the nickname Arkasha, was killed in Tver’ .
отражение	reflection, fending off	Вооруженные силы страны должны быть способны к отражению агрессии.|A country’s armed forces should be able to fend off aggression.
мотор	engine	У этого автомобиля очень мощный мотор.|This car has a powerful engine.
кремль	Kremlin, fortress	Московский Кремль — официальная резиденция Президента Российской Федерации.|The Moscow Kremlin is the official residence of the president of the Russian Federation.
польский	Polish	Станислав Лем — знаменитый польский писатель-фантаст.|Stanislav Lem is a famous Polish fiction writer.
небесный	heavenly	Они улетели в свои небесные миры.|They flew away into their heavenly worlds.
измерение	measurement, dimension	Как провести измерение окружности головы?|How do you measure head circumference?
студия	studio	Зрители в студии задают вопросы докладчикам.|The studio audience asks the presenters questions.
заботиться	take care	Он никогда не заботился о своей внешности.|He never took care of his appearance.
экологический	ecological	Это позволит улучшить экологическую обстановку в нашем городе.|This will make it possible to improve the ecological situation in our town.
молиться	pray	Мы сегодня молились за ваше здоровье.|We prayed today for your health.
предварительный	preliminary, advance	В середине июля в ходе предварительных слушаний суд принял решение о возвращении дела в прокуратуру.|In the middle of June during the preliminary hearing the court decided to return the case to the prosecutor.
искренне	sincerely	Она искренне верит в то, что рассказывает.|She sincerely believes what he says.
повесть	story, novel	Он пишет научно-фантастическую повесть.|He’s writing a science-fiction novel.
компонент	component, ingredient	Этот препарат включает только натуральные компоненты.|This product contains only natural ingredients.
невеста	bride, fiancée	В деревне его ждет невеста.|His fiancée is waiting for him in the village.
передний	front	Собака хромает на правую переднюю лапу.|The dog is limping on its right front paw.
гордость	pride	Мы испытывали гордость за успехи наших детей.|We were proud of our children’s achievements.
вклад	contribution, deposit	Он внес неоценимый вклад в мировую науку.|He made an invaluable contribution to world science.
наблюдаться	be observed	Аналогичное явление наблюдалось и в 1910 г.|A similar phenomenon was observed in 1910.
металл	metal	Литий — самый легкий из всех металлов.|Lithium is the lightest of  all metals.
Русь	Rus’, Ancient Russia	История христианства на Руси полна загадок.|The history of Christianity in Ancient Russia is full of mystery.
оплачивать	pay	Кто будет оплачивать ее счета?|Who is going to pay her bills?
подходящий	appropriate	Он казался самым подходящим кандидатом на этот пост.|He seemed the most suitable candidate for the job.
неправильный	wrong, irregular	Он выучил все неправильные глаголы.|He learned all the irregular verbs.
сопровождать	accompany	Его сопровождала молодая красивая жена.|He was accompanied by his beautiful young wife.
пребывание	residence	Суд счел их виновными в нарушении правил пребывания в стране.|The court found them guilty of violating residence laws of the country.
теоретический	theoretical	Теоретические знания студенты факультета закрепляют на производственных практиках и выездных занятиях.|Students from the faculty consolidate their theoretical knowledge on work placements and field trips.
ложь	lie	Я заставлю его публично признаться во лжи!|I will make him publically admit to lying.
краткий	brief	Ниже мы приводим краткое описание некоторых новинок литературы.|Below we give a brief description of some new works of literature.
катастрофа	catastrophe, crash	Через год он погиб в автомобильной катастрофе.|A year later he died in a car crash.
профиль	profile	Он изображён в профиль.|He is depicted in profile.
справедливый	fair	Дмитрий Георгиевич строгий, но справедливый руководитель.|Dmitry Georgievich is a strict but fair boss.
эксплуатация	exploitation, operation	Они занимались вербовкой людей с целью сексуальной эксплуатации.|They recruited people with the aim of sexually exploiting them.
квартал	block of houses, quarter	Темпы роста производства в третьем квартале 2005 г. замедлились примерно в 2,5 раза.|Output growth in the third quarter of 2005 was 2.5 times lower.
пожар	fire	В тот же день в Москве вспыхнул пожар.|On the same day a fire broke out in Moscow.
окончательный	final	В окончательном варианте мемуаров все фамилии заменены на инициалы.|In the final draft of the memoirs all the surnames were replaced by initials.
головной	head	Его мучает головная боль.|He has  a headache.
наливать	pour	Бармен наливает пиво.|The barman is pouring a beer.
подъём	ascent, rise	От подъема в гору он слегка запыхался.|He was slightly out of breath from the ascent up the mountain.
чудесный	wonderful	Говорят, там дешевые фрукты, вкусная рыба и чудесный климат.|Apparently the fruit is cheap, the fish tasty and the climate wonderful there.
металлический	metal	Во всех зданиях установлены металлические двери и решетки на окнах.|All the buildings have metal doors and bars on the windows.
удачный	successful	Первая попытка оказалась не слишком удачной.|The first attempt wasn’t that successful.
статистика	statistics	Об этом свидетельствует официальная статистика.|The official statistics confirm this.
критический	critical	Попробуйте посмотреть критическим взглядом на свой привычный образ жизни.|Try to take a critical look at your way of life.
процессор	processor	Для этой программы вам потребуется мощный процессор.|You need a powerful processor to run this program.
руль	steering wheel	Водитель повернул руль влево.|The driver turned the steering wheel to the left.
дважды	twice	Михаил был дважды женат.|Mikhail was married twice.
негативный	negative	Это может оказать негативное влияние на здоровье ребенка.|This may have  a negative impact on the baby’s health.
во-первых	firstly	Во-первых, это очень дорого.|Firstly, it’s very expensive.
убийца	killer	Скромный отец семейства оказался серийным убийцей.|The modest  father of the family turned out to be a serial killer.
шестой	sixth	Это Наташа Соколова из шестого класса.|That’s Natasha Sokolova from year six.
пожилой	elderly	За нами в очереди стоит пожилая женщина.|An elderly woman is standing behind us in the queue.
супруг	spouse, husband	Где ваш супруг?|Where’s your husband?
наверх	up	Лифт идет наверх.|The lift is  going up.
прогноз	forecast	По телевидению показывают прогноз погоды.|The weather forecast is on television.
собеседник	interlocutor	Его собеседник заговорил мягким, спокойным голосом.|His interlocutor spoke in a gentle, calm voice.
свидание	date	Он договорился о свидании с двумя девчонками.|He arranged dates with  two girls.
тонна	tonne	Здесь за сезон собирают пять с половиной тонн хлопка с гектара.|Five and a half tonnes of cotton per hectare are produced here every year.
медведь	bear	Неожиданно на поляну вышел медведь.|A bear suddenly walked into the clearing.
платформа	platform	Я вышел на платформу и стал ждать поезда.|I went onto the platform and waited for the train.
сахар	sugar	Я пью чай без сахара.|I drink tea without sugar.
эволюция	evolution	Так в процессе эволюции возникла мимикрия.|This is how mimicry came about during the process of evolution.
пустыня	desert	Это была раскаленная, бесплодная пустыня.|It was a scorching hot, barren desert.
оригинальный	original	Какой самый оригинальный подарок ты получал?|What’s the most original present that you’ve ever received?
мебель	furniture	Я купил мебель в интернет-магазине.|I bought the furniture online.
обида	offence	Это может вызывать обиду и раздражение.|This can cause offence and anger.
горизонт	horizon	Солнце медленно заходило за горизонт.|The sun was slowly setting over the horizon.
сочетание	combination	В этом устройстве идеальное сочетание фирменного стиля и большого набора функций.|This device is an ideal combination of corporate design and a wide range of functions.
артист	artist, actor	Михаил Боярский — артист театра и кино.|Mikhail Boyarsky is a theatre and film actor.
чашка	cup	Таня выпила чашку чая и легла спать.|Tanya had a cup of tea and went to sleep.
съезд	congress	XIX съезд партии состоялся в октябре 1952 года.|The 19th party congress was held in October 1952.
принц	prince	Вчера в Москву прилетел принц Бельгии Филипп.|Prince Phillippe of Belgium arrived in Moscow yesterday.
справка	certificate, statement, inquiry	Я навел справки о вас.|I made inquiries about you.
приобретение	acquisition, purchase	Его обвиняют в незаконном приобретении оружия.|He is accused  of illegally purchasing weapons.
график	schedule, diagram, graph	График показывает начальную стадию процесса.|The graph shows the start of the process.
профессионал	professional	У нас работают только профессионалы высокого класса.|Only professionals of the highest calibre work for us.
философ	philosopher	Мысль эта близка идеям немецкого философа Людвига Фейербаха.|This idea is similar to those of the German philosopher Ludwig Feuerbach.
гнев	anger	Его лицо покраснело от гнева.|His face became red with anger.
захотеться	feel like	После репетиции ей вдруг захотелось отправиться за покупками.|After the rehearsal she suddenly felt like doing the shopping.
ветка	branch	Сова уселась на толстую сосновую ветку.|The owl perched on a thick pine branch.
отставать	be behind	На второе место вышел Недоспасов, отстав от победителя на 1/2 очка.|Nedospasov finished second, just half a point behind the winner.
слабость	weakness	Она вышла из самолета и почувствовала слабость.|She got off the plane and started to feel weak.
почтовый	postal	Письмо уже лежало в почтовом ящике.|The letter was already in the postbox.
целиком	entirely	Он целиком отдал себя служению музыке.|He devoted himself entirely to music.
дедушка	grandfather	Дети гостили у дедушки.|The children were staying with their grandfather.
крепость	fortress, strength	Крепость напитка составляет 7 градусов.|The drink is 7 degrees (in strength).
церковный	church	Он пел в церковном хоре.|He was a singer in the church choir.
опрос	survey, poll	Мы еще раз проведем опрос общественного мнения.|We are going to conduct another opinion poll.
сладкий	sweet	Попробуйте нашего сладкого пирога, товарищ командир.|Try our sweet pie, Commander.
консультант	consultant	Вам может помочь консультант по семейным проблемам.|A consultant on family problems can help you.
независимость	independence	Я хочу добиться финансовой независимости.|I want to become financially independent.
вылетать	depart, fly out	Самолет вылетает рано утром в воскресенье.|The plane departs early on Sunday morning.
свеча	candle	Перед тем как зажигать свечу, украшения надо снять.|You must take the decorations off before lighting the candle.
каталог	catalogue	В каталоге подарков есть сотни наименований.|There are hundreds of gift items in the catalogue.
долина	valley	Деревушка расположилась в горной долине.|The little village was located in a mountain valley.
ствол	trunk	Он укрылся за толстым стволом старого дерева.|He hid behind the thick trunk of an old tree.
невероятный	unbelievable	С нами произошло невероятное событие.|Something unbelievable happened to us.
законный	legitimate	У этих граждан есть законное право на получение льгот.|These citizens  have a legitimate right to receive benefits.
целовать	kiss	Он снова и снова целовал ее.|He kissed her again and again.
коллекция	collection	Ей удалось собрать неплохую коллекцию живописи.|She has managed to assemble a nice collection of art.
забор	fence, intake	Во льду была прорубь для забора воды.|There was a hole in the ice for the intake of water.
отчаяние	despair	Я в полном отчаянии!|I’m in complete despair!
мгновенно	instantly	Он лег, завернулся в одеяло и мгновенно уснул.|He lay down, wrapped himself in a blanket and fell asleep instantly.
пугать	scare	Неудачи не пугают меня.|Failure doesn’t scare me.
благодарность	thanks, gratitude	Глава Китая выразил благодарность за приглашение.|The Head of China expressed his gratitude for the invitation.
испугаться	get scared	Ребенок испугался грозы.|The child was scared of the thunderstorm.
усиливать	strengthen, increase	Было принято решение усилить охрану всех государственных учреждений.|A decision was made to increase security at all state institutions.
суровый	severe	Немногие могли долго выдерживать этот суровый климат.|Few could survive this severe climate for long.
обыкновенный	ordinary	Это обыкновенная семья.|It’s an ordinary family.
награда	award	Эта награда присуждается раз в два года.|This award is given once every two years.
ярко	brightly	Ярко светит солнце.|The sun is shining brightly.
противный	nasty	Вся квартира пропахла этим противным запахом.|The nasty smell permeated  the whole flat.
преследовать	pursue, persecute	Писателя преследовали за политические убеждения.|The writer was persecuted for his political beliefs.
взаимный	mutual	Наши отношения основаны на взаимном уважении.|Our relationship is based on mutual respect.
типичный	typical	Это типичная ошибка.|This is a typical mistake.
отрывать	tear off, disturb, distract	В давке мне оторвали пуговицу.|One of my buttons was torn off in the crowd.
фото	photo	Я получил классные подводные фото.|I got great underwater photos.
установление	establishment	Эксперты предупреждали об опасности установления военной диктатуры.|Experts warned of the danger of establishing a military dictatorship.
оппозиция	opposition	В этой стране не существует открытой политической оппозиции.|There is no open political opposition in this country.
немножко	little	Выпей немножко вина.|Have a little wine.
градус	degree	Здесь стоит жара не менее сорока градусов по Цельсию.|The heat here is a minimum of forty degrees Celsius.
демонстрировать	demonstrate, show	Директор кинотеатра дал указание демонстрировать фильмы, только если будет больше семи зрителей.|The director of the cinema ordered that films be shown only if more than seven viewers are present.
тарелка	plate, bowl	Даша поставила перед ним тарелку с супом.|Dasha put a bowl of soup in front of him.
предположение	assumption	Такое предположение высказали американские исследователи из университета Огайо.|This assumption was put forward by American researchers from the University of Ohio.
орать	bawl	— Давай! Давай! — орали болельщики.|‘Come on! Come on!’ the fans roared.
ступень	step, stage	Страна перешла на новую ступень развития.|The country has reached  a new stage in its development.
молодец	well done, great	Ребята, вы просто молодцы!|Well done, lads!
хранение	storage, safekeeping	За хранение багажа взимается плата.|There is a fee for baggage storage.
грозить	threaten	Мне грозит кулаком огромный дядька.|A huge bloke is showing his fist and threatening me.
издательство	publishing house	Эта книга вышла в московском издательстве µБлаго¶.|The book was published in Moscow by the Blago publishing house.
цифровой	digital	Он купил на последние деньги маленькую цифровую камеру.|He spent his last money on a small digital camera.
экземпляр	copy	За 24 часа было продано более двух миллионов экземпляров этой книги.|In twenty-four hours more than two million copies of the book were sold.
благородный	noble	Разве можно было ждать благородного поступка от этого человека?|Could we have really expected a noble act from this man?
неудача	failure	Их преследуют неудачи.|They are plagued by failure.
сломать	break	А недавно он сломал папин новенький компьютер.|And he recently broke dad’s brand new computer.
муниципальный	municipal	Этой семье выделено муниципальное жилье.|The family was given municipal housing.
историк	historian	Историки до сих пор спорят по этому поводу.|Historians still argue about this.
мрачный	miserable	Ты почему вчера был такой мрачный?|Why were you so miserable yesterday?
тесный	cramped, narrow, tight-fitting	В тесной обуви ноги мерзнут сильнее.|Your feet feel the cold more in tight-fitting shoes.
ядро	centre, core	Ядро атома состоит из протонов и нейтронов.|The nucleus of an atom is made of protons and neutrons.
предок	ancestor	Его далекие предки жили в России.|His ancient ancestors lived in Russia.
медицина	medicine	Медицина бессильна ему помочь.|Medicine cannot help him.
мудрость	wisdom	Не перестаю удивляться вашей мудрости!|Your wisdom never ceases to amaze me!
тянуться	stretch	Дорога тянется вдоль реки.|The road stretches along the river.
сокращать	reduce	Мы должны сократить расходы на рекламу.|We need to reduce advertising costs.
виртуальный	virtual	Интернет-сленг все чаще выходит за пределы виртуального пространства.|Internet slang is increasingly making its way outside the virtual space.
россиянин	Russian	Объединенная оппозиция призвала россиян выступить в защиту демократии.|The united opposition called upon Russian citizens to stand up for democracy.
сок	juice	Я выпью обычного томатного сока.|I’ll have a regular tomato juice.
течь	flow, leak	Сапоги текут.|The boots are leaking.
преступник	criminal	В дом проникли преступники.|Criminals broke into the house.
волновать	agitate	Эта тема волнует многих людей.|This topic agitates many people.
расположение	location, mood	Колька проснулся в отличном расположении духа.|Kol’ka woke up in an excellent mood.
серебряный	silver	Она носила очень красивый серебряный браслет.|She was wearing a very beautiful silver bracelet.
базовый	basic	Здесь нам понадобятся хотя бы базовые знания по организации фондового рынка.|Here we need at least a basic knowledge of the stock market.
громкий	loud	Вдруг заиграла громкая музыка.|Loud music suddenly started playing.
словарь	dictionary	Она открыла словарь на букве µБ¶.|She opened the dictionary at the letter ‘B’ .
рана	wound	У него глубокая рана на плече.|He has a deep wound on his shoulder.
класть	put	Кладите каждую вещь на свое место.|Put everything where it belongs.
гигантский	gigantic	На въезде в город стоит гигантский монумент.|There is a gigantic monument by the road into the city.
электрический	electric	Он осветил меня электрическим фонариком.|He shone an electric  torch on me.
дурной	stupid, bad	Учёные нашли причину большинства хронических случаев дурного запаха изо рта.|Scientists have found the cause for the majority of chronic cases of bad breath.
избирательный	electoral	Я требую прекратить вмешательство в ход избирательной кампании.|I demand that you stop interfering in the electoral campaign.
кафедра	department	Я хочу предложить вам остаться в аспирантуре на кафедре теоретической физики.|I would like to offer you the opportunity to stay on as a graduate at the Department of Theoretical Physics.
блюдо	dish	В Алжире я ела вкусное блюдо µкус-кус¶.|In Algeria I ate the tasty dish ‘couscous’ .
заказчик	customer	Заказчик заплатил деньги.|The customer paid the money.
посол	ambassador	Об этом заявил посол Великобритании Тони Брентон.|The ambassador for Great Britain Tony Brenton reported on this.
мышь	mouse	Мышь и клавиатура подключены к компьютеру.|The mouse and keyboard are connected to the computer.
вредный	harmful, evil	Ванюша с того момента возненавидел эту вредную тетку.|From that moment Vanyusha hated that evil old woman.
старинный	ancient, old	Машина затормозила у дверей небольшого старинного особняка.|The car pulled up at the doors of a small old house.
верёвка	rope, line	Поперек двора натянута бельевая веревка.|A clothesline was strung across the yard.
поза	pose	Ее поза выражает покой.|Her pose radiates calm.
волнение	excitement	Он с трудом сдержал волнение.|He found it hard to contain his excitement.
лапа	paw	Кот вылизывает заднюю лапу.|The cat is licking its back paw.
глухой	deaf	Она родилась глухой.|She was born deaf.
руководить	direct, be in charge	Сидоров руководит аналитическим отделом.|Sidorov is in charge of the analytical department.
тётя	aunt	У нас гостит моя любимая тетя.|My favourite aunt is staying with us.
нравственный	moral	Она была женщиной редкой нравственной чистоты.|She was a woman of rare moral purity.
размышление	thought	Эту тему поднял сам Достоевский в своих размышлениях о русской литературе.|This topic was raised by Dostoevsky himself in his reflections on Russian literature.
аккуратно	carefully	Андрей аккуратно сложил свои бумаги.|Andrey carefully arranged his papers.
психический	psychic, mental	Врач проверяет психическое состояние больного.|The doctor is checking the patient’s mental state.
беспокоиться	worry	Мама очень беспокоилась за дочь.|The mother was very worried about her daughter.
математический	mathematical	Алеша получил премию за победу на школьной математической олимпиаде.|Alyosha was awarded a prize for coming first in the school mathematics competition.
мука	torment	Пережитые муки и унижения нельзя измерить никакими деньгами.|No money can make up for the torment and humiliation that was endured.
закрытый	closed	Они стояли перед закрытой дверью.|They were standing in front of the closed door.
срочный	urgent	Они выехали по срочному вызову на место аварии.|Following an urgent call they went to the scene of the accident.
архитектура	architecture	Это шедевр современной архитектуры.|This is a masterpiece of modern architecture.
прыгать	jump	Ему хотелось прыгать от радости.|He wanted to jump for joy.
обычай	custom	По старинному русскому обычаю на поминках не чокаются.|According to  an ancient Russian custom people don’t clink glasses at funerals.
школьник	pupil	Сколько времени тратят школьники на приготовление домашних заданий?|How much time do pupils spend doing their homework?
вследствие	as a result of, due to	Смерть наступила вследствие несчастного случая.|The death was due to an accident.
химический	chemical	Ученые проанализировали химический состав этой жидкости.|Scientists analysed the chemical composition of the liquid.
ветеран	veteran	Мой отец — ветеран Великой Отечественной войны.|My father is a World War Two veteran.
лампа	lamp	Настольная лампа горит неярко.|The table lamp is burning dimly.
автоматически	automatically	Этот механизм автоматически включается, если ребенок кричит дольше 30 секунд.|The device turns on automatically if the baby cries for more than 30 seconds.
технологический	technological	Причиной аварии стало нарушение технологического процесса.|The accident was caused by a breach of technology.
лицензия	licence	Для осуществления розничной торговли требуется соответствующая лицензия.|A licence is required in order to retail.
жилой	residential	Пожар уничтожил почти весь второй этаж жилого дома.|The fire destroyed almost all of the second floor of the house.
ошибаться	make a mistake	Переводчик ошибся и спутал два испанских слова.|The translator  made a mistake and confused two Spanish words.
материя	matter, fabric	Его галстук подобран в тон рубашки из тонкой материи.|His tie was picked to match a shirt made from fine fabric.
прогулка	walk	Он только что пришел с прогулки с собакой.|He’s just got back from  walking the dog.
разрыв	gap	&квозь разрывы туч начало проглядывать солнышко.|The sun broke through gaps in the clouds.
пустота	emptiness, space	Внутри этих маленьких пирожных будет пустота, которую можно заполнить кремом.|There will be a space inside the small pastries that you can fill with cream.
ужасно	terribly, really	Я ужасно рада за нее!|I’m really happy for her!
королевский	royal	Во дворце собралась почти вся королевская семья.|Almost all  the royal family gathered in the courtyard.
рисковать	risk	Не стоит рисковать своим здоровьем.|It isn’t worth risking your health.
образовательный	educational	Наше училище вошло в пятерку лучших художественных образовательных учреждений страны.|Our school is one of the five best art educational institutions in the country.
замена	replacement	Процедура замены картриджей проста.|Replacing a cartridge is simple.
тренировка	training	Это отличное упражнение для тренировки мышц живота.|This is an excellent exercise for training your stomach muscles.
рассуждать	argue, talk	Он любит рассуждать о политике.|He loves to talk about politics.
ежедневный	daily	Ежедневная потребность человеческого организма — примерно 0,005 грамма этого элемента.|The human body requires 0.005 grams of this substance per day.
молодость	youth	Что помогает вам сохранять молодость и красоту?|What helps you maintain your youth and good looks?
юмор	humour	Сам роман очень добрый и полон мягкого юмора.|The novel itself is very good and full of gentle humour.
Африка	Africa	Его родители — выходцы из Африки.|His parents are immigrants from Africa.
мягко	softly, gently	Он очень мягко пожал мне руку и сказал несколько приветливых слов.|He shook my hand very gently and said a few welcoming words.
страховой	insurance	От этого зависит стоимость Вашего страхового полиса.|The cost of your insurance depends on this.
твёрдо	firm(ly), stern(ly)	— Нет! — твердо ответил профессор.|‘No!’ the professor answered sternly.
комментировать	comment	Российские политики и эксперты комментируют украинское противостояние.|Russian politicians and experts are commenting on the Ukrainian conflict.
божественный	divine	Божественный аромат шашлыка овевал всю округу, от аптеки до консерватории.|The divine aroma of shashlik wafted through the whole area, from the chemist’s to the conservatory.
устойчивый	solid	Этим она завоевала себе устойчивую деловую репутацию.|This is how she earned herself a solid business reputation.
приговор	verdict	Несмотря на это, суд вынес обвинительный приговор.|Despite this, the court issued a guilty verdict.
пострадать	suffer, to be injured	Пять человек серьезно пострадали при взрыве.|Five people were seriously injured during the explosion.
алкоголь	alcohol	Вы употребляете алкоголь?|Do you drink alcohol?
дизайн	design	Это незаменимый элемент дизайна современного интерьера.|This is an indispensable part of modern interior design.
расследование	investigation	В настоящее время ведется расследование этого инцидента.|An investigation into the incident is currently being carried out.
просмотр	viewing	Программа первого дня завершилась просмотром фильма эстонских документалистов.|The programme of the first day ended with the viewing of a film made by Estonian documentary makers.
уничтожение	destruction	Она объединяет все народы против глобального уничтожения жизни на планете.|It unites all nations against  the global destruction of life on the planet.
спальня	bedroom	Он прошел в спальню и лег на кровать.|He went into the bedroom and lay down on the bed.
располагаться	be (situated), make  oneself comfortable	Проходите, располагайтесь поудобнее.|Come in, make yourself at home.
белорусский	Belarusian	Для этого нужно согласие белорусского парламента.|For this we need the consent of the Belarusian government.
поправка	correction	Мне пришлось внести поправки в текст письма.|I had to make corrections to the text of the letter.
проза	prose	Давайте поговорим про современную российскую прозу.|Let’s talk about contemporary Russian prose.
поставка	delivery, supply	Россия увеличила поставки газа на европейском направлении на 80 млн.куб.м.|Russia has increased its  gas supplies to Europe by 80 million cubic metres.
скандал	scandal	Ты устраиваешь скандал по совершенно пустяковому поводу.|You’re making  a scandal out of nothing.
соотношение	ratio	В столичных университетах это соотношение составляет примерно 1:4.|At universities in the capital this ratio is approximately 1:4.
красиво	beautifully, nicely	Я красиво упаковал подарок.|I wrapped the gift nicely.
ад	hell	Он уверен, что попадет в ад после смерти.|He’s sure that he will go to hell when he dies.
логический	logical	Решение таких задач развивает логическое мышление.|Logical thinking is developed by solving puzzles like these.
совпадать	coincide, concur	Мнение редакции не всегда совпадает с мнением авторов.|The opinion of the editors doesn’t always concur with that of the authors.
нарисовать	draw	— Мама, нарисуй зайчика, — попросила Настя.|‘Mum, draw a bunny’ , Nastya requested.
одеяло	blanket	Мама укрыла Машу одеялом.|Mum covered Masha with a blanket.
сумасшедший	crazy	Это был совершенно сумасшедший старик.|He was a completely crazy old man.
исследовать	research, explore, study	Ученые исследуют обломки звездолета инопланетян.|Scientists are studying fragments from alien spaceships.
мышца	muscle	После тренировки у меня болят мышцы.|My muscles ache after training.
изображать	represent, show	Я постаралась изобразить понимание и признательность.|I tried to show understanding and appreciation.
укрепление	strengthening	Причиной этого стало укрепление европейской валюты.|The strengthening of the Euro was the cause of this.
поцеловать	kiss	Он поцеловал жену и вышел.|He kissed his wife and walked out.
учёба	studies	Учеба отнимает у нее много времени.|Studying takes up a lot of her time.
совершенный	advanced	Позднее эта система была заменена более совершенной.|Later this system was replaced by a more advanced one.
утренний	morning	Первая утренняя тренировка начнется в 7.30.|The first morning training session starts at 07:30.
актуальный	of current interest, urgent	Это не самая актуальная проблема для москвичей.|This is not the most urgent problem for Muscovites.
всемирный	worldwide	Его пейзажи принесли ему всемирную известность.|His landscape paintings have brought him worldwide fame.
фабрика	factory	Его теща всю жизнь проработала на парфюмерной фабрике.|His mother- in-law worked all her life at a perfume factory.
пещера	cave	Мы хотели попасть в пещеру.|We wanted to go in the cave.
талантливый	talented	Она потрясающе талантливая актриса.|She’s an amazingly talented actress.
монитор	monitor	Я увидел стол, два стула, компьютерный монитор и клавиатуру.|I saw a table, two chairs, a computer monitor and a keyboard.
энергетический	power	Андрей работает в крупной энергетической компании.|Andrey works at a major energy company.
цветной	colour(ed)	На стене мы видим большую цветную фотографию его дочери.|On the wall we see a large colour photograph of his daughter.
матч	match	3 июля на финальном матче мы победили с большим отрывом.|In the final match on the 3rd of July we won by a wide margin.
кидать	throw	Дети кидают мяч в баскетбольное кольцо.|The children are throwing the ball into the basketball net.
подушка	pillow	Он опустил голову на мягкую подушку.|He lowered his head onto the soft pillow.
выше	higher	У него зарплата выше, чем у меня.|His salary is higher than mine.
препятствие	obstacle	Основное препятствие — глубокий снег.|The main obstacle is the deep snow.
фонарь	(street) light, black eye (slang)	На улице погасли фонари.|The street lights went out.
лифт	lift	Лифт остановился на третьем этаже.|The lift stopped on the third floor.
уговаривать	persuade	Мне так и не удалось уговорить родителей завести собаку.|I just couldn’t persuade my parents to let me have a dog.
регулярно	regularly	Я регулярно посещаю стоматолога.|I regularly visit a dentist.
указанный	indicated	Если захотите продлить договор, сделайте это до истечения указанного срока.|If you want to extend the contract do so before the indicated date.
департамент	department	В Москве она встретилась с чиновниками Департамента образования.|In Moscow she met officials from the Department of Education.
длиться	last	Наша беседа длилась около часа.|Our conversation lasted around an hour.
подтверждение	confirmation	Мы получили подтверждение, что поезд уже прибыл в Индию.|We received confirmation that the train had already arrived in India.
батарея	radiator, battery	Батарея телефона полностью разрядилась.|The phone battery was completely dead.
банковский	bank	Часть денег родители положили на банковский счет.|My parents put part of the money in their bank account.
волшебный	magic	Он побежал в избушку, чтобы найти свою волшебную книгу.|He ran into the hut to find his magic book.
седьмой	seventh	Мы сюда приехали в седьмой раз.|We are here for the seventh time.
сервис	service	Мы гарантируем вам вкусную еду и качественный сервис.|We guarantee you tasty food and quality service.
производиться	be produced, be  manufactured	Эти аккумуляторы производятся на заводе в Санкт-Петербурге.|These batteries are manufactured at a factory in St. Petersburg.
флаг	flag	Если глава государства дома, над его резиденцией вывешивается флаг.|If the head of state is at home the flag above his residence is raised.
пособие	benefit, aid, textbook	Вы не имеете права на пособие по безработице.|You don’t have the right to claim unemployment benefits.
приключение	adventure	Он вспоминал приключения прошедшего дня.|He reminisced about the day’s adventures.
запирать	lock	Я забыл запереть дверь.|I forgot to lock the door.
коммунистический	communist	Он недавно стал членом коммунистической партии.|He recently became a member of the Communist Party.
мудрый	wise	Это был мудрый человек.|He was  a wise man.
бледный	pale	Молодой офицер стоял с бледным лицом.|The young officer stood  pale-faced.
дорожка	road, path, way	Она бродила по дорожкам сада.|She wandered around the garden paths.
нормально	it is normal	Полтора процента безработицы — это нормально.|One and a half per cent unemployment is normal.
гарантировать	ensure, guarantee	Этот метод гарантирует безопасность и эффективность лечения.|This method ensures the safety and effectiveness of the treatment.
неприятность	trouble	Вас ждут большие неприятности.|You’re in for a lot of trouble.
внук	grandson	А вот фотография моего любимого внука Саши.|And here’s a photograph of my favourite grandson Sasha.
послание	message	Она еще раз перечитала официальное послание.|She read the official message once again.
рассвет	dawn	Уже близился рассвет.|It was almost dawn.
пляж	beach	Пока мы плавали, она загорала на пляже.|While we were swimming, she was sunbathing on the beach.
четверть	quarter	До открытия магазина оставалась четверть часа.|There was a quarter of  an hour before the shop opened.
вор	thief	Они не заметили, как в их дом проникли воры.|They didn’t notice the thieves coming into their home.
хозяйственный	household	Для покупок продуктов питания, одежды и вообще всякой хозяйственной утвари ей нет равных.|For buying food, clothes or any household goods it is unrivalled.
благодарный	grateful	За это я очень благодарен ему.|I’m very grateful to him for this.
недалеко	near	Недалеко от нашего дома есть спортзал.|There is a gym near our house.
модный	fashionable	Я тоже люблю модную спортивную одежду.|I also like fashionable sportswear.
игровой	playing, game	Там занятия проходят в игровой форме.|The lessons there are delivered in the form of games.
гордиться	be proud	Учитель гордится успехами своих учеников.|The teacher is proud of his students’ success.
спасать	rescue	Девушку спас от смертельной опасности таинственный незнакомец.|The girl was rescued from a life-threatening situation by a mysterious stranger.
железнодорожный	railway	На следующее утро мы пошли на железнодорожный вокзал.|The next morning we went to the railway station.
любопытство	curiosity	Гуров разглядывал гостя с нескрываемым любопытством.|Gurov looked at his guest with undisguised curiosity.
книжный	book	Я стою перед книжным шкафом.|I’m standing in front of the bookcase.
элита	elite	Вы представляете интеллектуальную элиту нашего общества.|You represent the intellectual elite of our society.
предполагаться	be supposed	В ближайшее время предполагается провести опрос среди рабочей молодежи.|A survey of young workers is supposed to be conducted in the near future.
водить	drive, take	Сегодня после школы нас водили на экскурсию в картинную галерею.|Today after school we were taken on an excursion to an art gallery.
оформление	execution, design, processing	Мы предлагаем сделать оформление обложки более современным.|We propose to modernize the design of the front cover.
подвиг	feat	Мы всегда будем помнить о вашем великом подвиге.|We shall always remember your great feat.
ритм	rhythm	Музыкант постоянно что-то напевал, отбивал ритм руками и ногами.|The musician was constantly humming a tune, beating out a rhythm with his hands and feet.
завершение	completion, finishing	Он переживает, что не хватает денег на завершение строительства дома.|He is worried that he won’t have enough money to finish building the house.
голосование	voting, ballot	Тайное голосование проводится только при решении кадровых вопросов.|A secret ballot is carried out only for personnel matters.
отзыв	reference, feedback	Ни одного плохого отзыва о моих работах нет.|My work has no negative feedback.
нерв	nerve	Это было уже слишком, нервы людей не выдержали.|This was all too much; people’s nerves weren’t holding out.
пилот	pilot	Самолетом управляет опытный пилот.|The plane is being flown by an experienced pilot.
иллюзия	illusion	Оптическую иллюзию создавали тени облаков.|The shadows of the clouds were creating an optical illusion.
радостный	happy	Радостная улыбка озарила ее лицо.|A happy smile lit up her face.
христианин	Christian	Он был примером истинного христианина.|He was an example of a true Christian.
академик	academician	Этот институт основал знаменитый академик Н. Семенов, лауреат Нобелевской премии по химии.|The institute was founded by the famous academician Nikolai Semenov, a Nobel Laureate in Chemistry.
выходной	day off, weekend	Я уезжаю на выходные к друзьям в Харьков.|I’m going to see friends in Kharkov for the weekend.
невидимый	invisible	Новое поколение невидимых бомбардировщиков %-2 было впервые использовано в Югославии.|A new generation of invisible B-2 bombers was used for the first time in Yugoslavia.
трасса	track	В начале 70-х произошла череда трагических событий на гоночных трассах.|There was a series of tragic events on racetracks at the start of the 70s.
гений	genius	Он считает себя гением.|He considers himself a genius.
сплошной	continuous	Самолет движется в сплошном тумане.|The plane is moving in continuous fog.
стыдно	shameful	До сих пор мне стыдно об этом вспоминать.|To this day I’m ashamed  to think about it.
здорово	great, quite	Я здорово испугался.|I was quite scared.
социалистический	socialist	На этом основан социалистический строй.|This is what the socialist system is based on.
угрожать	threaten	Угрожая оружием, преступники выкинули инкассаторов из автомобиля.|Threatening them with weapons, the criminals forced the cash-in-transit guards out of the car.
наибольший	most	Этот человек вызвал наибольший интерес у сыщиков.|This person was the most interesting to the investigators.
рыжий	ginger	Она рыжая, с очень белой кожей и массой веснушек.|She’s got ginger hair, very pale skin and lots of freckles.
ограниченный	restricted	В это помещение доступ строго ограничен.|Access to this building is strictly restricted.
тяжесть	weight	Вам нельзя носить тяжести больше 5 кг.|You shouldn’t carry weights of more than 5 kg.
бытовой	everyday, household	Появилась новинка на рынке бытовой техники.|There’s a new product on the household appliance market.
развитый	developed	Это промышленно развитая страна.|It is an industrially developed country.
запрет	ban	Суд отменил запрет на шествие сексуальных меньшинств.|The court overturned a ban on the processions of sexual minorities.
уголок	corner	Я сел в спокойный уголок и стал обдумывать дальнейший маршрут.|I sat in a quiet corner and started to plan my next route.
тренер	coach (sport)	Александр Борисович был тренером по плаванию.|Aleksandr Borisovich was a swimming coach.
выгода	benefit	Она во всем искала выгоды для себя.|She looked to turn everything to her own benefit.
рок	fate, rock	Он слушает тяжелый рок.|He listens to heavy rock.
лечить	treat	Вас лечит очень хороший врач.|You are being treated by a very good doctor.
москвич	Muscovite	Коренной москвич гордится своим происхождением.|Native Muscovites are proud of their origin.
перерыв	break	У меня обеденный перерыв.|I’m on my lunch break.
бассейн	pool	Два-три раза в неделю я плаваю в бассейне.|I go swimming in the pool two to three times a week.
напечатать	print, publish, type	Где лучше напечатать научную статью — в Москве или Нью-Йорке?|Where is it better to publish an academic article: in Moscow or New York?
употребление	use, application	Употребление наркотиков в древности ограничивалось религиозными ритуалами.|In ancient times drug use was confined to religious rituals.
кругом	around	Кругом расстилалась пустыня.|Desert stretched all around.
гроб	coffin	Он лежал в гробу.|He was lying in a coffin.
мэр	mayor	Нашу идею поддержал мэр города.|Our idea was supported by the town mayor.
врать	lie	— У меня дедушка был гипнотизер,  — нагло врал Шура.|‘My grandfather was a hypnotist’ , Shura blatantly lied.
кабина	cabin, cockpit	Летчик занял место в кабине.|The pilot took his place in the cockpit.
заявка	application	До 10 марта можно подавать заявки на участие в этом конкурсе.|Applications to take part in this competition may be submitted until the 10th of March.
критик	critic	Как журналист и театральный критик сотрудничаю с журналами µТеатр¶ и µТеатральный курьер¶.|As a journalist and a theatre critic I cooperate with the journals ‘Teatr’ and ‘Teatral’ny kur’er’ .
проговорить	utter, spend time talking	Мы проговорили часов до двенадцати ночи.|We talked until around midnight.
куртка	jacket	У меня есть теплая куртка.|I have a warm jacket.
служебный	official	Однажды я была в служебной командировке в Самаре.|I once went to Samara on an official business trip.
внедрение	implementation	Они готовятся к практическому внедрению своих разработок.|They  are working towards the practical implementation of their products.
бельё	linen, underwear	На экране появляется изображение девушки в нижнем белье.|A picture of a girl wearing underwear appears on the screen.
носитель	carrier, digital media, native  speaker	Один из голосов принадлежит мужчине — носителю японского языка.|One of the voices is that of a man – of a native speaker of Japanese.
системный	system	Я тогда работал системным администратором в одной рекламной фирме.|I then worked as a system administrator at an advertising agency.
общественность	public, community	Этот документ вызвал негодование педагогической общественности.|This document caused indignation among the teaching community.
милиционер	police officer	На улице ее задержали милиционеры и изъяли героин.|The police arrested her on the street and confiscated heroin from her.
численность	quantity, number	Численность тигров в России сохраняется на прежнем уровне.|The number of tigers in Russia remains the same.
валюта	currency	Я и по сей день не знаю, как выглядит та их местная валюта.|To this day I don’t know what their currency looks like.
кладбище	cemetery	Похоронят его рядом с женой на деревенском кладбище.|He is going to be buried next to his wife at the village cemetery.
дёшево	cheap	Там овощи и фрукты стоят очень дешево.|Fruit and vegetables are very cheap there.
улучшать	improve	Морковь улучшает пищеварение.|Carrots improve digestion.
бюджетный	budgetary, state-financed	Это касается всех, кто находится на бюджетном финансировании.|This concerns everyone who is on state funding.
икона	icon	Эту икону написал в XIV веке Феофан Грек.|This icon was painted by Theophanes the Greek in the fourteenth century.
вчерашний	yesterday	Со вчерашнего вечера я ее не видела.|I haven’t seen her since yesterday.
ровный	even, stable	Там всегда стояла ровная температура  — плюс четырнадцать по Цельсию.|The temperature was stable there: fourteen degrees Celsius.
последовательность	sequence, order	Материал изложен в логической последовательности µот простого к сложному¶.|The material is presented in a logical order: from simple to complex.
полицейский	policeman	Нас не останавливали полицейские.|We weren’t stopped by the police.
шутить	joke	Тут все шутят и хохочут.|Everyone is laughing and joking there.
протест	protest	Мы выражаем решительный протест против беззакония и нарушения прав человека.|We want to express our protest against lawlessness and human rights violations.
ботинок	shoe	Он побрился, затем почистил ботинки.|He had a shave and then cleaned his shoes.
уменьшать	reduce	Аркадий уменьшил громкость телевизора.|Arkady turned down the volume on the television.
храниться	be stored, be kept	Такие документы должны храниться вечно.|These documents should be kept forever.
двести	two hundred	Эта книга стоит двести рублей.|This book costs two hundred rubles.
показание	indication, evidence	Никто из свидетелей ссоры не был готов дать свидетельские показания.|None of those who had witnessed the argument were willing to give evidence.
уносить	take away, carry away	Сильный ветер уносит лодку далеко в море.|The strong wind is carrying the boat far out to sea.
повесить	hang	Он повесил пиджак на спинку стула.|He hung his coat on the back of the chair.
специальность	profession	Какая у него профессия?|What’s his profession?
посадка	planting, landing	Самолет заходит на посадку в аэропорту Бангкока.|The plane is coming in to land at Bangkok airport.
холодильник	refrigerator	Она открыла холодильник и взяла бутылку пива.|She opened the fridge and took out a bottle of beer.
шоу	show	Вечером начнется грандиозное шоу.|The grand show will begin in the evening.
трогать	touch	Только не трогай красную кнопку!|Just don’t touch the red button!
копейка	kopeck	Простая газировка стоила одну копейку, с сиропом — три.|A regular mineral water cost one kopeck, a flavoured mineral water – three.
повышенный	increased	Спецслужбы проявляют к нему повышенный интерес.|The special services are expressing an increased interest in him.
стих	poetry, verse	Люда прекрасно декламировала стихи.|Lyuda was wonderful at reciting poetry.
голодный	hungry	Мама приехала с работы голодная.|Mum returned from work feeling hungry.
закрываться	close	По субботам магазины закрываются в 13.00.|The shops close at 13:00 on Saturdays.
отчасти	partly	В таблицу попали отчасти устаревшие данные.|There were some partly obsolete data in the table.
террорист	terrorist	При проведении операции по освобождению заложников 31 террорист был уничтожен и один задержан.|In the operation aimed at freeing the hostages 31 terrorists were killed and one arrested.
училище	training school, institute	Костя поступил в мореходное училище.|Kostya enrolled at the naval institute.
любопытный	curious	Любопытный случай приключился в продуктовом магазине.|A curious event took place at the grocery store.
инвалид	disabled	После аварии он остался инвалидом на всю жизнь.|The accident left him disabled for life.
подряд	in a row	Он проиграл три партии подряд.|He lost three games in a row.
чемодан	suitcase	Мне осталось только упаковать чемодан.|I just need to pack my suitcase.
приглашение	invitation	Вы тоже получили приглашение на эту конференцию?|Were you also invited to the conference?
роды	childbirth	После родов она пополнела.|She put on weight after giving birth.
пес	dog	Рыжий пёс зарычал.|The red dog growled.
младенец	baby	Очаровательный младенец появился в семье полгода назад.|Our delightful baby was born half a year ago.
вслух	aloud	Прочитайте вслух небольшое предложение.|Read this short sentence aloud.
подозрение	suspicion	Фальшивые документы вызовут подозрения.|Falsified documents will cause suspicion.
употреблять	use	Я пишу для специалистов и употребляю выражения, понятные им.|I write for specialists and use phrases that are understood by them.
соблюдать	obey	Пока я соблюдаю правила, ничего страшного не случится.|Nothing terrible will happen as long as I obey the rules.
распространяться	spread, be   extended	Это правило не распространяется на матерей-одиночек.|This rule does not extend to single mothers.
подъезжать	drive up	Машина подъехала к подъезду.|The car drove up to the entrance.
размышлять	reflect, think	Я всю ночь размышлял над мамиными словами.|I spent the whole night thinking about what mum said.
универсальный	universal	Этот нож — удобный и почти универсальный инструмент.|This knife is a convenient and almost universal tool.
фрагмент	fragment, small part	Из мелких фрагментов надо было сложить цельную картинку.|From small fragments we needed to form the whole picture.
постановка	production, statement,  formulation	Причинами этого являются ошибки в постановке цели.|The reasons for this are mistakes in the formulation of the aims.
ценить	appreciate, value	Его ценит начальство.|He is valued by his superiors.
дыра	hole	В стене комнаты зияет огромная дыра.|There’s a huge hole in the wall of the room.
сражение	battle	Сражение разгорелось с новой силой.|The battle broke out with renewed vigour.
баланс	balance	Бухгалтерский баланс составляется раз в квартал.|The balance sheet is compiled quarterly.
уверенно	confidently	— Конечно, знаю, — уверенно заявил Иван Иванович.|‘Of course I know’ , Ivan Ivanovich said confidently.
морда	snout	Из сумки выглядывала белая лохматая собачья морда.|The snout of a white shaggy dog was poking out of the handbag.
ложный	false	Уверен, что это ложная тревога.|I’m sure that it is a false alarm.
подвал	basement, cellar	Старик спустился в подвал, и мне пришлось идти за ним.|The old man went down to the basement and I had to follow him.
привлекательный	attractive	Он обернулся и увидел перед собой высокую привлекательную блондинку.|He turned around and saw a tall attractive blonde in front of him.
виза	visa	1 января моя виза закончилась.|My visa expired on the 1st of January.
занятый	busy	К сожалению, он страшно занят.|He’s terribly busy, unfortunately.
эхо	echo	Из глубины подземелья отозвалось только эхо.|Only an echo could be heard from the depths of the dungeon.
торговать	trade, sell	Кроме продуктов, здесь торгуют обувью, одеждой, зонтиками.|Besides food they also sell shoes, clothes and umbrellas here.
социализм	socialism	Марксистская теория рассматривала социализм как первую фазу коммунизма.|Marxist theory viewed socialism as the first phase of communism.
хор	choir	Хор пел просто замечательно!|The choir sang wonderfully!
рукав	sleeve	На ней было светлое платье с короткими рукавами.|She was wearing a light, short-sleeved dress.
атомный	atomic	Знаменитый физик Лев Ландау объяснял мне механизм атомного взрыва.|The famous physicist Lev Landau explained to me the mechanism of an atomic explosion.
разрушение	destruction	Он отдал приказ о полном разрушении города.|He ordered that the town be completely destroyed.
наставать	come	Хочу, чтобы весна поскорее настала.|I hope that spring comes soon.
столовая	canteen, dining room	Столовая находится на первом этаже.|The canteen is on the first floor.
верх	top	Я стояла на самом верху лестницы.|I was standing at the very top of the stairs.
шеф	boss	Шеф был категорически против.|The boss was categorically opposed.
посещение	visit, attendance	Я умудрялся совмещать тренировки и матчи с посещением лекций и семинаров.|I managed to combine training and matches with my lectures and seminars.
симпатичный	attractive, nice	Мой сосед — симпатичный парень|My neighbour is a nice guy.
выдающийся	outstanding, eminent	Николай Константинович Рерих — выдающийся деятель русской и мировой культуры XX столетия.|Nikolay Konstantinovich Rerikh is an eminent figure of Russian and world culture of the twentieth century.
палка	stick	Обезьяна иногда пользуется палкой.|The monkey sometimes uses a stick.
плита	stove, plate	Я ставлю большую кастрюлю на плиту.|I put a big pan on the stove.
продаваться	be on sale	Билеты продаются в кассах цирка.|Tickets are on sale at the circus box offices.
бровь	eyebrow	Алексей Иванович удивленно поднял брови.|Aleksey Ivanovich raised his eyebrows in surprise.
атаковать	attack	Неожиданно самолет атаковали истребители противника.|Suddenly the plane came under attack from enemy fighters.
рай	heaven	Я думал, что попал в рай.|I thought  I was in heaven.
переводчик	translator	Вам нужна помощь переводчика?|Do you need a translator?
равновесие	balance	Она потеряла равновесие и упала в воду.|She lost her balance and fell in  the water.
следователь	investigator	Вы весьма опытный следователь и раскрыли немало дел.|You’re a highly experienced investigator and you’ve solved many cases.
обещание	promise	Ты же дал обещание больше не курить!|But you promised to stop smoking!
секретный	secret	Под землей находится секретная лаборатория.|There is a secret laboratory underground.
посольство	embassy	Вам нужно обратиться в консульский отдел российского посольства.|You need to go to the consular department at the Russian Embassy.
бесполезный	useless	Прошу вас, не тратьте время и энергию на такое бесполезное занятие.|Please don’t waste your time and energy on such a useless pursuit.
приезд	arrival	Он предлагал мне поменять дату приезда на более позднее время.|He suggested that I change my arrival to a later date.
быт	daily routine	У нас совместное хозяйство, общий быт, общие проблемы.|We have a joint household, a common daily routine and the same problems.
мастерская	workshop, repair shop	Она работала в мастерской по ремонту обуви приемщицей.|She worked at  a shoe repair shop as a receptionist.
проход	passage	Толпа расступилась в стороны, освобождая проход.|The crowd dispersed to the sides, freeing up a passage way.
подводный	underwater	Лодка вдруг наткнулась на какой-то подводный камень.|The ship suddenly hit an underwater rock.
учащийся	student	В первом семестре учащиеся интенсивно изучают чешский язык.|Students study Czech intensively in the first semester.
пачка	packet, wad	С толстой пачкой денег они отправились ужинать в дорогой ресторан.|With  a thick wad of cash they set off to have dinner at an expensive restaurant.
планирование	planning	При планировании уроков я, как правило, пользуюсь учебником.|When planning a lesson I usually use a course book.
беспокоить	bother, concern	Эта проблема все более и более беспокоит власти.|This problem is becoming ever more of a concern for the authorities.
Библия	Bible	Единственной книгой в их доме была Библия.|The only book in their home was the Bible.
бизнесмен	businessman	Я считаю себя серьезным бизнесменом.|I consider myself a serious businessman.
частично	partially	Врачам удалось частично восстановить его зрение.|Doctors managed to partially recover his vision.
настройка	setting	Эта программа имеет много настроек, позволяющих увеличить скорость обработки видео.|The program has many settings enabling users to increase the speed of video processing.
ветвь	branch	Еловая ветвь присыпана пушистым снегом.|The branch of the spruce tree was coated in fluffy snow.
неоднократно	repeatedly,   several times	Его имя неоднократно упоминал в своих произведениях Достоевский.|His name was mentioned several times in the works of Dostoevsky.
производительность	productivity	Это позволяет повысить производительность труда складских работников.|It makes it possible to increase the productivity of warehouse employees.
догонять	chase, catch up	Полицейский на мотоцикле догоняет их и кричит, что они превысили скорость.|A police officer on a motorcycle is chasing them and shouting that they have broken the speed limit.
жуткий	terrible, spooky	Вокруг царит такая жуткая, могильная тишина!|All around was a kind of spooky, sepulchral silence!
грамм	gram	Смешайте 200 граммов масла, 2 стакана муки и 1 яйцо.|Mix 200 grams of butter, 2 cups of flour and 1 egg.
ничего	nothing	У вас тут все есть: куры, гуси, коровы, свиньи, а у нас нет ничего.|You have everything here: chickens, geese, cows, pigs – and we have nothing.
такси	taxi	Я поймала такси и поехала в гостиницу переодеваться.|I got a taxi and went to the hotel to get changed.
треть	third	Мы прошли уже одну треть пути.|We’ve already gone a third of the way.
районный	district	Галина Григорьевна повела сына в районную поликлинику к невропатологу.|Galina Grigor’evna took her son to see a neurologist at a local surgery.
приветствовать	greet, welcome	Приветствую участников нашей программы!|I’d like to welcome participants of our programme!
придерживаться	hold to, stick to	Я буду придерживаться того стиля, которого всегда придерживался.|I’ll stick to the same style that I’ve always used.
засмеяться	laugh	Сказав это, фотограф засмеялся.|Having said this, the photographer started to laugh.
платок	shawl	Даже приезжим туристкам рекомендуют одеваться скромно и на голову надевать платок.|Even tourists are advised to dress modestly and to wear a shawl on their head.
улетать	fly away, leave	Мой самолет улетает через полчаса.|My plane leaves in half an hour.
китаец	Chinese man	Этот китаец хорошо говорит по-русски.|This Chinese man speaks good Russian.
рак	crawfish, cancer	Его жена умерла от рака.|His wife died from cancer.
вражеский	enemy	Девятьсот дней длилась вражеская блокада.|The enemy’s blockade lasted nine hundred days.
программист	programmer	Я хочу стать программистом.|I want to be a programmer.
таинственный	mysterious	Кто это таинственное существо?|Who is this mysterious creature?
охранник	guard	Вас будет сопровождать вооруженный охранник.|You will be accompanied by an armed guard.
коллективный	collective, team	Этот текст — продукт коллективного творчества.|This text is the product of team work.
футбол	football	Я пошел смотреть футбол.|I’ve gone to watch the football.
соль	salt	Он отломил хлеба, посыпал солью, бросил в рот.|He broke off a piece of bread, put salt on it and put it into his mouth.
вступление	introduction, entry	Учредительный договор о вступлении в союз подписали все муниципалитеты.|The memorandum on entry to the alliance was signed by all municipalities.
биологический	biological	Вечером по вторникам меня можно застать на биологическом факультете МГУ.|On Tuesday evenings you can find me at the Faculty of Biology at Moscow State University.
трудиться	work	Последние 2 года он упорно трудился над своим проектом.|He’s been working hard on his project for the last 2 years.
максимум	maximum, the most	Вам осталось максимум шесть месяцев жизни.|You’ve got six months at the most to live.
порода	breed	Собаки этой породы мало распространены.|This breed of dog  isn’t very common.
прекращаться	stop, expire	Вскоре снегопад прекратился.|The snow soon stopped falling.
отрезать	cut	Он отрезал кусок хлеба и намазал его маслом.|He cut a piece of bread and spread butter on it.
грустный	sad	Она постоянно напевала какую-то грустную песню.|She was constantly singing sad songs.
либеральный	liberal	Нашу либеральную прессу эти факты раздражают.|Our liberal press is irritated by these facts.
шоссе	motorway	Мы мчались по шоссе в направлении города.|We sped along the motorway towards the city.
происшествие	incident	Необычное происшествие случилось в четверг в шесть часов утра.|An unusual incident occurred at six o’clock on Thursday morning.
чистота	cleanliness, purity	Это может отрицательно сказаться на чистоте воды.|This can have a negative impact on water purity.
стучать	hit, knock, snitch (slang)	Все знали, что он стучал на своих товарищей.|Everyone knew that he’d snitched on his friends.
курица	chicken	Пахнет жареной курицей.|There’s a smell of fried chicken.
бумажный	paper	Лиза положила продукты в бумажный пакет.|Liza put the groceries in a paper bag.
ножка	leg, foot	Я спрятал деньги в ножку кровати.|I hid the money in the bed leg.
подлежать	be subject	Виновные подлежали ответственности по законам военного времени.|Those found guilty were subject to martial law.
выплата	payment	Общая выплата по процентам за 10 лет составляет 700 тысяч рублей.|The total interest payment over 10 years comes to 700 thousand rubles.
яма	pit	Человек упал в яму.|A man fell into a pit.
плен	captivity	Пребывание в плену сильно подорвало его здоровье.|His health suffered due to his stretch in captivity.
снимок	picture	Ученые рассматривали первые снимки лунного ландшафта.|Scientists examined the first pictures from the moon.
соблюдение	compliance	Я требую соблюдения формального дипломатического протокола.|I require that you comply with formal diplomatic protocol.
рождаться	be born	В этой семье постоянно рождаются близнецы.|Twins are always born in this family.
ложка	spoon	Соня купила набор столовых ложек.|Sonya bought a set of table spoons.
идиот	idiot	Только что его при всех обозвали идиотом.|He was just called an idiot in front of everyone.
еле	hardly	Мы еле сдержали смех.|We could hardly stop ourselves from laughing.
топливо	fuel	Расход топлива у этой машины составляет 6 литров на 100 км.|The fuel consumption of this car is 6 litres per 100 km.
ковёр	carpet, rug	На полу лежал мягкий ковёр.|There was a soft carpet on the floor.
громадный	huge	Она подарила мне громадный букет белых лилий.|She gave me a huge bouquet of white lilies.
консультация	consultation	Когда мне понадобится юридическая консультация, я обязательно обращусь к тебе.|When I need a legal consultation, then I’ll definitely come to you.
увеличиваться	increase	Говорят, в Южной Африке в последние годы резко увеличилось количество похищений людей летающими тарелками.|Apparently, in South Africa there has been a sharp increase in the number of people abducted by flying saucers in recent years.
финал	end, final	Состоялся финал конкурса µМисс Маленькая Принцесса 2000¶ в Иркутске.|The final of the competition ‘Miss Little Princess 2000’ took place in Irkutsk.
бессмысленный	senseless	Эта картина потрясла их своей бессмысленной жестокостью.|This picture shocked them due to its senseless cruelty.
заметка	note, newspaper article	Только что прочитал в µМосковском Комсомольце¶ небольшую заметку о кандидатах на Русского Букера за этот год.|I’ve just read a short article in ‘Moskovsky Komsomolets’ about the candidates for this year’s Russian Booker Prize.
галерея	gallery	Я хочу посетить местную картинную галерею.|I want to visit the local art gallery.
по-другому	in a different way, differently	Случись мне еще раз прожить свою жизнь, я бы многое сделал по-другому.|If I could live my life again, then I’d do a lot of things differently.
счесть	consider	Судья счел действия водителя автобуса опасными.|The judge considered the bus driver’s actions to be dangerous.
среднее	average	За будущий год все подорожает в среднем на 25 процентов.|Next year everything will increase by an average of 25 per cent.
избиратель	elector	Во время встреч с избирателями мне очень часто задают этот вопрос.|I’m asked this question very often when I meet electors.
лететь	fly	Вертолет летел гораздо медленнее.|The helicopter was flying much more  slowly.
несчастье	misfortune	С этого пожара начались несчастья их семьи.|The fire was the start of the family’s misfortune.
голосовать	vote	Вы за кого будете голосовать?|Who are you going to vote for?
жених	bridegroom, fiancé	У меня был жених, но мы поссорились и расстались.|I had a fiancé, but we had a row and split up.
слышно	possible to hear, audibly	Говорите громче, вас плохо слышно.|Speak up – we can barely hear you.
вирус	virus	Этот вирус передается через кровь и слюну.|This virus is passed on through blood and saliva.
монета	coin	Он выбрал монету и передал ее продавщице.|He took a coin and gave it to the shop assistant.
бурный	stormy	Лодка плывет по бурному морю.|The boat is sailing on the stormy sea.
плотный	thick	Он был одет в куртку из плотной серой ткани.|He was wearing a coat made from thick grey fabric.
фундаментальный	fundamental	В чем истинная задача фундаментальной науки?|What is the real task of fundamental science?
жидкость	liquid	Эта жидкость огнеопасна.|This liquid  is flammable.
автоматический	automatic	Это компактный, полностью автоматический прибор для измерения давления.|This is a compact, fully automatic device for measuring pressure.
специфический	specific	У каждого магазина свой специфический запах.|Every shop has its specific smell.
финансы	finances	Это позволило более эффективно управлять финансами компании.|This enabled the finances of the company to be managed more effectively.
мыть	wash	Мы моем пол каждый день.|We wash the floor every day.
повлиять	influence, affect	Эти факторы могут повлиять на здоровье ребенка.|These factors may affect a baby’s health.
загадка	mystery, riddle	Как он туда попал, до сих пор остается загадкой.|How he got there remains  a mystery.
забавный	funny	Я вспомнил один забавный анекдот.|I remembered a funny anecdote.
охранять	guard	Служба безопасности охраняет президента.|The president is guarded by the state security service.
магия	magic	В вашем мире магия не действует.|Magic doesn’t work in your world.
исполнитель	performer, executor	Он известный эстрадный исполнитель.|He’s a well-known stage performer.
обширный	extensive	Здесь затронута только небольшая часть этой обширной темы.|Here only a small part of this extensive topic has been touched upon.
проехать	drive, get to	Она спросила, как проехать к торговому центру.|She asked how to get to the shopping centre.
наслаждаться	enjoy	Я наслаждалась покоем.|I was enjoying the peace and quiet.
смешно	funny	Он ужасно смешно рассказывает всякие истории.|He can tell any story in a very humorous way.
автомобильный	car	Они попали в автомобильную катастрофу.|They had a car crash.
юрист	lawyer	Этот договор составил опытный юрист.|This agreement was drafted up by an experienced lawyer.
пропаганда	propaganda	Критики увидели в романе лишь примитивную политическую пропаганду.|Critics saw only primitive political propaganda in the book.
арест	arrest	Он по-прежнему находится под арестом.|He is still under arrest.
терпение	patience	В конце концов женщина потеряла терпение.|The woman finally lost her patience.
мораль	morality	Он живет вне законов и вне общественной морали.|He lives outside the law and beyond morality.
диплом	diploma, degree	Он получил диплом экономиста.|He got a degree in economics.
цепочка	chain	На её тонкой шейке блестела золотая цепочка.|A gold chain glistened on her slender neck.
посторонний	strange, outside	Почему тут столько посторонних  людей?|Why are there so many strangers here?
мусор	rubbish	Тебе было лень вынести мусор?|Were you too lazy to take out the rubbish?
разделение	division	Такое разделение труда позволит снизить затраты производства.|Such  a division of labour will allow us to lower production costs.
шапка	cap, hat	Она купила меховую шапку.|She bought a fur hat.
робот	robot	Да с этим любой робот справится.|Yes, any robot would manage this.
нефтяной	oil	Он владеет акциями огромной нефтяной компании.|He has shares in a major oil company.
откровенный	frank	Как-то раз у них произошел очень откровенный разговор.|They once had a very frank discussion.
отбор	selection	Экспертная комиссия проводит отбор кандидатов.|The expert committee selects candidates.
тариф	rate, price	Жители города протестуют против увеличения тарифов на коммунальные услуги.|Inhabitants of the town are protesting against the increase in prices for communal services.
усталость	tiredness	Студенты чувствовали усталость, сонливость, жаловались на головную боль.|The students felt tired and sleepy, and they complained of headache.
борода	beard	Мы увидели старичка с седой бородой.|We saw an old man with a grey beard.
старушка	old woman	Он очень любил хозяйку дома, милую и добрую старушку.|He liked the woman of the house, a kind and sweet old lady, very much.
защитник	defender	Он мечтал носить военную форму и быть защитником Родины.|He dreamed of wearing a military uniform and serving as a defender of the fatherland.
полюбить	fall in love	Юноша и девушка полюбили друг друга.|The young boy and girl fell in love with one another.
педагог	teacher	Он был великим ученым и прекрасным педагогом.|He was a great scholar and  a wonderful teacher.
выделяться	stand out	Она ничем не выделялась из толпы.|She didn’t stand out from the crowd in any way.
искренний	sincere	Мы выражаем им нашу искреннюю благодарность.|We express our sincere gratitude to them.
частица	particle	Фильтр задерживает частицы грязи и ржавчины.|The filter captures particles of dirt and rust.
свойственный	typical, common,  appropriate	Прежде всего, это свойственно посткоммунистическим странам.|Above all, this is typical of post-Communist countries.
строительный	construction	Расскажите, пожалуйста, об этом новом строительном материале.|Tell us please about this new construction material.
звено	link	Рынок служит связующим звеном между производством и потреблением.|The market serves as a link between production and consumption.
продемонстрировать	demonstrate,   show	Ученый продемонстрировал коллегам результаты своих исследований.|The scientist showed colleagues the results of his analysis.
формальный	formal	При желании формальный повод для отказа всегда найдется.|If required,  a formal reason for a refusal can always be found.
чуть-чуть	a little	Он чуть-чуть говорит по-итальянски.|He speaks a little Italian.
испортить	spoil, ruin	Не надо портить жизнь девчонке.|There’s no need to ruin the little girl’s life.
наслаждение	enjoyment	Ты получишь огромное наслаждение от полета.|You’ll really enjoy the flight.
прятаться	hide	Кот прячется под диваном.|The cat is hiding under the sofa.
худой	thin	Это была девочка лет десяти, худая и бледная.|It was a thin and pale girl; she was about 10 years old.
шок	shock	Услышав приговор, он испытал шок.|He was shocked when he heard the verdict.
бандит	bandit	На них напали вооруженные бандиты.|They were attacked by armed bandits.
близость	closeness	Эту пару связывает душевная близость.|This couple is united by a spiritual closeness.
гостиная	living room	Они сидели в маленькой уютной гостиной.|They were sitting in the small, cosy living room.
туча	cloud	Ветер несет грозовую тучу.|The wind  is causing a storm cloud to advance.
популярность	popularity	Этот театр пользуется огромной популярностью.|This theatre is hugely popular.
тур	round	20 декабря состоится следующий тур конкурса пианистов.|The next round of the piano competition is on the 20th of December.
формироваться	be formed	Мое мировоззрение формировалось в советскую эпоху.|My outlook on life  was formed in the Soviet era.
балкон	balcony	Он вышел на балкон.|He went out onto the balcony.
видеться	see	Мы с ней редко видимся.|I rarely see her.
беседовать	talk	Она подолгу беседовала со мной на философские темы.|She’d talk at length with me on philosophical matters.
гитара	guitar	Он неплохо играет на гитаре.|He’s not a bad guitar player.
локоть	elbow	Сядь прямо и убери локти со стола.|Sit up straight and take your elbows off the table.
объясняться	explain	Ученые еще не знают, чем объясняются подобные явления.|Scientists still don’t know how to explain such phenomena.
позитивный	positive	Мы получаем только позитивные отзывы от клиентов.|We receive only positive comments from our clients.
минус	minus	На улице минус 10 градусов.|It was minus 10 outside.
спокойствие	calm	Он побледнел, хотя внешне сохранил спокойствие.|He became a little pale, though on the outside he kept his calm.
зажигать	light	С тех пор я каждый вечер зажигала свечу на окошке.|Since then I have lit a candle on the windowsill every evening.
прощение	forgiveness	Я хочу попросить у вас прощения за грубость.|Forgive me for being  rude.
выпускник	graduate	Выпускники нашего университета — это высококвалифицированные специалисты.|Graduates of our university are highly qualified specialists.
обвинять	accuse	Ее обвиняют в хищении государственного имущества.|She is accused of embezzling state property.
поцелуй	kiss	Она проснулась от нежного поцелуя.|She woke up from the tender kiss.
чемпионат	championship	В столице стартовал чемпионат страны по художественной гимнастике.|The national gymnastics championship has started in the capital.
щит	shield	Воины держали щит в левой руке, а меч в правой.|The warriors held a shield in their left hand and a sword in their right.
действительный	real, valid	Для оформления визы вы должны представить действительный паспорт.|You need to present a valid passport in order to get a visa.
напряжённый	intensive, tense	В стране напряженная политическая обстановка.|There is a tense political situation in the country.
приз	prize	В 1996 году они завоевали приз на конкурсе молодых дизайнеров.|In 1996 they won a prize at a young designers’ contest.
оттенок	shade	Раньше белые, теперь занавески приобрели желтоватый оттенок.|The curtains, which used to be white, have acquired a yellowish shade.
собственник	owner	Ваш сын будет единственным собственником квартиры.|Your son will be the sole owner of the flat.
доставка	delivery	При заказе от 2000 руб. доставка товара осуществляется бесплатно.|Delivery on orders over 2,000 rubles is free.
поступление	receipt, enrolment	Перед поступлением на военную службу он прошел медицинское обследование.|He underwent a medical examination before enrolling for military service.
регулирование	regulation	В связи с этим возникла необходимость регулирования игорного бизнеса.|This led to the need for gambling to be regulated.
гипотеза	hypothesis	В процессе исследования гипотеза полностью подтвердилась.|The hypothesis was fully confirmed during the course of the investigation.
отъезд	departure	Он назначил отъезд на вторник.|He chose Tuesday as the day of departure.
колония	colony	Здесь находится колония для несовершеннолетних преступников.|There’s a penal colony for young offenders here.
командовать	command, be in charge	В ходе войны командовал войсками Южного фронта.|During the war he was in charge of troops on the Southern Front.
пожалеть	feel sorry	Вы очень пожалеете, что не приняли мое предложение.|You will be very sorry that you didn’t accept my proposal.
размещение	placement, deployment	Министр обороны Азербайджана тоже высказался за размещение военных баз на территории республики.|The Azerbaijani Defence Minister has also called for troops to be deployed in the republic.
театральный	theatrical	Вы занимаетесь в театральной студии?|Do you study at the theatrical studio?
ранить	wound	Нашего командира смертельно ранили.|Our commander was fatally wounded.
видео	video	Иногда мы смотрели вместе видео или читали.|We sometimes watched a video together or read.
страхование	insurance	Эта компания — один из лидеров медицинского страхования в России.|This company is a leader in medical insurance in Russia.
развлечение	entertainment	Ее единственное развлечение — телевизор.|Her sole form of entertainment is television.
юность	youth	Он начал писать стихи в ранней юности.|He started to write poetry in his early youth.
пот	sweat	Он вытер пот со лба.|He wiped sweat from his brow.
надолго	for a long time	Мы надолго запомним эту поездку.|We’ll remember this trip for a long time.
посуда	dishes	Ты помыла посуду?|Have you washed the dishes?
принципиальный	of principle,  fundamental	Между этими двумя методами существует принципиальное различие.|There’s a fundamental difference between these two methods.
фашист	fascist	С фронтов поступали все более тревожные вести: фашисты рвались к Москве.|More and more worrying news was coming from the front line: the fascists had made their way to Moscow.
ванная	bathroom	Она вышла из ванной уже накрашенная и одетая.|She came out of the bathroom already dressed and wearing make-up.
стрелка	arrow, hand (of clock)	Он посмотрел на светящиеся стрелки часов.|He looked at the fluorescent hands of the clock.
проспект	avenue	Машина выехала на широкий проспект.|The car drove out onto the wide avenue.
турнир	tournament	Она выиграла крупный теннисный турнир.|She won a major tennis tournament.
иск	lawsuit	Он подал в суд иск о клевете.|He filed a lawsuit for slander.
звёздный	star	В этих снах я всегда вижу звездное небо.|In these dreams I always see a starlit sky.
кровавый	bloody	Началась кровавая резня.|A bloody slaughter began.
отрицать	deny	Я не отрицаю важности этих вопросов.|I don’t deny the importance of these issues.
фаза	phase	Хоккейный чемпионат вступил в решающую фазу.|The hockey championship entered its decisive phase.
сорт	grade, type, quality	У нас все товары высшего сорта.|All our goods are of a high quality.
восприниматься	be perceived	Наркотики воспринимаются обществом как серьезная проблема.|Drugs are perceived by society as a serious problem.
грузовик	lorry	На заправку подъехал грузовик.|A lorry pulled up at the petrol station.
динамика	dynamics	Это является главным фактором в динамике продаж.|This is the main factor in the dynamics of sales.
предлагаться	be offered	Здесь по умеренным ценам предлагается колоссальный ассортимент товаров.|A huge range of reasonably priced goods is on offer here.
темно	dark	Почему в комнате так темно?|Why is it so dark in the room?
мыслить	think	Ты не можешь мыслить логически.|You can’t think logically.
папка	folder, file	На столе лежала папка с документами.|There was a file with documents in it on the table.
полдень	noon	Время приближается полудню.|It is almost noon.
духи	perfume	Раньше она никогда не покупала духи.|She never used to buy perfume.
горький	bitter	Это масло нельзя есть, оно горькое и невкусное.|You shouldn’t eat this butter; it’s bitter and not very nice.
болото	swamp	Он едва не утонул в болоте.|He almost drowned in the swamp.
авария	accident	Недавно здесь произошла авария, в которой погиб человек.|Recently there was an accident here in which a person died.
инстинкт	instinct	Он был совершенно лишен инстинкта самосохранения.|He was completely devoid of the instinct of self-preservation.
контрольный	control, check	Последний контрольный пункт находится не очень далеко.|The last check point is situated nearby.
возглавлять	lead	Он возглавляет экзаменационную комиссию в университете.|He heads  an examinations committee at the university.
маг	magician	Когда-нибудь ты станешь великим магом.|Someday you’ll become a great magician.
строчка	line	Я помню только одну строчку из этого стихотворения.|I can remember only one line of this poem.
классный	class, cool	Ты классная девчонка!|You’re a cool girl!
желудок	stomach	Он жалуется на дискомфорт в желудке.|He’s complaining about feeling discomfort in his stomach.
побережье	coast	Каждое лето мы отправлялись к черноморскому побережью.|We went to the Black Sea coast every summer.
японец	Japanese	Этот японец не говорит по-французски.|This Japanese person doesn’t speak French.
раса	race	Славянские народы относятся к европеоидной расе.|The Slavs are part of the Caucasian race.
чеченский	Chechen	В Чеченской республике был проведен референдум.|A referendum was held in the Chechen Republic.
нуль	null, zero	Завтра будет 25 градусов ниже нуля по Цельсию.|It’s going to be 25 degrees below zero tomorrow.
крышка	cover, lid	Повар открыл крышку кастрюли.|The chef took the lid off the pan.
стеклянный	glass	Они вышли через стеклянную дверь на открытую площадку.|They went out of the glass door onto the open landing.
тезис	thesis, point	В наших дискуссиях нередко выдвигается тезис о необходимости сильного правительства.|The point that a strong government is needed is often raised in our discussions.
недвижимость	real estate, property	Вы решили приобрести недвижимость за границей?|Have you decided to buy property abroad?
ведро	bucket	Я налила воды в пластмассовое ведро.|I poured some water into a plastic bucket.
интеллект	intelligence	Что такое искусственный интеллект?|What is artificial intelligence?
плащ	raincoat	Из стеклянных дверей отеля вышел человек в бежевом плаще.|A man in a beige raincoat came out of the hotel’s glass doors.
принадлежность	accessory	Он сходил за принадлежностями для этой игры.|He went to get accessories for the game.
возрастать	increase	Конкуренция на рынке производителей рекламы продолжает возрастать.|Competition on the advertising market continues to increase.
христианство	Christianity	Армяне приняли христианство в начале четвертого века.|Armenians adopted Christianity at the start of the fourth century.
молния	lightning	В небе сверкнула молния и загремели громовые раскаты.|The sky was lit up by lightning, and thunder roared.
важность	importance	Он выполняет задание особой важности.|He’s carrying out a task of particular importance.
заболеть	fall ill	В феврале он очень сильно заболел ангиной.|In February he became seriously ill with tonsillitis.
компенсация	compensation	Она потребовала компенсацию за моральный ущерб в размере 1 миллиона долларов.|She demanded 1 million dollars in compensation for moral damages.
наблюдатель	observer	Наблюдатели отмечают ухудшение экономического положения в стране.|Observers note a decline in the country’s economy.
облегчение	relief	Утолив жажду, я почувствовал облегчение и скоро заснул.|Having quenched my thirst, I felt relieved and soon fell asleep.
таблетка	tablet	Таблетки от кашля ей не помогают.|The cough tablets aren’t helping her.
смелый	brave	Наш папа очень смелый, у него даже есть орден µЗа отвагу¶.|Our dad is very brave; he was even awarded a medal for bravery.
педагогический	pedagogical	В педагогическом институте учится много иностранцев.|Many foreigners study at the pedagogical institute.
беспокойство	concern	Эти факты вызывают серьезное беспокойство.|These facts are cause for great concern.
изготовление	production	Здесь установлено оборудование для изготовления одноразовой посуды.|Equipment for producing disposable crockery is installed here.
взлетать	take off, fly out	Вдруг из кустов взлетела огромная птица.|All of a sudden a huge bird flew out of the bushes.
поставщик	supplier	Эта компания является крупнейшим поставщиком газа.|This company is  a major gas supplier.
меню	menu	У нас в меню есть не только овощные салаты.|We don’t have only vegetable salads on our menu.
моряк	sailor	Я хочу стать моряком.|I want to be  a sailor.
дорожный	road, traffic	На место дорожного происшествия уже прибыла µСкорая помощь¶.|An ambulance had already arrived at the scene of the road accident.
что-либо	anything, something	Уже слишком поздно что-либо менять.|It’s already too late to change anything.
платёж	payment	Размер ежемесячного платежа по кредиту составляет 21 000 рублей.|The monthly credit payment is 21,000 rubles.
планироваться	be planned	Этим летом планируется запуск еще одного спутника.|The launch of another satellite is planned for the summer.
акцент	accent, emphasis	В своих выступлениях кандидаты делают акцент на достоинствах собственных программ.|In their addresses deputies place emphasis on the merits of their policies.
мощь	power	Демонстрация военной мощи была устрашающей.|The demonstration of military power was frightening.
супруга	spouse (female), wife	Супруга президента страны учредила благотворительный фонд.|The president’s wife set up a charity.
величайший	greatest	Тутмос ,,, был величайшим из всех египетских фараонов.|Thutmose III was the greatest of all Egyptian pharaohs.
замолчать	fall silent	Когда она вошла, все сразу замолчали.|Everyone immediately fell silent when she walked in.
одинаково	equally	Мама нас одинаково одевала и обувала.|Mum dressed us in the same clothes and shoes.
медаль	medal	Он имеет все шансы на олимпийскую медаль.|He’s got every chance of  an Olympic medal.
брюки	trousers	Надо отдать эти брюки в химчистку.|I need to take these trousers to the dry cleaners.
видимость	visibility, illusion	Из-за тумана видимость резко ухудшилась.|Visibility became much worse due to the fog.
поэтический	poetic	Они не верят в мой поэтический талант.|They don’t believe in my  poetic talent.
правительственный	government(al)	За эту операцию майор Петров получил правительственную награду.|Major Petrov was given a government award for this operation.
торжественный	ceremonial	После завершения торжественной церемонии Президент ответил на вопросы представителей СМИ.|After the closing ceremony the president answered questions from the media.
ружьё	gun	Охотничье ружье висело у него на плече.|He had a hunting gun on his shoulder.
дьявол	devil	В него как будто вселился дьявол.|It’s as if he’s been possessed by the devil.
блеск	shine	Это придает светлым волосам блеск и золотистый оттенок.|It gives light hair a shine and a golden tint.
ломать	break	Она никогда не ломала игрушки и не дралась с другими детьми.|She never broke any of her toys and didn’t fight with other children.
приблизительно	approximately,  roughly	Город был разделен рекой на две приблизительно равные части.|The town was split into two roughly equal parts by a river.
халат	bathrobe	Она была в белом халате.|She was wearing a white bathrobe.
примечание	note	Примечания к этой статье написаны Иваном Петровым.|The notes on this article were written by Ivan Petrov.
недовольный	displeased, malcontent	На ее лице появилось недовольное выражение.|An expression of discontent appeared on her face.
арабский	Arabic	Вы владеете арабским языком?|Do you know Arabic?
оптимальный	optimal	Оптимальная температура окружающей среды для морских свинок 18—22.|The optimal temperature for guinea pigs is 18–22°.
казнь	execution	Мы против смертной казни.|We are against execution.
пальто	coat	Мне стало жарко и я расстегнула пальто.|I started to feel hot and so I unfastened my coat.
капитализм	capitalism	В чем особенность российского капитализма?|What’s special about Russian capitalism?
безопасный	safe	Я отведу вас в безопасное место.|I’ll take you to a safe place.
драгоценный	precious	Его темно-красный галстук украшала булавка с драгоценным камнем.|His dark-red tie was adorned with a pin containing a precious stone.
развод	divorce	Мой муж настаивает на немедленном разводе.|My husband is insisting on an immediate divorce.
снизу	from below, from the bottom	Читай шестую строчку снизу.|Read the sixth line from the bottom.
колебание	fluctuation	Для этого региона характерны значительные колебания температуры воздуха.|Significant changes in air temperature are typical for this region.
делить	divide, share	Мы с ним всегда делили радости и печали.|He and I always shared joy and sadness.
крыса	rat	Здесь водятся крысы.|There are rats here.
могучий	powerful, strong	Это был человек могучего телосложения.|This was a man, who had a powerful physique.
обсуждаться	be discussed	Этот вопрос уже обсуждался на конференции три года назад.|This question was already discussed at a conference three years ago.
разбудить	wake	Поздно ночью его разбудил шум.|He was woken up late at night by a noise.
жара	heat	К вечеру жара спадает.|The heat drops towards the evening.
предупреждение	warning, prevention	Ученые ведут работу по предупреждению распространения опасного вируса.|Scientists are looking into ways of preventing the spread of the dangerous virus.
весенний	spring	Светит яркое весеннее солнце.|The spring sun is shining brightly.
ледяной	ice	Две девочки катаются с ледяной горки.|The two girls are sliding down the ice slide.
фантастический	fantastic	Я уже читала этот фантастический рассказ.|I’ve already read this fantastic story.
велосипед	bicycle	Я сегодня каталась на велосипеде.|I went for a ride on my bicycle today.
ООН	UN, United Nations	Вы сотрудник ООН?|Are you a UN employee?
рецепт	recipe, prescription	Это лекарство отпускается только по рецепту.|This drug is prescription only.
мелодия	melody, song	Звучит мелодия, популярная в семидесятые годы.|A song that was popular in the seventies is playing.
картошка	potato	Мое любимое блюдо — жареная картошка.|My favourite dish is fried potatoes.
седой	grey	Наша учительница в музыкальной школе — полная седая женщина.|Our teacher at the music school is a plump woman with grey hair.
студенческий	student	Алексей рассказал о своей студенческой жизни.|Aleksey told us about his student years.
вкусный	tasty	Он поблагодарил за вкусный обед.|He said thank you for the tasty lunch.
смесь	mixture	Филе семги подержите в смеси оливкового масла, соли, перца и сока лимона.|Keep the salmon fillet in  a mixture of olive oil, salt, pepper and lemon juice.
полно	full	Мое детство было полно невзгод.|My childhood was full of misfortune.
шестьдесят	sixty	Здесь можно ехать со скоростью шестьдесят километров в час.|You can travel at 60 km/hour here.
муха	fly	В доме тихо, только мухи жужжат.|It’s quiet in the house; only flies are buzzing.
внешность	appearance	Он и в старости сохранил привлекательную внешность.|He managed to keep his attractive appearance even when he got old.
мастерство	skill	Эта работа требует немалого мастерства.|This work requires a fair amount of skill.
пешком	on foot	Если мы пойдем туда пешком, это у нас займет лишь десять минут.|It will only take 10 minutes if we go there on foot.
идеологический	ideological	Был разгар холодной войны, идеологической конфронтации.|It was the height of the Cold War, of ideological confrontation.
персональный	personal	Эта камера подключается к персональному компьютеру.|This camera connects to a personal computer.
столкновение	collision	Лобовое столкновение автомобилей почти всегда заканчивается трагично.|A head-on collision usually ends in tragedy.
раздражать	irritate, annoy	Меня страшно раздражает шум.|Noise really annoys me.
радиостанция	radio station	В эфире радиостанция µЭхо Москвы¶.|The radio station ‘Ekho Moskvy’ is on air.
формировать	form	Эти знаменитые писатели формировали мировое общественное мнение.|These eminent authors have formed the world’s public opinion.
мучить	torment	Сейчас же прекрати мучить животное!|Stop tormenting that animal right this minute!
испанский	Spanish	Это картина молодого испанского художника.|It’s a picture by a young Spanish artist.
сниться	dream	Мне снился странный сон.|I had a strange dream.
дополнение	accessory	Прекрасным дополнением к бусам будет браслет.|An excellent accessory to this bead necklace would be a bracelet.
бюро	office	Ваш номер телефона мне дали в справочном бюро.|I was given your telephone number at the information office.
прошедший	past	Прошедший год был для нее очень тяжелым.|The past year has been very difficult for her.
решительный	resolute	Человеком он был решительным и смелым.|He was a resolute and courageous man.
наружу	out	Дверь открывается наружу.|The door opens outwards.
вмешательство	intervention, interfering	Закон запрещает вмешательство в деятельность СМИ.|The law prohibits interfering in the work of the media.
здравоохранение	public health service	Правительство может урезать финансирование системы здравоохранения.|The government may slash public health service funding.
обрадоваться	rejoice, be happy	Все очень обрадовались нашему возвращению.|Everyone was really happy about our return.
приоритет	priority	Приоритет был отдан интересам ребенка.|Priority was given to the interests of the baby.
дневной	day	Здесь не бывает дневного света.|There isn’t any daylight here.
лунный	lunar, moonlit	В прекрасную лунную ночь мы гуляли вдоль реки.|On a beautiful moonlit evening we walked along the river.
обувь	footware, shoes	Какого размера обувь он носит?|What is his shoe size?
стоянка	car park, stand	Мы оставили машину на платной стоянке.|We left the car at a paid car park.
демонстрация	demonstration, showing	Продажа билетов начинается за неделю до демонстрации фильма.|Tickets go on sale a week before the film is shown.
где-нибудь	somewhere, anywhere	Давайте где-нибудь пообедаем.|Let’s have lunch somewhere.
временный	temporary	Мы берем на временную работу подростков с 16 лет.|We’re looking for young people aged 16 and above for temporary labour.
гармония	harmony	Мы должны научиться жить в гармонии с природой.|We must learn how to live in harmony with nature.
слепой	blind	Олег — учащийся музыкальной школы для слепых.|Oleg is a student at the music school for the blind.
повседневный	everyday	Музей рассказывает о повседневной жизни и быте местных рыбаков.|The museum shows the everyday life and work of local fishermen.
ориентация	orientation	Аграрная партия сменила лидера, но не политическую ориентацию.|The Agrarian Party changed its leader but not its political orientation.
подвергаться	undergo, be subjected	Они подвергались жестоким пыткам и сексуальным надругательствам.|They were subjected to cruel torture and sexual abuse.
гонка	race	Василий Козлов занял второе место в лыжной гонке на 10 км.|Vasily Kozlov came second in the 10 km ski race.
ток	electric current	Он погиб от удара током.|He died of an electric shock.
элементарный	elementary	В ваших высказываниях отсутствует элементарная логика.|Your statements are devoid of elementary logic.
анализировать	analyse	Автор статьи анализирует экономические показатели последних лет.|The author of the article is analysing economic indicators of recent years.
бензин	petrol	По дороге у меня кончился бензин.|I ran out of petrol on the way.
зерно	grain	В будущем году нам нужно собрать 7 миллионов тонн зерна.|Next year we must collect 7 million tonnes of grain.
группировка	group	Он старался не вступать ни в какие политические группировки.|He tried not to become part of any political group.
усиление	strengthening, intensification,  increase	Это приводит к усилению конкуренции.|This leads to an increase in competition.
заново	again	Мне хочется заново перечитать эту книгу.|I’d like to read this book again.
давить	press	Какой ногой давить на педаль тормоза на автомате?|Which foot should you use to press the brake in an automatic car?
претендовать	make a claim for, aspire	Вы можете претендовать на перерасчет пенсии с учетом страховых взносов.|You can make a claim for your pension to be recalculated to take into account insurance premiums.
языковой	language	У нас практически нет языкового барьера.|There is virtually no language barrier between us.
праздничный	festive	У меня сегодня праздничное настроение.|I’m in a festive mood today.
кредитный	credit	Я забыл взять с собой кредитную карточку.|I forgot to take my credit card with me.
интерфейс	interface	Пользовательский интерфейс программы достаточно прост.|The user interface of the program is simple enough.
модуль	module	Учебный курс состоит из отдельных модулей, интегрированных между собой.|The academic course consists of individual, inter-linking modules.
незначительный	minor, slight	Обе машины получили незначительные повреждения.|Both cars were slightly damaged.
квалификация	qualification	Он был специалистом высокой квалификации.|He was a highly qualified specialist.
сыр	cheese	На тарелке лежит кусочек сыра.|There’s a piece of cheese on the plate.
восьмой	eighth	Это был восьмой день нашей семейной жизни.|This was the eighth day of our family life.
незаконный	illegal	Ему было предъявлено обвинение в незаконном приобретении и хранении оружия.|He was accused of illegally purchasing and holding a weapon.
президентский	presidential	Здесь расположен президентский дворец.|The presidential palace is located here.
обман	deception	Рано или поздно обман откроется.|Sooner or later the deception will come  to light.
снежный	snow	Земля и лес укутаны снежным одеялом.|The ground and forest are covered in a blanket of snow.
национальность	nationality,   ethnicity	В новых паспортах национальность не указывается.|New passports don’t show ethnicity.
зрелище	spectacle	Это необыкновенно красочное зрелище вызывает настоящий восторг.|This exceptionally beautiful spectacle brings real joy.
гриб	mushroom	В лесу мы собираем грибы и ягоды.|We pick mushrooms and berries in the woods.
исключительный	exceptional,   exclusive	µГознак¶ имеет исключительное право на производство банкнот и паспортов на территории России.|Goznak (the State Insignia of the Russian Federation) has the exclusive right of producing banknotes and passports in Russia.
скучный	boring	Это очень скучная работа, но совсем не трудная.|This is very boring work, but it’s not at all difficult.
провод	wire, line	Голос на другом конце провода был взволнованным.|The voice on the other end of the line sounded worried.
фрукт	fruit	Катя покупает фрукты.|Katya is buying fruit.
немалый	considerable	В полноте вашего ребенка немалую роль играет наследственность.|Genetics play a considerable role in your child’s obesity.
неверный	wrong	Вы ввели неверный пароль.|You entered the wrong password.
служащий	employee	Статус государственного служащего дает ему социальные гарантии.|A civil servant’s status gives him social security.
штраф	fine	За нарушение этого правила налагается крупный штраф.|There is a hefty fine for breaking this law.
баня	sauna	Он каждую субботу парится в бане.|He goes to the sauna every Saturday.
ненужный	unnecessary	Мне это кажется ненужной тратой денег.|This seems like an unnecessary expenditure to me.
передовой	innovative, advanced	Армения самая передовая страна СНГ в области лечения бесплодия.|Armenia is the most advanced country in the CIS in the area of infertility treatment.
плоский	flat	Валиком особенно хорошо красить плоские поверхности.|It’s a particularly good idea to paint flat surfaces with a roller.
церемония	ceremony	Церемония вручения премии состоялась 29 октября.|The award ceremony took place on the 29th of October.
тупой	blunt, stupid	Как у такого умного человека может быть такой тупой сын?|How can such an intelligent person have such a stupid son?
возбуждение	excitement	Толпа пришла в сильное возбуждение.|The crowd become very excited.
советник	advisor	Об этом заявил советник президента РФ по экономическим вопросам Андрей Илларионов.|Andrey Illarionov, an economic advisor of the Russian president, gave a report on this.
ступенька	step	Я стояла на верхней ступеньке лестницы.|I was standing on the top step of the staircase.
оригинал	original	К заявлению прилагается оригинал свидетельства о рождении.|The original of the birth certificate is attached to the application.
живопись	painting, art	Он любит современную живопись.|He likes contemporary art.
бокал	wine/champagne glass	Я наполнил бокал вином.|I filled the glass with wine.
нить	thread	Такие иглы незаменимы при вышивании толстыми шерстяными нитями.|These needles are indispensable for embroidering with thick woollen thread.
предстоящий	forthcoming	Я верю в успех предстоящей операции.|I believe that the forthcoming operation will be a success.
балл	mark	Он набрал пять баллов из десяти возможных.|He scored five points out of a possible ten.
юбка	skirt	Может, стоит завтра надеть короткую черную юбку?|Do you think I could put on my short black skirt tomorrow?
соперник	rival	Кто ваш главный соперник на этих выборах?|Who is your main rival in the elections?
конституционный	constitutional	Его обвинили в покушении на конституционный строй.|He was convicted of trying to bring down the constitutional order.
худший	worst	Этот спектакль — одна из худших постановок нашего театра.|This show is one of our theatre’s worst productions.
инспектор	inspector	Санитарный инспектор запретил использование этих материалов.|The health inspector banned the use of these materials.
сиденье	seat	Он сел на пассажирское сиденье рядом с водителем.|He got into the passenger’s seat next to the driver.
вспышка	flash	Через мгновение яркая вспышка озарила местность.|A bright flash lit up the area in an instant.
стабильность	stability	Наша задача — поддерживать политическую стабильность в стране.|Our task is to uphold political stability in the country.
драться	fight	Иногда дети дерутся друг с другом.|Children sometimes fight with each other.
евро	Euro	В апреле цены увеличатся на 0,03—0,08 евро за килограмм.|In April there will be a price increase of 0.03 to 0.08 Euros per kilogram.
альтернативный	alternative	Альтернативный вариант — купить компьютер одной из российских марок.|An alternative is to buy a Russian-made computer.
отвернуться	turn one’s back on	В раздражении она отвернулась от зеркала.|In her temper she turned away from the mirror.
интерпретация	interpretation	Он излагает собственную интерпретацию этих фактов.|He’s giving his own interpretation of the facts.
рациональный	rational	Нам нужно выбрать наиболее рациональное решение.|We need to choose the most rational solution.
латинский	Latin	Он не знает латинского алфавита.|He doesn’t know the Latin alphabet.
скорее	quicker, rather	Это скорее правило, чем исключение.|This is rather the rule than the exception.
функциональный	functional	Этот телефон — стильный и функциональный.|This telephone is stylish and functional.
свинья	pig	В луже лежит свинья с поросятами.|There’s a pig and its piglets in the puddle.
железо	iron	Из произведенного железа делают станки.|Engineering tools are made from processed iron.
желающий	anyone wishing	Все желающие могут принять участие в конкурсе.|The competition is open to anyone wishing to take part.
поменять	change	Мне нужно поменять авиабилет.|I need to change my air ticket.
ванна	bath	Она принимает ванну.|She’s having  a bath.
полгода	half a year	Я слышал, что ты полгода жила во Франции.|I heard that you lived for half a year in France.
вдвоём	together, two	Мы с мужем вышли из дома вдвоем.|My husband and I left the house together.
старость	old age	Он дожил до глубокой старости.|He lived to a ripe old age.
постройка	building	Зимой начнется постройка новой фабрики.|The building of the new factory will start in the winter.
разнообразие	diversity	На прилавках наших магазинов всегда присутствовало разнообразие молочных продуктов.|The shelves of our shop were always stocked with a diverse range of dairy products.
внутрь	inside	Он увидел около машины лужу крови и заглянул внутрь.|He saw a pool of blood near the car and looked inside.
кожаный	leather	Он был одет в черную кожаную куртку.|He was wearing a black leather jacket.
климат	climate	Она с трудом переносила суровый северный климат.|She found the harsh northern climate hard to deal with.
змея	snake	Тут водятся змеи?|Are there any snakes here?
отверстие	hole	Для этого не обязательно сверлить отверстие в стене.|You do not need to drill a hole in the wall for this.
администратор	manager,   administrator	Я тогда работал системным администратором в одной рекламной фирме.|At the time I was working as  a system administrator at an advertising agency.
целевой	target	Студенты являются нашей целевой аудиторией.|Students are our target audience.
экспертиза	examination	Медицинская экспертиза установила, что его задушили.|The medical examination showed that he’d been strangled.
биография	biography	Они не любят рассказывать факты из своей биографии.|They don’t like talking about facts from their biography.
гордый	proud	Он — гордый человек.|He’s a proud man.
строение	structure, building	Это было небольшое изящное строение восемнадцатого века.|It was a small, elegant building from the eighteenth century.
плёнка	film	У меня пленка закончилась в фотоаппарате, пойдем в проявку.|The film in my camera has run out; let’s go to get it developed.
ноутбук	laptop	Я только что купил новый ноутбук.|I’ve just bought a new laptop.
покончить	stop, put a stop to	Органы национальной безопасности стремятся покончить с преступной деятельностью наркоструктур.|State security authorities are trying to put a stop to the criminal activities of drug trafficking groups.
молодёжный	youth	В молодежной среде существует множество проблем.|There are many problems in the youth community.
травма	injury	Врачи констатировали у него черепно- мозговую травму.|Doctors identified that he had a brain injury.
выписывать	prescribe, discharge, order,  copy out, subscribe	Я много лет выписываю газету µКомсомольская правда¶.|I’ve subscribed to ‘Komsomol’ skaya Pravda’ for many years.
рюкзак	rucksack	Мы собрали рюкзаки.|We collected our rucksacks.
прислушиваться	listen	Все внимательно прислушивались к словам пожилого человека.|Everyone listened attentively to the words of the elderly person.
стремительно	rapidly	Его слава стремительно росла.|His fame grew rapidly.
тётка	aunt, woman (slang)	У входа толстая тетка ела мороженое.|A plump woman was eating ice-cream by the entrance.
потомок	descendant	Он оставил потомкам замечательное творческое наследие.|He left his descendants a remarkable artistic legacy.
любовный	love	После обеда съемочной группе предстояло снять любовную сцену.|After lunch the crew had to film a love scene.
печатный	print	В результате впервые печатные издания стали действительно массовыми и доступными практически каждому.|As a result printed publications for the first time became widespread and available to almost everyone.
кружка	mug	Он держал в руках большую кружку с кофе.|He was holding a large mug of coffee in his hands.
приступ	attack	Он скончался от сердечного приступа.|He died of a heart attack.
непрерывный	continuous	По улице медленно двигался непрерывный поток автомобилей.|A continuous stream of cars was slowly moving along the road.
бедро	hip	У него на бедре татуировка.|He has  a tattoo on his hip.
гениальный	genial	Она, на мой взгляд, гениальная актриса.|In my opinion, she is a genial actress.
экспорт	export	Более 70% белорусского экспорта приходится на Россию.|More than 70% of Belorussia’s export goes to Russia.
патрон	cartridge	Такой патрон обеспечивает точную траекторию полета пули.|These cartridges ensure the exact trajectory of a bullet.
операционный	operating	Она умерла на операционном столе.|She died on the operating table.
интеллигенция	intelligentsia	Здесь соберется цвет русской интеллигенции.|The cream of the Russian intelligentsia will meet here.
сдача	change, leasing	Эта квартира приобретается для дальнейшей сдачи в аренду.|This flat is being purchased for future leasing.
опора	support	Я его единственная опора.|I’m his only support.
освещение	illumination	Они подбирают освещение, необходимое для киносъемки.|They select the lighting necessary for filming.
вертолёт	helicopter	Полет был недолгим, и вскоре вертолет приземлился.|The flight was short and the helicopter soon landed.
дура	fool (female)	Даже самой смешно, какая я дура была.|I myself find it funny that I was such a fool.
печатать	print, type, publish	Наши объявления печатают в газетах.|Our announcements are printed in the papers.
пейзаж	landscape	За окном однообразный пейзаж — песок, песок, песок.|The landscape outside is monotonous: sand, sand and more sand.
боевик	action film, terrorist	Боевики захватили заложников — врачей и дипломатов.|The terrorists took hostages: doctors and diplomats.
печаль	sadness	Ее лицо выражало печаль.|Sadness was written across her face.
некогда	no time	Мне некогда ходить по магазинам.|I haven’t got time to go shopping.
пиджак	jacket, coat	Он носит пиджаки спортивного покроя.|He wears sports jackets.
панель	panel	На лицевой панели модема находятся четыре световых индикатора.|Four light indicators are on the front panel of the modem.
хрен	horseradish, dick (slang)	Все было у него уже припасено: хрен, укроп, чеснок и лавровый лист.|He’d already got everything prepared: horseradish, dill, garlic and a bay leaf.
космонавт	astronaut	Я в твои годы хотел стать космонавтом.|When I was your age I wanted to be an astronaut.
фашистский	fascist	Он играл активную роль в установлении фашистской диктатуры в Германии.|He played an active role in establishing a fascist dictatorship in Germany.
жажда	thirst	Здесь мы могли бы немного передохнуть и утолить жажду.|We could take a breather and quench our thirst here.
речка	small river	Через весь город протекает речка.|A small river runs through the whole town.
снаружи	outside	Снаружи послышался шум.|A noise was heard outside.
совокупность	aggregate, total	Число бедных в этих странах в совокупности увеличилось более чем на 150 млн.|The number of poor people in these countries has collectively increased by 150 million.
диагноз	diagnosis	Врачи поставили Юле страшный диагноз.|The doctors gave Yulya a terrible diagnosis.
драка	fight	Я не видела, когда началась драка.|I didn’t see the fight break out.
земельный	land	На полученные деньги он купил большой земельный участок.|He used the money he got to buy a big plot of land.
иллюстрация	illustration	Книгу сопровождают иллюстрации японского художника Макото Вада.|The book is accompanied by illustrations by the Japanese artist Makoto Wada.
каша	porridge	На завтрак мы едим овсяную кашу.|We eat oatmeal porridge for breakfast.
мысленно	mentally	Дмитрий Борисович мысленно выругался.|Dmitry Borisovich mentally cursed.
вытекать	follow, leak	Из термоса вытекла почти вся вода.|Almost all of the water had leaked out of the flask.
порыв	fit	Виктор с трудом сдержал в себе порыв гнева.|Victor struggled to restrain the fit of anger.
обновление	update, review	Борьба с терроризмом требует кардинального обновления всей нашей политики в этом регионе.|The war on terror requires a major review of all our policies in the region.
кошмар	nightmare	Мне такой кошмар приснился!|I had such a nightmare!
композиция	composition	В конкурсе флористики дети будут делать композиции из цветов.|In the floristry competition children will be creating compositions from flowers.
лук	onion, bow	Нарежьте ветчину и лук.|Dice ham and onions.
частый	frequent	Частый прием аспирина вреден желудку.|Frequent use of aspirin is harmful for the stomach.
диапазон	range	Эта веб-камера работает в инфракрасном диапазоне.|This web camera works in infrared range.
слон	elephant	Слоны спят стоя.|Elephants sleep standing up.
гуманитарный	humanitarian	Вокруг машин с гуманитарной помощью собралась толпа местных жителей.|A crowd of local residents gathered around the humanitarian aid vehicles.
проезд	entry, passage, travel	Наши сотрудники имеют право на бесплатный проезд по железной дороге.|Our employees are entitled to free rail travel.
торговец	trader, trafficker	О нем говорят, что он торговец наркотиками.|He’s apparently a drug trafficker.
хитрый	sly	Вы имеете дело с очень хитрыми людьми!|You’re dealing with very sly individuals!
ежегодный	annual	Руководители стран µБольшой восьмерки¶ встречаются на ежегодной конференции.|Leaders of the Big Eight countries meet at an annual conference.
натуральный	natural	Мужские трусы из натурального шелка — редкость.|Men’s pants made from natural silk are a rarity.
сотовый	mobile	У него не было сотового телефона.|He didn’t have a mobile telephone.
кукла	doll	Это моя самая любимая кукла.|This is my favourite doll.
чемпион	champion	Он двукратный олимпийский чемпион.|He’s a two-time Olympic champion.
выделение	release, allotment	Для этого потребуется выделение дополнительных бюджетных средств.|Supplementary budget funds will need to be allotted for this.
прыжок	jump	Он сделал прыжок в сторону и принял боевую стойку.|He jumped to the side and took up battle position.
фунт	pound	Курс фунта стерлингов к доллару будет оставаться примерно на нынешнем уровне.|The rate of the pound against the dollar will remain at roughly its current level.
уголь	coal	Когда-то здесь добывали уголь.|Coal was once mined here.
листок	sheet, leaf	Марина сорвала кленовый листок.|Marina picked a maple leaf.
ярость	rage	Он пришел в неописуемую ярость.|He went into an indescribable rage.
сверкать	glisten	Как сверкает снег на солнце!|Just look at the snow glisten in the sun!
мяч	ball	Бросай мне мяч.|Throw me the ball.
ноготь	nail	Зачем маленькой девочке красить ногти и носить каблуки?|Why should  a young girl paint her nails and wear high heels?
носок	sock	Он забыл надеть носки.|He forgot to put on his socks.
награждать	award	Он посмертно награжден Орденом Мужества.|He was posthumously awarded the Order of Courage.
ниже	below, lower	Ночью температура опустится ниже нуля.|The temperature will drop below freezing during the night.
жаркий	hot	Будет очень приятно в жаркий день попить квасу.|On a hot day drinking kvass is just the thing.
диета	diet	Ты придерживаешься диеты?|Are you on a diet?
периодически	periodically, from time	У нас периодически возникают конфликты.|Conflicts break out here from time to time.
заработный	wage	Они получают солидную заработную плату.|They get a good wage.
современник	contemporary	Современники отмечали его опытность и превосходные душевные качества.|His contemporaries recognized his expertise and admirable moral values.
повреждение	damage	Экипаж корабля исправил повреждения своими силами.|Members of the ship’s crew repaired the damage themselves.
увольнять	sack	Его уволили за прогулы.|He was sacked for absenteeism.
вена	vein	Вам придется сдать кровь из вены на анализ.|You will need to have blood taken from your vein for the analysis.
топор	axe	До вечерних сумерек звенят пилы, стучат топоры и бьют молотки.|Saws, axes and hammers can be heard until nightfall.
магический	magic	Наши далекие предки верили в магическую силу этих фигурок.|Our distant relatives believed in the magic power of these figures.
коммунизм	communism	Тогда я верил в коммунизм и хотел быть его активным строителем.|At the time I believed in communism and wanted to be actively involved in it.
подземный	underground	Пройдите триста метров вправо и перейдите дорогу по подземному переходу.|Go three hundred metres to the right and then cross the road using the underground passage.
конверт	envelope	Он подал мне большой почтовый конверт.|He handed me a large postal envelope.
ник	nickname, username	Я поменяла ник.|I’ve changed my chat nickname.
ремень	belt	Не забудьте пристегнуть ремни.|Don’t forget to fasten your belt.
заяц	hare	Заяц выскочил из леса.|A hare jumped out of the woods.
стесняться	be shy, be embarrassed	Я стесняюсь танцевать.|I’m too shy to dance.
любовник	lover	У нее появился любовник.|She found a lover.
ругаться	swear, argue	Мои родители никогда не ругались друг с другом.|My parents never argued with one another.
наилучший	best	Это был бы наилучший вариант.|This was the best option.
карандаш	pencil	Дочь рисует разноцветными карандашами.|Our daughter draws in coloured pencils.
ус	moustache	Мой муж носит усы.|My husband has  a moustache.
разряд	category, discharge	Раздался треск электрического разряда.|There was a crackle of electric discharge.
зафиксировать	record	Наибольший уровень добычи нефти здесь был зафиксирован в 1995 году.|The highest level of oil production was recorded here in 1995.
изнутри	from within	Изнутри доносились приглушенные голоса.|Muffled voices sounded from within.
принцесса	princess	Один благородный рыцарь полюбил прекрасную принцессу.|A noble knight fell in love with the beautiful princess.
радовать	cheer up	Даже весна меня не радует.|Even spring can’t cheer me up.
солидный	reputable	Солидному бизнесмену такое не к лицу.|That’s not the done thing for a reputable businessman.
пар	steam	Вода была горячей, от нее шел пар.|The water was hot; steam was coming off it.
сосуд	vessel	Изменится ли уровень воды в сосуде, если лед растает?|Will the water level in the vessel change if the ice melts?
сырой	raw, damp	Сырая и холодная погода всем надоела.|Everyone is fed up of the damp and cold weather.
трагический	tragic	Это человек трагической судьбы.|This is a man of tragic fate.
индекс	index, post code	Не забудьте указать почтовый индекс на конверте.|Don’t forget to write the post code on the envelope.
самоуправление	self-government	Они недооценивают роль местного самоуправления.|They are underestimating the role of local self-government.
лужа	puddle	Люди осторожно обходили большую лужу.|People were carefully stepping around the puddle.
неподалёку	not far	Неподалеку от нас сидела девушка.|A girl was sitting not far from us.
чувствоваться	be felt, be sensed	Странно, что совсем не чувствуется холод.|It’s odd that the cold is not felt at all.
психика	mind	Таково свойство человеческой психики.|Such is the nature of the human mind.
орёл	eagle	Орлы парили в бездонном небе.|The eagles were hovering in the endless sky.
реплика	retort, line	Смех сопровождает каждую реплику любимого актера.|Every line of the beloved actor was accompanied by laughter.
светить	shine	Сегодня воздух теплый, как летом, ярко светит солнце.|The air is warm today; the sun is shining brightly just like in summer.
телеграмма	telegram	Он получил из Москвы срочную телеграмму.|He received an urgent telegram from Moscow.
сессия	session, examination period	История эта произошла перед зимней сессией в одном из московских вузов.|This incident took place before the winter exam period in a Moscow institute of higher education.
плотно	tightly	Я храню кофе в плотно закрытой банке в холодильнике.|I keep coffee in  a tightly sealed jar in the fridge.
умственный	mental	Он занят преимущественно умственным трудом.|He’s busy mainly with mental pursuits.
кинотеатр	cinema	На нашей улице открылся новый кинотеатр.|A new cinema has opened in our street.
комплект	set	В комплект поставки входит пульт дистанционного управления.|A remote control comes in the delivery set.
тесно	closely	Темы научных работ были тесно связаны с нуждами производства.|The topics of scientific research were closely tied to the needs of industry.
учительница	teacher	Анна Дмитриевна — моя учительница по математике.|Anna Dmitrievna is my maths teacher.
вечность	eternity	Казалось, это длится целую вечность.|It seemed to be lasting an eternity.
некуда	nowhere	Мне некуда возвращаться.|I’ve got nowhere to go back to.
светиться	shine	Я издалека увидел, как светятся витрины магазинов.|I could see the shop windows shine from afar.
тренинг	training	Мы провели тренинг для продавцов-консультантов.|We led training sessions for sales advisers.
интеграция	integration	Мы выбрали путь интеграции в мировое сообщество.|We chose the route of integration into a peaceful community.
себе	(to) oneself	Я сам себе обещал, что брошу курить.|I promised myself that I’d give up smoking.
коньяк	cognac, brandy	Я бы с удовольствием выпил рюмочку коньяку.|I’d love to have a glass of brandy.
наивный	naïve	Ты ведешь себя, как наивная девочка.|You’re behaving like a naïve young girl.
рваться	tear, strive	Они рвутся к власти.|They’re striving for power.
залив	gulf, bay	Река впадает в Рижский залив.|The river flows into the Gulf of Riga.
отчётливо	distinctly	Я отчетливо помню этот случай.|I can distinctly remember this incident.
дефицит	deficit	В стране был дефицит продуктов питания.|There was a deficit of food products in the country.
осенний	autumn	В эти осенние дни он не чувствовал себя одиноким.|In these autumn days he didn’t feel lonely.
пенсионер	pensioner	Мои родители — пенсионеры.|My parents are pensioners.
крестьянский	peasant	Он привычен к крестьянскому труду.|He’s used to peasant labour.
пожелание	wish	Мы идем навстречу пожеланиям клиентов.|We look to meet the wishes of our clients.
портал	portal	Об этом пишет информационный портал µПанорама¶.|The information portal ‘Panorama’ writes about this.
программирование	programming	Это хороший учебник по программированию.|This is a good programming manual.
сеанс	screening, show	Я купил два билета в кино на дневной сеанс.|I bought two tickets to the cinema for today’s screening.
касса	cash desk	В кассу стояла очередь.|There was  a queue at the cash desk.
столичный	metropolitan, capital	Скоро будут выборы столичного мэра.|Elections for the position of mayor of the capital will soon take place.
скамейка	bench	Он сел на садовую скамейку.|He sat down on the garden bench.
поесть	eat	Я люблю вкусно поесть.|I love to eat nice food.
спортсмен	athlete	Один из моих клиентов — профессиональный спортсмен.|One of my customers is a professional athlete.
телевизионный	television	Ток-шоу происходило в телевизионной студии.|The talk show was recorded at the television studio.
четверо	four (people)	У нас четверо внуков и один правнук.|We have four grandchildren and one great-grandchild.
годиться	be suitable	Я считаю, что твой метод не годится.|I think that your method is unsuitable.
старт	start	Старт данного проекта назначен на 2001 год.|The project is set to start  in 2001.
изобретение	invention	Это было гениальное изобретение.|It was an ingenious invention.
алгоритм	algorithm	При использовании стандартного алгоритма расчет занял 48 секунд.|A calculation using a standard algorithm took 48 seconds.
обучать	teach, train	В этой школе иностранцев обучают турецкому языку.|At this school foreigners are taught Turkish.
кататься	ride	Я катаюсь на велосипеде при любой погоде.|I ride my bike in any weather.
относительный	relative	Там мы жили в относительном спокойствии.|We lived there in relative peace.
слабо	weak(ly)	Он тоже слабо верил в подобные истории.|He also didn’t really believe in such stories.
заключённый	prisoner	Он посещал заключенных в тюрьме.|He used to visit the prisoners in jail.
кирпич	brick	Дом был построен из красного кирпича.|The house was built from red brick.
стук	knock	Я слышу стук в мою дверь.|I can hear a knock at my door.
работодатель	employer	Задача резюме — заинтересовать потенциального работодателя в вашей персоне.|The aim of a CV is to make  a potential employer interested in you.
аренда	rent	Где можно разместить объявление о сдаче кварты в аренду?|Where can  I place an ad that I’m putting my flat up for rent?
ознакомиться	be familiar, know	Я уже ознакомился с выводами коллег.|I’m already familiar with my colleagues’ conclusions.
невозможность	impossibility	В письме он сообщил о невозможности нашего дальнейшего сотрудничества.|He wrote in the letter that further collaboration between us was not possible.
тропа	path	Автомобиль застрял на горной тропе.|The car got stuck on a mountain path.
водный	water	У нас с ним общее хобби — водный туризм.|He and I have a common hobby: water tourism.
ЕС	EU	Эта система не соответствует требованиям ЕС.|This system does not meet EU requirements.
затылок	back of the head	Удар по затылку может лишить зрения.|A blow to the back of the head can cause blindness.
организационный	organizational	У нее настоящий организационный талант.|She has a genuine talent for organizing things.
механический	mechanical	Он до сих пор печатает на механической пишущей машинке.|He still writes on a mechanical typewriter.
раздражение	irritation	Его внешний вид вызывает у меня раздражение.|His appearance irritates me.
потянуться	stretch	Он выключил компьютер, потянулся и вышел из-за стола.|He turned off  the computer, stretched and got up from the table.
календарь	calendar	У меня висит настенный календарь с видами Парижа.|I have a calendar with pictures of Paris on my wall.
подружка	friend (female)	Познакомь меня с какой-нибудь симпатичной подружкой.|Introduce  me to one of your nice friends.
грубо	harsh, roughly	Почему ты с ним так грубо разговариваешь?|Why are you speaking with him in such a harsh manner?
оранжевый	orange	— Где Лариса? — спросил парень в оранжевой куртке.|‘Where’s Larisa?’  a boy in an orange jacket asked.
ширина	width	Подоконник был шириной сантиметров двадцать пять.|The window sill was about twenty five centimetres wide.
закат	sunset	Мы любуемся морским закатом.|We’re admiring the sunset at sea.
всюду	everywhere	Он по-прежнему всюду собирает на свои выступления полные залы.|He still gets a full house for his performances everywhere he goes.
торжество	celebration, ceremony,  triumph	В его голосе прозвучало торжество.|There was a sound of triumph in his voice.
написание	writing, spelling	Он никак не может запомнить правильное написание этого слова.|He just can’t remember the correct spelling of this word.
одиннадцать	eleven	Саше завтра исполняется одиннадцать лет.|Sasha will be eleven tomorrow.
модернизация	modernization	Сейчас полным ходом идет модернизация производства.|The modernization of production is in full swing.
инфраструктура	infrastructure	Эти деньги лучше направить на развитие социальной инфраструктуры.|It is better to use these funds to aid the development of social infrastructure.
переписка	correspondence	В архиве сохранилась переписка между писателем и актрисой.|Correspondence between the writer and the actress was kept in the archive.
митинг	meeting	В Москве состоялся митинг против цензуры в средствах массовой информации.|A meeting against censorship in the media took place in Moscow.
госпожа	Mrs	Госпожа Лисицына уехала.|Mrs Lisitsyna left.
самоубийство	suicide	Группа из шести человек совершила коллективное самоубийство.|A group of six people committed a collective suicide.
гнездо	nest	Эти птицы вьют гнезда в траве.|These birds make nests in the grass.
прибегать	run	Дважды прибегал он домой — то игрушки взять, то пописать.|He ran back home twice: once to fetch his toys, once to go to the toilet.
сознательный	conscious	Я сделал сознательный выбор: уйти из кино и сосредоточиться на романах.|I made a conscious decision: to leave the cinema and concentrate on writing novels.
поэма	poem	Поэт девять лет работал над своей поэмой.|The poet worked on his poem for nine years.
мыло	soap	Не забудь помыть руки с мылом.|Don’t forget to wash your hands with soap.
ранг	rank	Ее отец — государственный чиновник высокого ранга.|Her dad is a high- ranking state official.
блин	pancake, damn	Да, блин, неудачный день.|Damn,  what a bad day!
коррупция	corruption	Там процветает коррупция и взяточничество.|Corruption and bribery are rife there.
жир	fat	Это типичная белково-растительная диета, из которой исключены жиры.|This is a typical protein and vegetable diet in which fats are not allowed.
пожаловаться	complain	Бабушка пожаловалась на боль в плече.|Grandma complained of a pain in her shoulder.
финский	Finnish	Вы получили визу в финском консульстве?|Did you get the visa from the Finnish Embassy?
газовый	gas	Это обычная газовая плита.|It’s  a typical gas cooker.
подбородок	chin, beard	Рядом сидел темноволосый мужчина с длинными усами и колючим подбородком.|A dark-haired man with  a long moustache and a prickly beard was sitting next to me.
опера	opera	Грандиозный успех имела постановка оперы µЗигфрид¶ Рихарда Вагнера.|Richard Wagner’s opera ‘Siegfried’ was a huge success.
суп	soup	Он любил варить летний овощной суп из всего, что росло на огороде.|He liked to cook a summer vegetable soup from everything that grew in the allotment.
упорно	stubbornly	Андрей упорно молчал, глядя в пол.|Looking down at the floor, Andrey stubbornly remained silent.
аромат	smell, fragrance	Воздух наполнился чудесным ароматом цветов.|The air filled with a wonderful smell of flowers.
десятый	tenth	В этого мальчика я влюбилась в десятом классе.|I fell in love with this boy in year ten.
направо	to the right	Поднимитесь на третий этаж и поверните от лифта направо.|Go up  to the third floor and turn right from the lift.
полночь	midnight	Время подходит к полуночи.|It’s getting close to midnight.
разочарование	disappointment	Твой отец испытал страшное разочарование.|Your father was terribly disappointed.
Госдума	State Duma	Сейчас Госдума рассматривает несколько законодательных инициатив.|The State Duma is currently reviewing several legislative initiatives.
беременный	pregnant	Беременная женщина может вести обычный образ жизни.|Pregnant women can lead an ordinary way of life.
соседка	neighbour	Как-то раз к ней заглянула соседка.|A neighbour once popped round to see her.
гражданство	citizenship	В 2002 г. я получил гражданство РФ.|I was granted Russian citizenship in 2002.
прочный	firm	Имплантат — довольно прочная конструкция, мало чем отличающаяся от настоящего зуба.|An implant is quite a firm construction; it differs little from a real tooth.
триста	three hundred	Нарежьте мне, пожалуйста, триста граммов этой колбаски.|Cut me three hundred grams of that sausage, please.
огонёк	flame	В темноте светятся огоньки сигарет.|Cigarette flames were shining in the darkness.
общежитие	hostel	После зимних каникул студенты вернулись в общежитие.|Students returned to the hostel after the winter holidays.
фильтр	filter	После прохождения через фильтр вода очистилась.|The water was purified after it had passed through a filter.
буря	storm	Ночью разразилась настоящая буря.|An almighty storm broke out in the night.
ерунда	nonsense	Она болтает полную ерунду.|She’s talking utter nonsense.
мужество	courage, bravery	За проявленное мужество и героизм старший лейтенант Петрунин был посмертно награжден орденом Красной Звезды.|Senior Lieutenant Petrunin was posthumously awarded the Order of the Red Star for bravery and heroism.
печь	oven	Анна поднялась, чтобы вынуть хлеб из печи.|Anna got up to take the bread out of the oven.
резать	cut, chop	Маша готовила салат, резала овощи.|Masha prepared the salad and chopped the vegetables.
аналитик	analyst	Аналитики предсказывают, что проект окупится менее чем через два года.|Analysts predict that the project will have paid for itself in less than two years.
физик	physicist	Владимир Кулаков — физик по образованию, художник по призванию.|Vladimir Kulakov is a physicist by education and an artist by vocation.
пароль	password	Постарайся не забыть пароль.|Try not to forget your password.
шофёр	driver	Он расплатился с шофером и вылез из машины.|He paid the driver and got out of the car.
должный	due, proper	В этой семье не относились должным образом к питанию.|This family didn’t maintain a proper diet.
жирный	fatty	Целый месяц я ограничивала себя в жирной пище.|I reduced the amount of fatty foods I ate for a whole month.
параллельный	parallel	Параллельные линии не пересекаются.|Parallel lines do not cross.
провожать	accompany	Он проводил гостей до машины.|He accompanied his guests to the car.
задержка	delay	Произошла задержка по техническим причинам.|There is a delay due to technical reasons.
сопротивляться	resist	У них не хватает силы воли сопротивляться этой вредной привычке.|They don’t have the will power to resist this bad habit.
физически	physically	Он выглядит слабым, но на самом деле он физически сильный и выносливый человек.|He looks weak, but in actual fact he’s a physically fit and strong man.
инфляция	inflation	В 1972 г. инфляция составила 260%.|In 1972 inflation was at 260%.
таможенный	customs	Он встал в очередь на таможенный досмотр.|He stood in line waiting for the customs check.
гладкий	smooth	Я выгляжу помолодевшей, меньше морщин, гладкая кожа.|I look  younger; I’ve got fewer wrinkles and smooth skin.
недолго	not long	Она недолго прожила со вторым мужем.|She didn’t live with her husband for long.
регулярный	regular	Выяснилось, что его регулярное употребление приводит к серьезным проблемам со здоровьем.|It has been found that its regular use can lead to serious health problems.
товарный	trade	Права на этот товарный знак принадлежат французскому фармацевтическому предприятию.|The rights to this trademark belong to a French pharmaceutical company.
экскурсия	excursion	Мы с вами совершим небольшую экскурсию и познакомимся с архитектурой города.|You and I are going on a small excursion to familiarize ourselves with the town’s architecture.
по-разному	differently	Омофоны — слова, которые звучат одинаково, но пишутся по-разному.|Homophones are words that sound the same but are written differently.
условный	conditional, suspended	Несколько чиновников получили условный срок.|Several officers received a suspended sentence.
депрессия	depression	Именно те люди, которые все µдержат в себе¶, чаще и дольше страдают от депрессии.|Namely those people who bottle up everything inside them suffer longer and more often from depression.
закуривать	light up (cigarette)	Выйдя на балкон, он закурил сигарету.|He went onto the balcony and lit a cigarette.
стройный	slim	Военная форма еще больше подчеркивала его стройную фигуру.|His military uniform emphasized his slim figure even more.
украшение	jewellery, decoration	Жрецы занялись украшением храма.|The priests decorated the church.
призрак	ghost	Призрак вскинул руки над головой.|The ghost put its hands above its head.
публиковать	publish	Наш журнал постоянно публикует материалы на эту тему.|Our journal publishes on this topic all the time.
продолжительность	duration	Общая продолжительность полета составляла 12 часов.|The total flight time was 12 hours.
овощ	vegetable	Ирина почистила овощи для супа.|Irina peeled the vegetables for the soup.
сновидение	dream	Пациент рассказывает о своем сновидении.|The patient is retelling his dream.
сериал	serial, soap opera	Сегодня в 19.00 будет сериал µМоя прекрасная няня¶.|The serial ‘Moya prekrasnaya nyanya’ is on today at 19:00.
уменьшение	decrease	В последние годы произошло существенное уменьшение численности этих птиц.|In recent years the population of these birds has decreased substantially.
отражаться	be reflected	Солнце отражалось в витринах магазинов.|The sun was reflected in  the shop windows.
болтать	dangle, chat	Друзья весело болтали за столом весь вечер.|The friends chatted happily at  the table all evening.
одеваться	dress	Она очень хорошо выглядит и красиво одевается.|She’s very good-looking and dresses in nice clothes.
переулок	alley	Они бродили по тихим переулкам города.|They strolled through the town’s quiet alleys.
симптом	symptom	У больного появляются симптомы хронического воспаления легких.|The patient has symptoms of chronic pneumonia.
проживание	residence	Мы выбрали проживание в сельской местности.|We chose a residence in  the countryside.
фокус	trick, focus	Это явление продолжает оставаться в фокусе внимания экспертов.|This phenomenon remains the focus of experts.
мышка	mouse	Мышка бежала, хвостиком махнула.|The mouse ran and gave a twitch of its tail.
бочка	barrel, cask	Это вино выдерживают не менее двух лет в дубовых бочках.|The wine is kept for at least two years in oak casks.
болезненный	painful	Это болезненная процедура.|It’s  a painful procedure.
барьер	barrier	Площадку для выступлений огораживал барьер.|A barrier was put around the area where the performances were taking place.
увлечение	passion, hobby	Это его последнее увлечение — слушать на улице музыку.|His latest hobby is listening to music on the street.
обследование	examination	Давайте дождемся результатов медицинского обследования.|Let’s wait for the results of the medical examination.
плоскость	plane	Под µпоперечной плоскостью¶ подразумевается вертикальная плоскость, перпендикулярная плоскости автомобиля.|A transverse plane is a vertical plane perpendicular to the plane of the vehicle.
терроризм	terrorism	Международный терроризм не признает государственных границ.|International terrorism does not recognize state boundaries.
дистанция	distance	Наша бегунья стала лучшей на дистанции 5000 метров.|Our runner was the best over a distance of 5,000 metres.
регулировать	regulate, adjust	Этим рычажком можно регулировать громкость.|You can adjust the volume with this switch.
прохожий	passer-by	Прохожие оглядывались на нее с удивлением.|Passers-by looked at her with surprise.
отвозить	take	Ее надо поскорее отвезти в больницу.|She needs to be taken to hospital immediately.
позади	behind	Все неприятности остались позади.|All the troubles are behind us.
ура	hooray	Из кают-компании раздалось µура¶ в честь флота и его командиров.|A ‘hooray’ for the fleet and its captains rang out of the mess.
видимый	visible	Старая дама с видимым удовольствием подключилась к разговору.|The elderly lady joined the conversation with visible satisfaction.
роскошный	luxurious	Красивая девушка в бикини стояла на палубе роскошной яхты.|A beautiful girl wearing a bikini was on board the luxurious yacht.
делегация	delegation	Я входила в состав официальной делегации.|I was part of the official delegation.
зависть	envy	Мужчины смотрят на неё с восхищением, а женщины — с нескрываемой завистью.|Men look at her with admiration, women with unhidden envy.
выкидывать	throw away	Они выкидывают мусор куда попало.|They throw away their rubbish wherever it suits them.
трамвай	tram	Трамвай остановился, двери открылись.|The tram stopped and the doors opened.
комбинация	combination	Эта комбинация клавиш используется для выхода из программы.|This combination of keys is used to exit the program.
решётка	bars, lattice	На окне была решетка из толстых стальных прутьев.|Thick steel bars were fitted to the window.
скучать	miss, be bored	Мне просто некогда скучать, я очень занят.|I simply don’t have time to get bored; I’m very busy.
деревенский	rural	Я сижу в деревенской избе на краю заснеженного леса.|I’m sitting in a rural cottage at the edge of the snow-covered forest.
комедия	comedy	Вчера мы смотрели детскую комедию µКошки против собак¶.|Yesterday we watched the children’s comedy ‘Cats and Dogs’ .
стабильный	stable	Он стремится обеспечить себе стабильный заработок.|He’s trying to get himself a stable income.
мёд	honey	На рынке мы купили вкусный мед.|We bought tasty honey at the market.
энергетика	power industry, energy	Альтернативная энергетика — энергетика будущего.|Alternative energy is the energy of the future.
функционирование	functioning	Эти вещества необходимы для нормального функционирования всех клеток человеческого тела.|These elements are necessary for the normal functioning of all cells in the human body.
ругать	scold	Мать ругает сына-двоечника.|The mother is scolding her underachieving son.
шампанское	champagne	А почему бы нам не выпить шампанского?|And why don’t we have a glass of champagne?
экономист	economist	Из академии я вышел дипломированным экономистом.|I left the academy a qualified economist.
специализированный	specialized	Эта клиника — специализированный медицинский центр по гинекологии и урологии|This clinic is a specialized medical centre for gynaecology and urology.
ТВ	TV	Она перестала смотреть по ТВ латиноамериканские сериалы.|She stopped watching South American soap operas on TV .
женатый	married	Она влюбилась в женатого мужчину.|She fell in love with a married man.
заголовок	title	Какие заголовки статей лучше привлекают внимание, красные или черные?|What titles attract the most attention: those in red or black?
ручей	stream	Из-под большого камня течет ручей.|A stream flows from beneath the large rock.
выполняться	be performed, be executed,  be fulfilled	Все упражнения выполняются в среднем темпе.|All the exercises are performed at a moderate pace.
тестирование	testing	Они проходят тестирование на знание информатики.|They are tested on their IT knowledge.
преступный	criminal	О его преступной деятельности стало известно.|His criminal activities came  to light.
гараж	garage	Я вышел из подземного гаража, где оставил свою машину.|I walked out  of the underground garage, where I left my car.
рубрика	heading, section	С текстами обзоров можно познакомиться на нашем сайте в рубрике µКино¶.|You can see the reviews on our site in the ‘Cinema’ section.
драма	drama	Зрителя ждет настоящая психологическая драма.|The viewer is in for a real psychological drama.
включение	inclusion, turning on	Где расположена кнопка включения компьютера?|Where is the ‘on’ switch on a computer?
концентрация	concentration	Концентрация углекислого газа в атмосфере станет увеличиваться.|The concentration of carbon dioxide in the atmosphere will increase.
актриса	actress	Главную роль в мюзикле играет юная актриса Лиза Арзамасова.|The leading role in the musical is played by the young actress Liza Arzamasova.
командировка	business trip	Муж Нины находится в заграничной командировке.|Nina’s husband is abroad on a business trip.
стальной	steel	Из стальной проволоки делают крючки.|Hooks are made from steel cable.
ось	axis	На горизонтальной оси отображается время в минутах.|The horizontal axis shows the time in minutes.
грек	Greek	Его отец был грек, а мать армянка.|His father was Greek and his mother Armenian.
звуковой	audio	Прибор издает звуковой сигнал каждые три секунды.|The machine sends out an audio signal every three seconds.
прелесть	charm	Они наслаждались прелестью теплой египетской ночи.|They enjoyed the charm of the warm Egyptian night.
ограничивать	restrict	Какие продукты следует ограничить при сахарном диабете?|Which foods should be restricted in diabetes?
простота	simplicity	Книги этого автора отличает простота и доступность изложения материала.|The books of this author stand out due to their simplicity and accessibility.
рог	horn	Поэтому я решила взять быка за рога и сразу после лекции подошла к нему.|So I decided to take the bull by the horns and I went up to him straight after the lesson.
налево	to the left	Около ресторана µРусская изба¶ поверните налево.|Turn left by the ‘Russkaya Izba’ restaurant.
ген	gene	Однояйцевые близнецы наследуют от родителей абсолютно идентичный набор генов.|Identical twins inherit the same set of genes from their parents.
героиня	heroine	Главная героиня фильма — Марина.|Marina is the heroine of the film.
новичок	newcomer	В нашем классе появился новичок.|We had a newcomer to the class.
коричневый	brown	На ней было короткое коричневое пальто.|She was wearing a short brown coat.
годовой	year, year’s	Приз за правильный ответ — годовая подписка на нашу газету.|The prize for the correct answer is a year’s subscription to our newspaper.
комплексный	complex, integrated,   set (meal)	Комплексный обед стоит всего 70 рублей.|A set lunch menu costs only  70 rubles.
возврат	return	Могу ли я отказать покупателю в возврате товара?|May I refuse a customer who wants to return an item?
парламентский	parliamentary	Парламентская комиссия продолжает свою работу.|The parliamentary committee is continuing its work.
армейский	army	Об этом он рассказал на страницах нашей армейской газеты.|He wrote about it in our army newspaper.
ликвидация	liquidation, elimination	Операция по ликвидации банды началась вчера в шесть утра.|An operation aiming to eliminate the gang was set underway at six o’clock yesterday morning.
неизменный	invariable, constant	Его лекции пользовались неизменным успехом среди студентов.|His lectures were always a success among the students.
винтовка	rifle	Мужчина остановился и резко вскинул винтовку.|The man stopped abruptly and cast up his rifle.
ислам	Islam	Она приняла ислам, выйдя замуж за мусульманина.|Having married a Muslim, she converted to Islam.
абстрактный	abstract	Там стояла диковинная абстрактная скульптура из серебристого металла.|An exotic abstract sculpture made from silvery metal was on display there.
упаковка	packing, package	Всегда необходимо читать информацию на упаковке.|You should always read the instructions on the package.
родные	family	Все родные и знакомые считали меня очень талантливым.|All of my family and friends thought that I was talented.
сюрприз	surprise	Я приготовила тебе маленький сюрприз.|I’ve got a little surprise for you.
перевозка	transportation	Пассажир обязан оплатить проезд и перевозку багажа.|Passengers are obliged to pay their travel and baggage transportation costs.
щель	chink, crack	Между досками образовалась щель.|A crack appeared between the boards.
неудачный	unsuccessful	Он предпринял неудачную попытку побега.|He made an unsuccessful attempt to escape.
сырьё	raw material	Эта фирма поставляет сырье изготовления пластиковых бутылок.|This firm supplies raw materials for producing plastic bottles.
мусульманин	Muslim	Я — правоверный мусульманин.|Muslims pray five times a day.
потребительский	consumer	Сделано это было для удовлетворения растущего потребительского спроса.|It was done to satisfy the growing consumer demand.
аналитический	analytical	Вы со своим аналитическим умом будете нам очень полезны.|With your analytical mind you will be very useful to us.
тротуар	pavement	Прохожие шагали по тротуару.|Passers-by were walking along the pavement.
паника	panic	В салоне самолета началась паника.|Panic broke out on board the aeroplane.
рейс	flight, voyage	Самолет выполняет рейс по маршруту Самара-Ганновер.|The plane is flying from Samara to Hanover.
рождество	Christmas	Какие подарки ты получила на Рождество?|What presents did you get for Christmas?
порция	portion	Мне, пожалуйста, двойную порцию картошки фри.|I’d like a double portion of chips, please.
колебаться	fluctuate	Рекомендуемый уровень колеблется в пределах 30-50%.|The recommended level fluctuates within the range of 30 to 50 per cent.
сходство	similarity	Нельзя не заметить их поразительного сходства.|It’s impossible not to notice their striking similarity.
наверху	upstairs, on top	Я хочу купить холодильник с морозильной камерой наверху.|I want to buy a fridge with a freezer compartment on the top.
ручной	manual, hand	Новые правила применяются исключительно к ручной клади.|The new rules apply only to hand luggage.
вечеринка	party	Сегодня намечается вечеринка у моего друга.|There’s a party at my friend’s house today.
осторожный	cautious	Я услышал осторожный стук в дверь.|I heard a cautious knock at the door.
девятый	ninth	Он был девятым ребенком в семье.|He was the ninth child in the family.
осмотр	inspection, check	При осмотре багажа у него в сумке обнаружили наркотики.|Drugs were found in his bag during the baggage check.
бык	bull	На лугу пасется огромный бык.|A huge bull is grazing on the meadow.
обожать	adore	Дедушка и бабушка обожали свою внучку.|The grandmother and grandfather adored their granddaughter.
академический	academic	Эта группа студентов ориентирована на академическую карьеру.|This group of students are inclined towards a career in academia.
блестеть	shine, flash	В это время блеснула молния и грянул гром.|At this moment there  was a flash of lightning and a bolt of thunder.
напрасно	in vain, for nothing	Вы напрасно волнуетесь.|You’re worrying for nothing.
коэффициент	coefficient, factor	Один из коэффициентов связан с возрастом и водительским стажем.|One of the factors is linked to age and driving experience.
новейший	newest, latest	В нашей больнице имеется новейшая медицинская техника.|We have  the latest medical equipment at our hospital.
плакат	poster	В его комнате висит плакат с изображением машины.|There’s  a poster with a car on it in his room.
материнский	maternal	Она выросла без материнской любви.|She grew up without maternal love.
примитивный	primitive	Резьба на саркофаге говорит о примитивной цивилизации.|The carving on the sarcophagus tells of a primitive civilization.
мат	mat, obscene language	Он использует мат во всех своих произведениях.|He uses obscene language in all his works.
отвратительный	disgusting	В комнате стоял отвратительный запах.|There was a disgusting smell in the room.
верность	loyalty	Этот человек сохранит верность своей клятве, он не изменник.|This person is loyal to his promise; he’s not a traitor.
поблагодарить	thank	Нина Петровна поблагодарила за приглашение.|Nina Petrovna said thank you for the invitation.
влажный	wet	Время от времени надо протирать поверхность влажной тряпкой.|From time to time you need to wipe the surface with a wet cloth.
импульс	impulse	Именно из мозга посылаются нервные импульсы во все органы.|It’s namely from the brain that nerve impulses are sent to all the organs.
менеджмент	management	Он ведет курсы по стратегическому менеджменту.|He convenes courses in strategic management.
приготовление	cooking, preparation	Приготовления к свадьбе длились около недели.|The wedding preparation took around a week.
вылет	departure	Вылет туристов из Санкт-Петербурга назначен на 13.00.|The tourists’  departure from Saint Petersburg is scheduled for 13:00.
удобство	convenience	Для Вашего удобства мы сделали электронный каталог нашей продукции.|For your convenience we have created an online catalogue of our products.
повторение	repetition	Тренироваться нужно ежедневно и выполнять как можно больше повторений каждого упражнения.|You should train every day and do as many repetitions of each exercise as possible.
поляк	Pole	С давних времен тут живут поляки.|Poles have lived here since ancient times.
огненный	fiery	Солнце — это огненный шар.|The sun is a fiery ball.
боковой	side	Входная дверь оказалась с боковой стороны дома.|The entrance was at the side of the house.
сгореть	burn (down)	Здание университета сгорело во время войны.|The university building burnt down during the war.
вольный	free	До его рождения родители вели весьма вольный образ жизни.|Before his birth his parents lived a very free lifestyle.
ночевать	stay overnight, spend   the night	Она сказала мужу, что ночевала у подруги.|She told her husband that she’d spent the night at a friend’s place.
вежливо	politely	Дима вежливо поздоровался с соседкой.|Dima politely greeted his neighbour.
качать	rock, shake	Женщина отрицательно качает головой.|The woman is shaking her head in disagreement.
различать	distinguish, tell apart	Через три дня я научилась различать их по голосам.|After three days I could tell them apart by their voices.
душ	shower	Он стоял под горячим душем.|He was standing under a hot shower.
лёгкость	ease, lightness	Я с легкостью набрала почти 800 очков.|I easily scored almost 800 points.
нетерпение	impatience	Она с трудом сдерживала нетерпение.|She found it hard to restrain her impatience.
завидовать	envy	Он завидовал людям сильным и уверенным в себе.|He envied people who were strong and self-confident.
устанавливаться	be installed, be  established	Только после этого на улицах установился порядок.|Only afterwards was order established on the streets.
чайник	kettle, teapot, dummy	Огромное вам спасибо за µГрамматику для чайников¶.|Thanks a lot for the ‘Grammar for Dummies’ .
напрямую	directly	Главный бухгалтер напрямую подчиняется генеральному директору.|The chief accountant answers directly to the general director.
убыток	loss	Ты знаешь, какие я понес убытки?|Do you know what losses I suffered?
архитектор	architect	Это здание спроектировал известный голландский архитектор.|A well-known Dutch architect designed this building.
допрос	interrogation	Сейчас прокуратура ведет допрос женщины, совершившей этот страшный поступок.|Prosecutors are interrogating the woman who committed this terrible crime.
отличать	distinguish	Подделку почти невозможно отличить от оригинала.|It’s almost impossible to distinguish a fake from an original.
экономия	savings, economy	Экономия составила более двух миллионов рублей.|The savings came to more than two million rubles.
невысокий	low, small	Они стояли у подножья невысокого холма.|They were standing at the foot of the small hill.
энтузиазм	enthusiasm	Это событие вызвало энтузиазм у всего класса.|This event was met by enthusiasm from the whole class.
авиационный	aviation	Я пошел работать на авиационный завод.|I started work at an aviation factory.
висок	temple	Он схватил пистолет и приставил к своему виску.|He took his pistol and put it to the temple of his head.
поручение	order, assignment	Он не торопился выполнять поручения жены.|He didn’t rush to do what his wife had told him.
череп	skull	Археологи извлекли из земли фрагмент человеческого черепа.|Archaeologists recovered part of a human skull from the ground.
отклонение	deviation	Медицинское обследование этого ребенка не показало никаких отклонений от нормы.|A medical examination of the baby showed no deviations from the norm.
ласковый	tender	Она стала напевать песенку тихим, ласковым голосом.|She started to sing the song in a quiet, tender voice.
дружить	be friends	Дети дружат друг с другом.|The children are friends with each other.
смертельный	deadly	Не исключена возможность смертельного исхода.|A deadly ending cannot be ruled out.
козёл	he-goat, arsehole (slang)	Ну и козел же ты!|You arsehole!
жилищный	housing	Мы наконец сможем решить нашу жилищную проблему.|We’ll finally be able to resolve our housing problem.
чрезвычайный	extraordinary, extreme	Это дело чрезвычайной важности.|This is a matter of extreme importance.
симпатия	affection, sympathy	Наша взаимная симпатия росла с каждым днем.|Our mutual affection grew stronger every day.
усталый	tired	Усталые ребята возвращаются домой.|The tired children are coming home.
мм	mm, millimetre	К заявлению приложите две фотографии размером 35 мм на 45 мм.|Attach two 35 mm × 45 mm photographs to your application.
долгосрочный	long-term	Вы можете рассчитывать на долгосрочную студенческую визу.|You can count on getting a long-term student visa.
огород	allotment	Они питались овощами со своего огорода.|They ate vegetables from their allotment.
кисть	brush, palm	Кожа кистей рук требует тщательного ухода.|The skin on the palms of your hands needs thorough care.
защитный	protective, defensive	Длительный глубокий сон ребенка является защитной реакцией на стресс.|The child’s long deep sleep is a defensive reaction to stress.
пенсионный	pension	У нас живут в основном люди пенсионного возраста.|Mostly people of pension age live here.
абонент	subscriber	За обслуживание абоненты платят от 10 до 15 долларов в месяц.|Subscribers pay from 10 to 15 dollars a month for the service.
равенство	equality	Государство гарантирует равенство прав и свобод человека и гражданина.|The state guarantees equality of rights and freedom for all.
секция	section, club	Девушка занималась в спортивной секции.|The girl attended a sports club.
урожай	harvest	В тот год урожай винограда был особенно удачным.|This year’s wine harvest was particularly successful.
реконструкция	reconstruction,  refurbishment	Специалисты приступили к реконструкции завода.|Specialists started to refurbish the factory.
очерк	feature story	Он начинал как журналист, публиковал очерки и фельетоны.|He started out as a journalist, publishing feature stories and satirical articles.
обезьяна	monkey	Обезьяна сидела на дереве.|The monkey was sitting in a tree.
запуск	launch	29 сентября 1977 года состоялся успешный запуск орбитальной станции µСалют-6¶.|The orbital space station Salyut 6 was successfully launched on the 29th of September 1977.
фантастика	science fiction	Я пишу в жанре научной фантастики.|I write in the genre of science fiction.
континент	continent	Австралия занимает целый континент.|Australia occupies an entire continent.
сдерживать	restrain	Мальчик с трудом сдерживал слезы.|The boy found it difficult to hold back his tears.
гвоздь	nail	Он ничего не умеет делать, даже гвоздь в стену забить!|He can’t do anything; he can’t even hammer a nail in the wall!
медный	copper	На печке расставлена медная посуда.|Copper pots and pans are on the stove.
яд	poison	Яд этой змеи убивает за полминуты.|The poison of this snake kills in half a minute.
строитель	builder	Строители должны закончить все работы к началу декабря.|The builders need to have everything done by the start of December.
представительство	representative,  office	Представительства Аэрофлота есть по всему миру.|Aeroflot has offices all over the world.
этнический	ethnic	Это не зависит от этнической принадлежности.|It does not depend  on ethnicity.
базар	market, talk (slang)	По утрам она брала сумку и шла на базар.|In the mornings she’d take her bag and go to the market.
уличный	street	Уличное освещение города переведено на энергосберегающее оборудование.|The town’s street lights have been converted to energy-saving devices.
кружок	circle, hobby group, club	Он записался в танцевальный кружок.|He joined a dance club.
серебро	silver	Этот город славится своими украшениями из серебра.|The town is famous for its silver jewellery.
полнота	fullness, corpulence	Совет Министров принял всю полноту власти.|The Council of Ministers assumed full power.
агрессивный	aggressive	Поводом для обращения к терапевту послужило агрессивное поведение ребенка.|The child’s aggressive behaviour led us to seek the help of a therapist.
подключение	connection	Все что Вам потребуется — это компьютер с подключением к Интернету.|All that you need is a computer with an Internet connection.
жалость	pity	Он плакал от жалости к себе.|He was crying out of pity for himself.
презентация	presentation	На выставке проводится презентация новейшей технологии.|The latest technology is being presented at the exhibition.
звон	ringing, jingling	Со всех сторон доносилась музыка и звон монет.|We could hear music and the jingling of coins all around us.
конструктор	constructor, engineer	Этот автомобиль создали немецкие конструкторы.|This car was made by German engineers.
писаться	write	Я забыл, как пишется это слово.|I’ve forgotten how to write this word.
сердечный	heart	Смерть наступила от сердечного приступа.|The death was caused by  a heart attack.
похороны	funeral	На его похороны пришло множество людей.|Lots of people attended his funeral.
индийский	Indian	Вчера вечером мы ходили в индийский ресторан.|We went to an Indian restaurant yesterday evening.
украшать	decorate	Интерьеры библиотеки украшают картины известных белорусских художников.|The interior of the library was decorated with paintings drawn by famous Belarusian artists.
бедность	poverty	Он рос в крайней бедности.|He grew up in extreme poverty.
семьдесят	seventy	Ей уже за семьдесят.|She’s already over 70.
формулировка	wording	Сама формулировка вопроса носила двусмысленный характер.|The very wording of the question was ambiguous.
колбаса	sausage	В пакете оказались вареная колбаса и хлеб.|Cooked sausage and bread were  in the bag.
корзина	basket	На дубовой скамье стояли корзины с яблоками и сливами.|There were baskets of apples and plums on the oak bench.
территориальный	territorial	Стороны пришли к окончательному урегулированию многолетнего территориального спора.|The sides came to a final settlement regarding the territorial dispute that had lasted many years.
аналогия	analogy	Проведем несколько аналогий.|Let’s make some analogies.
колоссальный	colossal	Это колоссальная нагрузка на организм.|This is a colossal strain on the body.
пластиковый	plastic	Он открыл пластиковую бутылку с апельсиновым соком.|He opened a plastic bottle of orange juice.
микрофон	microphone	Вагоновожатый в микрофон объявляет: µТрамвай следует по 46 маршруту!¶|‘This is route 46’ , the tram driver announced over the tannoy.
прибытие	arrival	До прибытия поезда на вокзал оставалось примерно 20 минут.|There were around 20 twenty minutes to go before the train arrived at the station.
перчатка	glove	Не забудь надеть перчатки.|Don’t forget to put your gloves on.
инструктор	instructor	Вы совершите первое погружение под наблюдением опытного инструктора.|You will make your first dive under the supervision of an experienced instructor.
скидка	discount	Пенсионерам предоставляется скидка 25% на все наши услуги.|Pensioners are given a 25% discount on all our services.
непростой	difficult	Это очень непростой вопрос.|This is  a very difficult question.
экспериментальный	experimental	Имеются экспериментальные данные, свидетельствующие об этом.|We have experimental data that prove this.
заплакать	start crying	Я едва не заплакала от обиды.|I almost started to cry from the insult.
традиционно	traditionally	Отношения между этими странами традиционно дружеские.|Relations between these countries are traditionally amicable.
акционер	stockholder, shareholder	Основной акционер этой компании — правительство.|The government is the main shareholder of this company.
изложение	summary	Он прислал из-за границы письмо с подробным изложением своего плана.|He sent a letter containing a detailed summary of his plan from abroad.
содержимое	content(s)	Недавно автор исследовал содержимое своего семейного архива.|The author recently went through the contents of his family archive.
цивилизованный	civilized	Это недопустимо в цивилизованном обществе.|This is impermissible in  a civilized society.
квадрат	square	С помощью карандаша и линейки начертите квадрат со стороной 3 см.|With a pencil and ruler draw a square with sides of 3 cm.
лампочка	bulb	Нужно заменить электрическую лампочку.|The light bulb needs changing.
задница	arse	Ребята, ну что за задница у этой телки!|Lads, look at the arse on that bird!
стресс	stress	Ты научилась справляться со стрессом от твоей работы?|Have you learned to deal with work-related stress?
фактический	actual, real, factual	Фирма µЭксперт¶ провела экспертизу фактических затрат на услуги ЖКХ.|The firm ‘Ekspert’ conducted an analysis into the actual costs of housing and communal services.
индустрия	industry	Строительная индустрия переживала небывалый подъем.|The building industry has experienced unprecedented growth.
галстук	tie	Юрий Петрович надел рубашку, повязал галстук, хотя никуда не собирался идти.|Yury Petrovich put on a shirt and tie, though he didn’t intend to go anywhere.
полотенце	towel	Ребенок вытирается полотенцем.|The child is drying himself with a towel.
струя	jet	Из крана текла струя воды.|A jet of water came out of the tap.
последовательный	sequential,  consistent	Поэтому на последовательное изложение событий я просто не способен.|Therefore, I’m simply not capable of a giving a consistent account of the events.
путешествовать	travel	Я мечтаю путешествовать по всему миру.|I dream about travelling all over the world.
граната	grenade	Спустя несколько секунд эта граната разорвалась где-то за виадуком.|A few seconds later the grenade exploded somewhere behind the viaduct.
измена	betrayal, treason, adultery	Она начала подозревать его в супружеских изменах.|She started suspecting him of adultery.
вдали	in the distance	Вдали виднеются горы.|Mountains can be seen in the distance.
молочный	milk, dairy	Я заказал себе молочный коктейль с шоколадом.|I ordered a chocolate milkshake.
пение	singing	Он вырос в музыкальной семье и учился пению в Италии.|He grew up in a musical family and studied singing in Italy.
превосходить	exceed	Противник значительно превосходит нас и по численности, и по вооружению.|The enemy is way ahead of us, both in numbers and weapons.
изящный	graceful	Маша всегда была такой — изящной, богемной и безумно начитанной.|Masha was always so graceful, Bohemian and amazingly well-read.
кабель	cable	Через все помещение тянулись мощные электрические кабели.|Powerful electric cables stretched throughout the premises.
возражение	objection	Против этого решения никто не имеет возражений.|Nobody objects to this decision.
трезвый	sober	Когда он был в трезвом состоянии, никогда не бил жену.|He never beat his wife when he was sober.
проводник	conductor	Пассажир спросил проводника, можно ли курить в вагоне.|The passenger asked the conductor whether he could smoke in the carriage.
беречь	save, take care	Вы не бережете свое здоровье.|You are not taking care of your health.
проектирование	design, designing	Эта фирма занимается проектированием жилых домов.|This company designs residential buildings.
статуя	statue	У ворот стояла двухметровая статуя Венеры.|A two-metre statue of Venus stood by the gate.
возить	drive, carry	Автобусы возят пассажиров.|Buses carry passengers.
нежность	tenderness	Его сердце трепетало от нежности и радости.|His heart was trembling with tenderness and joy.
химия	chemistry	Сегодня у нашей группы был экзамен по химии.|Today our class had a chemistry exam.
сынок	son (diminutive)	Мой сынок родился 20 мая.|My son was born on the 20th of May.
стыд	shame	До сих пор помню, какой я испытал стыд, когда рыдал на глазах у всех.|I can still remember the shame I felt when I cried my eyes out in front of everybody.
шагать	stride, walk	Люди быстро шагают по улицам, торопятся на работу.|People are walking quickly along the streets, rushing to work.
выживание	survival	Из последних сил борются за выживание женщины.|The women are fighting for survival with all their might.
тысячелетие	millennium	Наступило новое тысячелетие.|A new millennium is here.
толкать	push	Когда он шел по улице, кто-то толкнул его.|Someone pushed him while he was walking down the street.
автономный	offline, autonomous	Российская Федерация состоит из 83 субъектов, 4 из которых имеют статус автономных округов.|The Russian Federation is made up of 83 federal entities, four of which have the status of autonomous regions.
бабочка	butterfly	Над лугом порхали бабочки.|Butterflies were fluttering over the meadow.
входной	entrance	Цена входного билета в караоке-клуб — 650 рублей.|The price of an entrance ticket to the karaoke club is 650 rubles.
пробка	cork, traffic jam	На дороге образовалась огромная пробка.|There was a long traffic jam on the road.
игнорировать	ignore	Водитель игнорировал приказ остановиться.|The driver ignored the order to stop.
тревожный	anxious	Я пыталась отогнать от себя тревожное предчувствие.|I tried to fend off the feeling of anxiety.
стимулировать	stimulate	Это вещество стимулирует рост клеток.|This substance stimulates cell growth.
восхищение	admiration	Результаты вашей работы вызывают восхищение!|The results of your work are admirable!
мрак	darkness	Лампы погасли, вокруг воцарился густой мрак.|The lamps went out; all around was pitch darkness.
артиллерийский	artillery	Город только что подвергся артиллерийскому обстрелу.|The town had just come under artillery fire.
совпадение	coincidence	Я подозреваю, что это не случайное совпадение.|I suspect that this isn’t just a coincidence.
биржа	exchange	На фондовой бирже определяются рыночные цены акций и облигаций тех или иных компаний.|The market prices of stocks and bonds of various companies are determined at the stock exchange.
заворачивать	wrap	У вас есть бумага, в которую заворачивают подарки?|Do you have some paper that I could use to wrap the presents?
монстр	monster	Во время сражения с монстрами игрок может погибнуть.|The player may die while fighting monsters.
буржуазный	bourgeois	Автор не идеализирует буржуазное общество XIX века.|The author doesn’t idealize the bourgeois society of the nineteenth century.
интуиция	intuition	Интуиция не подводила меня никогда.|Intuition has never let me down.
прописывать	prescribe	Врач прописал мне снотворное.|The doctor prescribed me sleeping tablets.
мотивация	motivation	Если у человека есть сильная мотивация, он сможет все.|If a person is motivated enough, then he can do anything.
превращение	transformation	Она не испытала мгновенного превращения в любящую мать.|She didn’t feel the instant transformation into a loving mother.
спинка	backrest, back	У этого кресла жесткие спинка и сиденье.|This chair has a rigid back  and seat.
географический	geographical	Я поступил в университет на географический факультет.|I enrolled at the university in the Department of Geography.
исследовательский	research	Он сочетает исследовательскую деятельность с врачебной практикой.|He combines his research with practical medicine.
отвращение	disgust, repulsion	Их запах и вид вызывает у меня отвращение.|Their smell and appearance repulse me.
араб	Arab	Арабы читают справа налево.|Arabs read from right to left.
имидж	image	Цель 35-акции — улучшить имидж компании.|The aim of the PR event is  to improve the image of the company.
рвать	tear, vomit	Его рвет после каждой еды.|He vomits after every meal.
родительский	parental	Он вернулся в родительский дом.|He went back to his parental home.
ведьма	witch	Старая ведьма увидела, что царевна вернулась живой и здоровой.|The old witch saw the princess come back alive and well.
колледж	college	Она студентка педагогического колледжа.|She’s a student at the teacher training college.
оказание	providing, giving	В этом чемоданчике лежало все необходимое для оказания первой помощи.|This small case contained everything necessary for giving first aid.
новогодний	New Year(’s)	Эта история началась в новогоднюю ночь 1990 года.|The story started on New Year’s eve in 1990.
анкета	form	Вам нужно заполнить анкету.|You need to fill out the form.
грандиозный	grandiose	Наша гидроэлектростанция — грандиозное сооружение.|Our hydroelectric plant is a grandiose construction.
незнакомец	stranger	Однажды в музее к ней подошёл незнакомец.|A stranger once approached her in the museum.
условно	conditionally, tentatively	Он был условно осужден к 2 годам лишения свободы.|He was conditionally sentenced to 2 years in prison.
обслуживать	serve	Сначала мне нужно обслужить клиента.|I need to serve a customer first.
сосна	pine	В основном здесь растут сосны, но встречаются и березы.|Mainly pine trees grow here, but you occasionally come across a birch tree.
выучивать	learn	Аня уже выучила несколько итальянских слов.|Anya has already learned several Italian words.
овца	sheep	Моя семья живет в местности, где разводят овец.|My family lives in  a place where sheep are bred.
расстройство	disorder	До того он никогда не страдал психическим расстройством.|Before then he’d never suffered from a mental disorder.
толчок	push	Он переносил толчки, пинки и удары.|He was pushed, kicked and punched.
оболочка	cover, shell	Для пользователей графической оболочки *QRPH подготовлена новая версия игры 5HDO 3RNHU.|A new version of the game Real Poker has been created for users of the Gnome Graphical Environment.
выезд	departure, exit	Как обычно, на выезде из города была пробка.|As usual, there was a traffic jam on the way out of town.
окрестность	neighbourhood	Вы, вероятно, знакомы с окрестностями Парижа?|You probably know the neighbourhoods of Paris?
вдвое	twice	Большие кролики стоят вдвое дороже, чем маленькие.|Large rabbits cost twice as much as small ones.
дружеский	friendly	Здесь крайне демократическая, дружеская атмосфера.|There’s an extremely democratic and friendly atmosphere here.
классификация	classification	В книге приводилась подробнейшая классификация инопланетян.|The book provides a detailed classification of aliens.
декларация	declaration	Вам придется заполнить таможенную декларацию.|You will need to fill out a customs declaration.
случайность	chance, accident	Он погиб по трагической случайности.|He died due to a tragic accident.
отступление	retreat, digression	До сих пор не было ни одного отступления от плана.|So far we’ve not had to digress once from our plan.
функционировать	function	Этот холодильник может нормально функционировать при температуре 43С.|This refrigerator can function as normal at a temperature of +43C.
гром	thunder	За окном прогремел гром.|A thunder storm could be heard outside.
промежуток	interval	Столько событий за короткий промежуток времени произошло.|So many events took place in such a short interval.
разновидность	variety, form	Существует несколько разновидностей данного метода.|This method has several different forms.
нисколько	not at all	Это нас нисколько не волнует.|We’re not at all worried by this.
прощаться	say goodbye	Ему так и не удалось проститься с любимой девушкой.|He didn’t get a chance to say goodbye to the girl he loved.
Аллах	Allah	Они уверовали в Аллаха.|They believed in Allah.
клавиша	key	Какую клавишу нажать?|Which key should I press?
шерсть	wool	Эти теплые носки связала моя бабушка из овечьей шерсти.|My grandma knitted these warm socks from sheep’s wool.
конфета	sweet, chocolate	Я страшно люблю шоколадные конфеты.|I really love chocolates.
интенсивный	intensive, intense	Его организм не выдержал интенсивной нагрузки.|His body couldn’t cope with the intense strain.
ловушка	trap	Я поняла, что попала в ловушку.|I realized that I’d fallen into a trap.
преподавать	teach	Моя сестра преподает математику в школе.|My sister teaches mathematics at a school.
тупик	cul-de-sac, dead end	Следствие зашло в тупик.|The investigation hit a dead end.
вмешиваться	interfere, interrupt	Она внимательно слушала, но не вмешивалась в разговор.|She listened attentively, but didn’t interrupt the conversation.
необыкновенный	unusual	Я вам расскажу необыкновенный случай.|I’ll tell you an unusual tale.
романтический	romantic	Это самая романтическая история в моей жизни!|This is the most romantic episode of my life!
переворот	revolution, coup d’état	На его родине произошел государственный переворот.|There  was a coup d’état in his homeland.
приближение	approaching	Он почувствовал приближение опасности.|He felt that danger was approaching.
челюсть	jaw	Бульдог крепче сжал челюсти.|The bulldog clenched its jaws more tightly.
бухгалтерский	accounting	Какие формы бухгалтерской отчетности необходимо представить?|Which accountancy documents need to be presented?
жарко	hot	Сегодня будет жарко.|It’s going to be hot today.
собачий	dog	Послышался собачий лай.|We could hear a dog barking.
интонация	intonation	Дети копируют интонации и речь учителя.|Children copy the intonation and speech patterns of their teacher.
съездить	go	Мы съездили в отпуск всей семьей.|We went on holiday as a whole family.
грамотный	literate, trained	Мне говорили, что он грамотный специалист.|We were told that he was a trained specialist.
вздох	breath	С каждым вздохом я все больше и больше успокаиваюсь.|I’m becoming calmer with every breath.
беженец	refugee	Беженцы жили в палатках.|The refugees lived in tents.
премьер	premier	Премьер сложит свои полномочия.|The premier is resigning from his post.
агрессия	aggression	Чем вызвана ваша агрессия?|What’s the cause of your aggression?
валютный	revenue, income	Более 80% его доходов поступает из федерального бюджета.|More than 80% of its income comes from the federal budget.
взвод	troop, platoon	Он увидел приближающийся взвод солдат.|He saw an advancing platoon of soldiers.
взятка	bribe	У вас вымогали взятку?|Were you forced to pay a bribe?
уютный	comfortable, cosy	У нее небольшая, но очень уютная квартирка.|She has a small but very cosy flat.
соотечественник	compatriot	Вам стыдно не знать своего гениального соотечественника!|You should be ashamed that you don’t know your brilliant compatriot!
заложник	hostage	Террористы угрожают расстрелять заложников.|The terrorists are threatening to shoot the hostages.
композитор	composer	Композитор пишет музыку.|A composer writes music.
двигать	move	Люди в зале начали кашлять, сморкаться, двигать стулья.|People in the hall began to cough, sneeze and move the chairs.
жительство	residence	Его место жительства неизвестно.|His place of residence is unknown.
интимный	intimate	Простите, что я задаю вам такой интимный вопрос.|Sorry for asking you such an intimate question.
выдача	extradition, release, issue	Между этими странами существует соглашение о выдаче преступников.|The countries have an agreement on the extradition of criminals.
рюмка	shotglass, shot	И зачем я выпил последнюю рюмку?|And why did I drink that last glass?
колонка	column, speaker	Как сделать изменение ширины колонки таблицы вручную?|How do you manually change the width of columns in a table?
глупо	foolish(ly)	Просто глупо не воспользоваться этой возможностью.|It’s simply foolish not to take advantage of this opportunity.
отрывок	fragment, passage	Сегодня мы публикуем отрывок из этой книги.|Today we are publishing a passage from the book.
печка	stove	Зимой приходится топить печку дважды в день.|In winter it’s necessary to light the stove twice a day.
тигр	tiger	Тигр угрожающе зарычал.|The tiger gave out a threatening roar.
фотограф	photographer	Эта функция полезна для начинающих фотографов.|This function is useful for amateur photographers.
ИТ	IT	Я руковожу отделом ИТ уже в течение 5 лет.|I’ve been in charge of the IT department for 5 years.
деление	division	По правилам арифметики деление на число 0 запрещено.|According to the laws of arithmetic it’s impossible to divide by 0.
ввод	input, bringing in	В форму документа добавлены поля для ввода даты и номера документа.|Fields for inputting the date and document number were added to the document.
юбилей	anniversary	Московский театр µСовременник¶ сегодня отмечает полувековой юбилей.|Today is the 50th anniversary of the Moscow-based Sovremennik Theatre.
нелёгкий	difficult	Ей предстоит сделать нелегкий выбор.|She’s got a difficult choice ahead of her.
витрина	showcase	Я всегда заглядываю в витрину каждого книжного магазина.|I always look in the window of every bookshop.
салат	salad	Овощной салат я всегда заправляю оливковым маслом.|I always put olive oil on vegetable salads.
справочник	directory	Их номера телефонов есть в любом телефонном справочнике.|Their telephone numbers are listed in every directory.
аналог	analogue	Данная программа является уникальной и не имеет аналогов на всем постсоветском пространстве.|This program is unique and there is nothing like it anywhere in the former Soviet Union.
официант	waiter	Он подозвал официанта и сделал заказ.|He called the waiter over and placed his order.
владыка	sovereign, ruler	Родившийся ребенок станет владыкой всего сущего на земле.|The child will become the ruler of all things on Earth.
избранный	elected, selected	В книгу вошли избранные статьи, публиковавшиеся во второй половине 1990-х годов.|The book contains selected articles published in the second half of the 1990s.
щенок	puppy	С маленьким щенком лучше всего гулять по пять-семь раз в день.|It’s best to walk a young puppy 5–6 times a day.
плавание	swimming	Моя дочь занимается плаванием с восьми лет.|My daughter has been swimming since she was eight.
вертикальный	vertical, upright	После проведения процедуры рекомендуется сохранять вертикальное положение тела.|You are recommended to keep your body in an upright position after the procedure.
дальше	further, longer	Дальше так жить невозможно.|I can’t live like this any longer.
электричество	electricity	За неуплату им отключили электричество.|Their electricity was cut off because they hadn’t paid the bill.
расписание	timetable, schedule	Со 2 июня изменилось расписание электричек.|The train timetable changed on the 2nd of July.
обидно	pity, offended	Мне было очень обидно, когда все надо мной смеялись.|I felt very offended when everyone laughed at me.
неважный	unimportant, bad	Прокопенко возвращался домой в неважном настроении.|Prokopenko came home in a bad mood.
пирог	pie	Анна Семеновна напекла пирогов.|Anna Semenovna baked lots of pies.
безумие	madness, frenzy	Безумие охватило толпу.|The crowd went into a frenzy.
скачивать	download	Здесь можно скачать полную версию текста для печати.|Here you can download the full text for printing.
величие	greatness, splendour	От былого величия остались лишь романтические руины.|Romantic ruins are the only remnants of the former splendour.
певец	singer	Певец исполняет новую песню.|The singer is performing a new song.
сердиться	be angry	Ты все еще сердишься на меня?|Are you still angry at me?
тетрадь	notebook, exercise book	Вы выписываете незнакомые слова в отдельную тетрадь?|Do you write down unknown words in a separate notebook?
доехать	reach, get	Как доехать до вокзала?|How can I get to the station?
шуметь	make a noise, be noisy	Мои близнецы так шумят!|My twins are so noisy!
банальный	banal	Это довольно банальная история подростка из распавшейся семьи.|This is a quite banal story of a teenager from a broken home.
энергичный	energetic	В квартиру вошла энергичная женщина-врач.|An energetic female doctor came into the flat.
вложение	investment	Это значительно более выгодное вложение капитала.|This is a much more profitable investment.
олимпиада	Olympics, Olympiad	Инсбрук уже дважды был столицей зимних Олимпиад.|Innsbruck has twice hosted the Winter Olympics.
армянин	Armenian	В Лос-Анджелесе проживает полтора миллиона армян.|One and half million Armenians live in Los Angeles.
клавиатура	keyboard	Наберите на клавиатуре свой личный код.|Type your personal code on the keyboard.
медсестра	nurse	Медсестра измерила температуру больному.|The nurse measured the patient’s temperature.
букет	bouquet	В назначенное время он стоял у входа с роскошным букетом роз.|At the time agreed he stood by the entrance with a luxurious bouquet of roses.
вдова	widow	Она в 30 лет осталась вдовой.|She became a widow at 30.
европеец	European	Европеец оказался туристом из Германии.|The European was a German tourist.
меньшинство	minority	В этом регионе коренное население составляет меньшинство.|The indigenous people form a minority in this region.
обложка	cover	Такие лица бывают только на обложках журналов.|You only see faces like those on the covers of magazines.
бешеный	rabid, frantic	В деревне появились бешеные собаки, они кусают людей.|There are rabid dogs in the village; they are biting people.
купаться	bathe	Сегодня мы первый раз купались в море.|Today we bathed in the sea for the first time.
бал	ball	Я вспоминаю свой выпускной бал . . .|I remember my graduation ball . . .
ссора	quarrel, row	У нас произошла ужасная ссора, и я ушла.|We had a terrible row and I left.
восемьдесят	eighty	С тех пор прошло восемьдесят лет.|Eighty years have passed since then.
влюбленный	in love	Я был в нее безумно влюблен.|I was madly in love with her.
кран	tap	Я открыл кран, чтобы помыть руки.|I turned on the tap to wash my hands.
любоваться	admire	У нас нет времени, чтобы любоваться пейзажем.|We don’t have time to admire the scenery.
тряпка	cloth	Протри пол влажной тряпкой.|Wipe the floor with a damp cloth.
платный	paid, pay	Он оставил машину на платной стоянке.|He left the car at a paid car park.
аптека	pharmacy	Аптека находится рядом с гостиницей.|The pharmacy is next to the hotel.
треугольник	triangle	Постройте равносторонний треугольник.|Make an equilateral triangle.
запланировать	plan	Что вы запланировали на сегодня?|What have you got planned for today?
аппетит	appetite	Приятного аппетита!|Bon appetit!
презерватив	condom	Будьте добры, две пачки презервативов.|Two packs of condoms, please.
детектив	detective	Я с удовольствием читаю детективы.|I love to read detective novels.
напугать	scare, frighten	Сегодня меня напугала собака.|I was frightened by a dog today.
чеченец	Chechen	На территории этого региона проживают преимущественно чеченцы.|Mainly Chechens live in this region.
добровольный	voluntary	Заявили о добровольном уходе в отставку прежние главы Якутии и Карелии.|The former heads of the Yakutia and Karelia regions announced their voluntary retirement.
кошелёк	purse	Я открыла кошелек и пересчитала деньги.|I opened my purse and counted my money.
неправда	lie	Вы говорите неправду, молодой человек.|You’re telling a lie, young man.
витамин	vitamin	Нужно ли беременным принимать витамины?|Should pregnant women take vitamins?
простыня	bed sheet	Он лежал на чистой белой простыне.|He was lying on a clean white bed sheet.
наименование	name	В поле µБанк¶ указывают полное наименование банка.|Write the full name of your bank in the ‘Bank’ section.
фотоаппарат	camera	На шее у него болтался фотоаппарат.|A camera was hanging around her neck.
чистить	clean	Учите детей правильно чистить зубы.|Teach your children to clean their teeth properly.
девяносто	ninety	У нас учатся студенты из девяноста стран мира.|Students from ninety countries study here.
теряться	be lost	При сжатии файлов информация не теряется.|Data is not lost when files are compressed.
пятьсот	five hundred	Не могли бы вы разменять мне пятьсот рублей?|Could you give me change for five hundred rubles?
увлекаться	be enthusiastic	Мой брат увлекается спортом.|My brother is a sports enthusiast.
варить	cook, boil, make	Твоя мама варит такой вкусный борщ!|Your mum makes such good borscht!
смелость	courage	У меня на это не хватило смелости.|I didn’t have the courage for this.
капуста	cabbage	Это Юлин любимый салат из капусты.|This is Yulia’s favourite cabbage salad.
гладить	iron, stroke	Он нежно погладил кота.|He gently stroked the cat.
обедать	have lunch	Мы скоро будем обедать?|Will we have lunch soon?
уменьшаться	decrease, be reduced	При этом количество вредных выбросов уменьшается.|Thus the amount of harmful emissions is reduced.
тройка	figure of three, group of three,  mark of three	Единственная тройка у него по немецкому.|His only third-class mark was for German.
дружно	amicably, all at once	Мы все дружно рассмеялись.|We laughed all at once.
лить	pour	Вчера весь день лил дождь.|It poured down all day yesterday.
дизайнер	designer	Этот шкаф-купе разработали итальянские дизайнеры.|This sliding wardrobe was designed by Italian designers.
путешественник	traveller	На следующее утро путешественники отправились дальше.|The next morning the travellers set off further on their journey.
блондинка	blonde	Его жена — хорошенькая блондинка.|His wife is a pretty blonde.
бег	run, race	Школьники соревновались в беге на 30 метров.|The school children competed in a 30-metre race.
дырка	hole	Монеты выпали через дырку в кармане.|Coins fell through the hole in my pocket.
исламский	Islamic	Я благодарю также Президента Всемирного Исламского Университета доктора Хуссейна Хамида Хассана.|I thank also the President of the International Islamic University Dr Hussain Hamid Hassan.
поверх	over	Он взглянул на меня поверх очков.|He glanced at me over his glasses.
туристический	tourist	Туристическая виза выдается при предъявлении паспорта, обратного билета и ваучера из гостиницы.|Tourist visas are issued upon receipt of a valid passport, a return ticket and a hotel voucher.
КПРФ	Communist Party of the Russian  Federation	На выборах КПРФ набрала 12,6% голосов.|The Communist Party of  the Russian Federation scored 12.6% of the votes.
ёлка	(Christmas) tree, spruce	Всей семьей мы наряжали елку перед Новым годом.|As a whole family we decorated the Christmas tree for the New Year.
портить	spoil	Не порти мне настроение!|Don’t spoil my mood!
спичка	match	Простите, у вас нет спичек?|Have you got any matches, please?
проглатывать	swallow	Пациент проглатывает капсулу и запивает ее небольшим количеством воды.|The patient swallows the capsule and washes it down with a little water.
электроэнергия	electric power	Это простое устройство помогает экономить электроэнергию.|This simple device helps save electricity.
предлог	excuse, preposition	В косвенных падежах с предлогом к местоимениям 3 лица прибавляется н: у него, к ним, от нее.|In the oblique cases an н is added to third-person personal pronouns after a preposition (‘у него’, ‘к ним ’, ‘от нее’).
олимпийский	Olympic	Победу одержала олимпийская чемпионка Алина Кабаева.|The Olympic champion Alina Kabaeva gained victory.
извиняться	apologize	Я должен извиниться перед вами.|I must apologize to you.
холл	hall	В просторном холле кроме нас никого не было.|There was nobody but us in the large hall.
воровать	steal	Эти дети вынуждены воровать или попрошайничать.|These children are forced to steal or beg.
сочувствие	sympathy	Я выражаю глубочайшее сочувствие семьям, которые потеряли своих родных.|I express my deepest sympathy to families who have lost those close to them.
шумный	noisy	Кто вчера устроил шумную вечеринку?|Who organized yesterday’s noisy party?
прилавок	counter	Продавец стоит за прилавком.|The shop assistant is standing behind the counter.
ревность	jealousy	Раньше я никогда не испытывал ревности.|I didn’t use to be jealous.
доброта	kindness	Я всегда буду помнить вашу доброту.|I will always remember your kindness.
мотоцикл	motorcycle	Они сели на мотоцикл и поехали в ресторан.|They got on their motorcycle and set off to the restaurant.
закрытие	closing	30 марта состоялось торжественное закрытие чемпионата России по горнолыжному спорту.|The closing ceremony of the Russian Alpine Skiing Championship took place on the 30th of March.
кипеть	boil	На кухне кипит чайник.|The kettle is boiling in the kitchen.
туризм	tourism	Экологический туризм — бизнес XXI века.|Ecotourism is a business of the twenty-first century.
разводиться	get divorced	Что делать ребенку, если его родители разводятся?|What should a child do if his parents are getting divorced?
каникулы	vacation, holidays	Весенние каникулы длятся всего неделю.|The spring holidays last for just a week.
пожарный	fire-fighter	Пожарные эвакуировали 50-летнюю женщину, находившуюся в состоянии алкогольного опьянения.|Fire-fighters evacuated a 50-year-old woman who was in a drunken state.
пульт	control panel, remote control	Где пульт от телевизора?|Where’s the TV remote control?
классика	classics	Я люблю русскую классику.|I love the Russian classics.
удостоверение	certificate	У вас есть пенсионное удостоверение?|Do you have a pension certificate?
веко	eyelid	Он поднял веки и взглянул на меня.|He raised his eyelids and glanced  at me.
футбольный	football	Он смотрит по телевизору футбольный матч.|He’s watching the football match on television.
полюс	pole	Экспедиция отправляется на Северный полюс.|The expedition is setting off to the North Pole.
насекомое	insect	У всех насекомых по шесть ножек.|All insects have six legs.
жидкий	liquid	Тесто по густоте должно напоминать жидкую сметану.|The thickness of the mix should be like that of liquid sour cream.
гроза	storm	Под утро началась гроза.|The storm began in the early hours of the morning.
октябрьский	October	Его детство пришлось на первые годы после Октябрьской революции.|He grew up in the years that immediately followed the October Revolution.
разноцветный	multi-coloured	Девушки одеты в разноцветные купальники.|The girls were dressed in multi-coloured swimsuits.
сказочный	fairy-tale	Кто твой любимый сказочный персонаж?|Who is your favourite fairy-tale character?
чайный	tea	Добавьте одну чайную ложку меда.|Add a teaspoon of honey.
вправо	to the right	Наклонитесь вправо, достаньте ладонью пол.|Lean to the right and touch the floor with the palm of your hand.
энциклопедия	encyclopaedia	Посмотрите в энциклопедии статью µВулканизм¶.|Look up the article about ‘Vulcanism’ in the encyclopaedia.
проработать	work, work out	Давайте проработаем наш маршрут.|Let’s work out our journey.
тормоз	brake	Володя нажал на тормоз.|Volodya pressed the brake.
увезти	take away	Одного мальчика даже увезли в больницу с переломом ноги.|One boy was even taken to hospital with a broken leg.
будить	wake	Проводники бегают по вагону и будят пассажиров.|Conductors are going through the carriage and waking up passengers.
ноль	zero, null	На улице ноль градусов.|It’s zero degrees outside.
разрешаться	be allowed, be solved	В таком случае все возникающие вопросы будут разрешаться на месте.|In this case all issues that arise are solved on the spot.
принтер	printer	У меня сломался принтер.|My printer is broken.
ухаживать	care for, take care, court	Санитарка ухаживает за больным.|The nurse is taking care of the patient.
начинающий	amateur	Перед начинающим фотографом стоит много проблем.|An amateur photographer faces many problems.
белок	protein	1 грамм белка содержит примерно 4 кал.|1 gram of protein contains approximately 4 calories.
мороженое	ice-cream	Ну купи мне мороженое!|Get me an ice-cream then!
табак	tobacco	По оценкам экспертов, около 30% импортных сигар и табака ввозится в страну нелегально.|According to experts’ calculations, around 30% of imported cigars and tobacco enter the country illegally.
усиливаться	strengthen, get stronger	После полудня ветер усилился.|The wind became stronger in the afternoon.
отметка	mark	В начальной школе я получал только отличные отметки.|I had only excellent marks at primary school.
трусы	pants, boxers	В нашем интернет-магазине вы можете купить мужские трусы из качественных эластичных материалов.|You can buy men’s pants made from quality stretch fabric in our online shop.
вежливый	polite	Виталик был удивительно вежливым ребенком.|Vitalik was an amazingly polite child.
влево	to the left	Нажмите $OWстрелка влево.|Press Alt + the left arrow key.
повар	chef, cook	Повар приготовил рыбу.|The chef cooked fish.
устный	oral	Вечером того же дня я сделал устный доклад своему командиру.|On the evening of the same day I gave an oral report to my commander.
известность	celebrity, fame	Открытие получило мировую известность.|The discovery received world fame.
мусульманский	Muslim	Местная мусульманская община — одна из самых активных в стране.|The local Muslim community is one of the most active in the country.
пена	foam	Вы используете пену для бритья?|Do you use shaving foam?
Будда	Buddha	Монах встал лицом к статуе Будды.|The monk stood facing the statue of Buddha.
настоящее	present	Мы несем ответственность за настоящее и будущее России.|We are responsible for the present and future of Russia.
огурец	cucumber	Коты не едят огурцов.|Cats don’t eat cucumbers.
подоконник	windowsill	На подоконнике спала кошка.|A cat was sleeping on the windowsill.
постучать	knock	Я надеялась, что вы постучите, прежде чем входить.|I hoped that you would knock before coming in.
телеканал	TV channel	Этот телеканал вещает на большую часть России.|This television channel broadcasts to most parts of Russia.
толщина	thickness	Толщина льда в этом году на реках достигает 40—50 см.|This year the thickness of river ice is up to 40–50 cm.
низко	low	Черная птица летела низко над водой.|A black bird was flying low above the water.
пленный	captive, prisoner	Время, истраченное на допросы пленных, не пропало даром.|The  time spent interrogating the prisoners was not in vain.
трижды	three times	Неизвестный в маске трижды выстрелил в нее.|A masked stranger shot at her three times.
багаж	luggage	Мы сдали багаж в камеру хранения.|We put our luggage in the luggage locker.
веб	web	Он занимается веб-дизайном.|He’s a web designer.
глагол	verb	Вы заметили, что есть пары глаголов, отличающиеся по виду?|Have you noticed that there are pairs of verbs that differ in aspect?
жевать	chew	Коровы лениво жевали сено.|The cows were idly chewing the hay.
завтрашний	tomorrow’s	Ты подготовилась к завтрашнему экзамену?|Are you ready for tomorrow’s exam?
открытка	postcard	Брат прислал мне открытку из Венеции.|My brother sent me a postcard from Venice.
ВИЧ	HIV	Диагноз ВИЧ у него не подтвердился.|It was confirmed that he did not have HIV .
рекорд	record	Американский экипаж установил рекорд трассы — 55,65 сек.|The American team set a new track record: 55.65 seconds.
электричка	train	В Лобне электричка не останавливается.|The train doesn’t stop in Lobna.
прощание	farewell	Было видно, как он машет на прощание рукой.|We could see him waving us farewell.
цирк	circus	Раньше он постоянно ходил в цирк смотреть акробатов и фокусников.|He always used to go to the circus to watch the jugglers and acrobats.
приземляться	land	Самолет приземлился в аэропорту Пекина.|The plane landed at Beijing airport.
см	cm, centimetre	Размеры изделия: высота 75 см, длина 60 см, ширина 40 см.|Product dimensions: height: 75 cm, length: 60 cm, width: 40 cm.
нищий	beggar	Надо ли подавать нищим?|Should we give to beggars?
посылка	parcel	Раз в месяц приходила посылка от бабушки: сало, яйца, варенье.|I used to get a parcel of lard, eggs and jam from my grandmother every month.
верующий	believer	Немалых усилий стоило верующим восстановить собор.|It took believers  a lot of hard work to restore the cathedral.
хакер	hacker	Хакер взломал базы данных кредитной компании.|The hacker hacked the databases of a credit company.
встречный	counter, oncoming	Когда появляется встречный транспорт, необходимо переключать дальний свет фар на ближний.|You should dip your headlights for oncoming traffic.
география	geography	Я два раза проваливала экзамен по географии.|I failed the geography exam twice.
сборная	team	Он был спортсменом, входил когда-то в состав юношеской сборной Москвы.|He was a sportsman and for a time was in the Moscow youth team.
вероятно	probably	Вы, вероятно, ошиблись адресом.|You’ve probably got the wrong address.
перекрёсток	crossroads	Попросите таксиста остановиться на перекрестке.|Ask the taxi driver to stop at the crossroads.
поздравление	congratulation,   greetings	Ученый принимал поздравления коллег, праздновал успех.|The scientist accepted congratulations from his colleagues and celebrated his success.
горько	bitter	Я горько плакал, слушая эти ужасные слова.|I cried bitterly when I heard these terrible words.
теракт	terrorist attack	Силы безопасности предотвратили теракт на севере страны.|Security services prevented a terrorist attack in the north of the country.
заинтересоваться	become interested	Этим проектом заинтересовались в Голливуде.|Hollywood became interested in this project.
крем	cream	Нанесите на кожу крем.|Apply cream to the skin.
близнец	twin	Мы сейчас с ней как сиамские близнецы.|She and I are now like Siamese twins.
горячо	hot	Ой, как горячо!|Oh, it’s so hot!
переезд	move, railway crossing	Подъезжаем к железнодорожному переезду.|We’re coming up to the railway crossing.
балет	ballet	В этот вечер мы смотрели балет с участием Плисецкой.|This evening we watched a ballet in which Plisetskaya was performing.
биология	biology	Бориса Ивановича пригласили читать лекции по биологии в университете.|Boris Ivanovich was invited to give lectures on biology at the university.
хвалить	praise	Хвалите ребенка за каждый его успех.|Praise a child for every one of his achievements.
дежурный	on duty	Он вызвал дежурную медсестру.|He called the nurse who was on duty.
джинсы	jeans	Они одеваются в джинсы, майки и спортивные куртки.|They wear jeans, T-shirts and sports jackets.
стадион	stadium	Болельщики заполнили трибуны стадиона.|Supporters filled the stadium.
прохладный	cool	Был тихий прохладный вечер на исходе лета.|It was a quiet, cool evening at the end of summer.
документальный	documentary	А документальное кино вам никогда не хотелось снять?|Have you never fancied filming a documentary?
комфорт	comfort	Задача сети наших магазинов — создавать комфорт и уют в каждом доме.|The aim of our chain is to bring comfort and cosiness to every home.
факс	fax	Вы отправили факс в Новосибирск?|Did you send the fax to Novosibirsk?
перенос	hyphen, transfer	При переносе файлов в другой каталог следует соблюдать осторожность.|Be careful when transferring files to another folder.
стирать	wash, wipe	Мужчина был бледен и стирал пот со лба.|The man was pale and he wiped sweat from his brow.
запасной	spare	Не забудьте прихватить запасной аккумулятор вместе с камерой.|Don’t forget to get a spare battery with the camera.
сонный	sleepy	— Алло, — послышался в трубке сонный голос Дмитрия.|‘Hello’ , Dmitry’s sleepy voice sounded over the telephone.
ненадолго	for a (short) while,   not for long	Я к вам ненадолго, всего на две недели.|I’m not going to be with you for long: just two weeks.
гимн	hymn, anthem	Все встали и запели гимн.|Everyone stood and sang the national anthem.
шестнадцать	sixteen	Лимузин Президента России весит шестнадцать тонн.|The Russian president’s limousine weighs sixteen tonnes.
бульвар	alley	Они каждый день гуляют по бульвару.|They walk along the alley every day.
присниться	have a dream (nightmare)	Мне такой кошмар приснился.|I had such a nightmare.
бокс	boxing	Ищу секцию бокса, желательно недалеко от метро Кунцево.|I’m looking for a boxing gym, preferably near the Kuntsevo Metro station.
патриот	patriot	Человек этот и в плену остался патриотом.|This man remained a patriot even while in captivity.
десятка	ten, figure of ten, ten rubles	Он входит в десятку сильнейших автогонщиков Европы.|He’s one of the top ten racing car drivers in Europe.
шёлковый	silk	На ней была шелковая блузка.|She was wearing a silk blouse.
шить	sew	Мама умела шить и вышивать, хорошо готовила.|Mum could sew and embroider, and she was a good cook.
уборка	clean, cleaning, harvest	Началась уборка урожая.|The harvest has begun.
двадцатый	twentieth	Когда закончился двадцатый век и начался двадцать первый?|When did the twentieth century end and the twenty-first begin?
промолчать	remain silent	Надо было промолчать.|It was necessary to remain silent.
наружный	exterior, outside	Наружное освещение выключено.|The outside lights are switched off.
прихожая	hallway	За дверью была небольшая прихожая.|There was a small hallway on the other side of the door.
университетский	university	У меня комната в университетском общежитии.|I have a room in  a university hall of residence.
орех	nut	Внимание: продукт содержит орехи.|Warning: this product contains nuts.
тормозить	brake, freeze (slang)	У меня компьютер тормозит.|My computer keeps freezing.
взвешивать	weigh	Продавец взвешивает колбасу и сыр.|The shop assistant is weighing the sausage and cheese.
котёнок	kitten	Это был очень маленький котенок.|It was a very small kitten.
раковина	shell, sink	Вдруг он заметил прекрасную перламутровую раковину.|He suddenly noticed a beautiful pearl shell.
вилка	fork	Вы посмотрите, как она держит вилку!|Just look how she holds her fork!
страховка	insurance	Многие туристы стремятся оформить страховку подешевле.|Many tourists try to take out cheaper insurance.
аккуратный	neat, exact	Комнатка у нее чистенькая, аккуратная, салфеточки везде.|Her room is  clean and tidy; there are lace doilies everywhere.
целоваться	kiss	На скамейках вдоль берегов реки целуются парочки.|Couples were kissing on the benches positioned along the banks of the river.
счастливо	happily, good luck	Ну, счастливо. Вспоминай меня иногда.|Good luck! Remember me from time to time.
скульптура	sculpture	Эту скульптуру создал знаменитый скульптор Александр Опекушин.|This sculpture is the work of the famous sculptor Aleksander Opekushin.
стоп	stop	А ну, стоп! Куда пошла?|Stop! Where are you going?
читаться	be read, be pronounced	Гласные в испанском языке читаются так же, как и пишутся.|Vowels in Spanish are pronounced as they are written.
скамья	bench	В парке до сих пор стоит эта скамья.|The bench remains in the park to this day.
неприятно	unpleasantly	Тут так неприятно пахнет!|There’s  an unpleasant smell here!
пуговица	button	Мужчина застегивает пуговицы рубашки.|The man is fastening his shirt buttons.
шоколад	chocolate	Шоколад — это полезный продукт.|Chocolate is good for you.
террористический	terrorist	До сих пор неизвестна террористическая группировка, учинившая беспорядки в Дели.|It’s still unknown which terrorist group is responsible for the attacks in Delhi.
виновный	guilty	Его признали виновным в хулиганском нападении.|He was found guilty of hooliganism.
ленивый	lazy	Жаль, что ты такая ленивая.|It’s  a shame that you’re so lazy.
оптимизм	optimism	Мы не теряем оптимизма.|We’re still optimistic.
восемнадцать	eighteen	Я восемнадцать лет работаю учителем.|I have been working as a teacher for eighteen years.
шахматы	chess	У нас многие играют в шахматы.|Many people play chess here.
африканский	African	Многие птицы зимуют на африканском континенте.|Many birds spend the winter in Africa.
гибнуть	die	Значит, будут жертвы, будут гибнуть люди.|This means that there will be victims, that people will die.
укол	injection	Мне сделали укол и сказали лежать.|I was given an injection and told to lie down.
раздавать	distribute, hand out	Дед Мороз со Снегурочкой раздавали подарки.|Father Christmas and the Snow Maiden handed out presents.
вешать	hang	В кабинете раздавались голоса, когда я вешал пальто и шляпу на вешалку.|Voices were blaring out in the office while I was hanging up my coat and hat.
лыжа	ski	В эти выходные мы катались на лыжах.|We went skiing this weekend.
правильность	accuracy	Переводчик проверит правильность перевода, сделанного машиной.|The translator will check whether the machine translation is accurate.
Венера	Venus	Очередная экспедиция к Венере была намечена на 1981 год.|The next trip to Venus was planned for 1981.
обучаться	learn, be trained	Он поступил в консерваторию, где обучался игре на скрипке.|He got a place at the School of Music where he learned to play the violin.
племянник	nephew	Это Ваня и Сережа, мои племянники.|This is Vanya and Seryozha, my nephews.
антенна	antenna	У нас в деревне есть коллективная спутниковая антенна.|There is a satellite antenna for multiple users in our village.
пополам	fifty-fifty, in half	Всю прибыль делим пополам.|We’ll split all the profit in half.
воспитатель	nursery teacher	С ребятами целый день занимались воспитатели и учителя.|Nursery teachers spent a whole day working with the children.
взлёт	take-off	Сразу же после взлета стюардессы всем раздали наушники.|The air hostesses gave out earphones as soon as the plane had taken off.
приветствие	greeting	Женщины обменялись приветствиями.|The women exchanged greetings.
извинение	excuse, apology	Он попросил извинения за беспокойство.|He apologized for the trouble.
пропуск	pass, permit, absence	Сотрудники предъявляли пропуск.|The employees showed their pass.
классик	classical author	Я мало читал классиков.|I didn’t read classical authors very much.
поликлиника	outpatient clinic	Можно ли вызвать на дом врача из районной поликлиники?|Can I request a home visit by a doctor from the local outpatient clinic?
грипп	flu	Десять дней назад она заболела гриппом.|She caught flu ten days ago.
неудобно	uncomfortable, uneasy	Миша, мне как-то даже неудобно говорить тебе об этом.|Misha,  I somehow feel uneasy about discussing this matter with you.
указатель	road sign, sign, mark	Судя по указателю, до Иркутска 442 километра.|Judging by the road sign,  it’s 442 kilometres to Irkutsk.
алкогольный	alcoholic	Пиво — это алкогольный напиток.|Beer is an alcoholic drink.
тёща	mother-in-law	Ипполит Матвеевич не любил свою тещу.|Ippolit Matveevich didn’t like his mother-in-law.
ягода	berry	Наташа стоит около куста смородины и собирает ягоды в тазик.|Natasha is standing next to the currant bush and putting the berries into a bowl.
продлевать	prolong	Положительные эмоции продлевают жизнь.|Positive emotions prolong life.
испуг	fright	Вдруг у нее на лице появился испуг.|An expression of fright suddenly appeared on her face.
контейнер	container, box, skip	Мы собираемся установить новые контейнеры для раздельного сбора бытовых отходов.|We’re planning to install some new skips so that household waste can be sorted.
лысый	bald	— Эй, ты! — заорал лысый толстяк-сторож.|‘Oi, you!’ , the bald and overweight security guard shouted.
причёска	hairstyle, haircut	Таня, тебе очень идет новая прическа.|Tanya, your new haircut really suits you.
праздновать	celebrate	27 марта весь католический мир праздновал Пасху.|Easter was celebrated all over the Catholic world on the 27th of March.
различаться	differ	Люди различаются полом, цветом кожи, разрезом глаз.|People differ in sex, skin colour and the shape of their eyes.
сытый	satiated, be full	Я так сыта, что даже не могу смотреть на этот торт.|I’m so full that I can’t even look at that cake.
бутерброд	open sandwich	Они ели бутерброды и запивали их кофе из термоса.|They ate sandwiches and drank coffee from a flask.
комар	mosquito	Меня искусали комары!|I’ve been bitten by mosquitoes!
четырнадцать	fourteen	Роман µПреступление и наказание¶ я прочел в четырнадцать лет.|I read Crime and Punishment when I was fourteen years old.
выдыхать	exhale, breathe out	Сделайте глубокий вдох и медленно выдохните.|Take a deep breath and then slowly exhale.
студентка	student (female)	Я — студентка факультета романо-германской филологии.|I’m a student at the Faculty of Romano-Germanic Philology.
диктовать	dictate	Мы не договариваемся с ними, мы диктуем свои условия.|We dictate the conditions; we don’t bargain with anyone.
каблук	heel	Я ношу обувь на высоком каблуке.|I wear high-heeled shoes.
кухонный	kitchen	Мы заказали комплект кухонной мебели.|We’ve ordered a full range of kitchen furniture.
наземный	ground, overground	Весь наземный транспорт Праги ходит по расписанию.|Overground transport in Prague runs according to the timetable.
мобильник	mobile phone	Она отключила мобильник.|She turned off her mobile phone.
мостик	small bridge, command bridge	Он ни на минуту не покидал капитанского мостика.|He didn’t leave the command bridge for a minute.
арена	arena, stage	Август 1991 года вывел на политическую арену Алтая новых лидеров.|August 1991 saw the emergence of new leaders on the Altai political arena.
зубной	dental, tooth	Мне нужно купить зубную щетку.|I need to buy a toothbrush.
казино	casino	Они всю ночь играли в казино.|They were gambling the whole night.
догадка	guess, speculation, suspicion	Думаю, догадка моя подтвердится.|I think that my suspicions will be  confirmed.
абзац	paragraph	Прочитай этот абзац еще раз.|Read this paragraph once more.
экономить	save	Это позволяет экономить время и электроэнергию.|It enables you to save time and electricity.
няня	nanny, nurse	Няня рассказывала ей о том, что происходит в большом городе.|The nanny told her about life in the big city.
тост	toast	Два яйца в мешочек, тост с маслом и джемом, сок.|Two soft-boiled eggs, toast with butter and jam, and juice.
вблизи	nearby, close up	Интересно посмотреть вблизи на океанские танкеры.|It’s interesting to look at ocean liners close up.
умеренный	moderate	Здесь приятный, умеренный климат.|The climate here is pleasant and moderate.
дискотека	disco	Они ходят на дискотеки по субботам.|They go to discos on Saturdays.
несправедливый	unfair	Он подает жалобу на несправедливое увольнение.|He’s going to put in  a complaint for unfair dismissal.
солёный	salt(y)	Отварите грибы в соленой воде.|Boil the mushrooms in salt water.
купе	compartment, coupe	В купе едут два пассажира.|There are two passengers in the compartment.
суша	(dry) land	Русская армия одержала немало славных побед на суше и на море.|The Russian army has had many famous victories on land and at sea.
град	hail	Лил проливной дождь с градом.|There was heavy rain and hail.
комплимент	compliment	Мне наговорили столько комплиментов!|I was paid so many compliments!
бланк	form	Вам предложат заполнить бланк, необходимый для прохождения паспортного контроля.|You should fill out the form that you need to get through passport control.
Пасха	Easter	Вы будете печь куличи к Пасхе?|Are you going to bake kulichi for Easter?
голландский	Dutch	Рембрандт Херменс ван Рейн — голландский живописец.|Rembrandt Harmenszoon van Rijn was a Dutch painter.
модем	modem	Почти все модемы способны собирать статистику в течение сеанса связи.|Almost all modems are able to gather statistics when they are connected.
ректор	rector	Ректор университета торжественно вручил нам дипломы.|The Vice-Chancellor of the University ceremoniously handed us our degrees.
земляк	fellow countryman	В армии я встречаю много земляков.|I meet several fellow countrymen in the army.
нулевой	zero, no	У них нулевые шансы на победу.|They’ve got no chance of winning.
немедленный	immediate	Эта болезнь требует немедленного лечения.|This disease requires immediate treatment.
растительный	vegetable	Они содержатся во многих продуктах растительного происхождения.|They are contained in many vegetable products.
тесто	dough	Никто не умеет делать тесто для пиццы лучше меня.|Nobody makes pizza dough better than me.
картофель	potatoes	Я не ем картофель, зато очень люблю рис.|I don’t eat potatoes, but I really like rice.
зарегистрироваться	register, check in	Сколько времени нужно, чтобы зарегистрироваться в отеле?|How much time do we need to check-in at the hotel?
пятёрка	figure of five, group of five,  grade five (= E), five roubles	Ты мне не одолжишь пятерку до зарплаты?|Can you lend me a fiver until I get paid?
внучка	granddaughter	Полина — его единственная внучка.|Polina is his only granddaughter.
плеер	portable disk or tape player,  walkman	Ты слушаешь плеер в метро?|Do you listen to your walkman in the Metro?
часовой	security guard	Самолет постоянно охраняют часовые.|Security officials are keeping constant guard over aircraft.
курение	smoking	В общественных местах курение запрещено.|Smoking is forbidden in public places.
семнадцать	seventeen	Сегодня будет семнадцать градусов мороза.|It’s going to be minus seventeen today.
азиатский	Asian	Это крупнейшая азиатская авиакомпания.|This is a major Asian  air company.
аккумулятор	rechargeable battery	Аккумулятор обеспечивает автономную работу ноутбука в течение примерно двух часов.|A laptop has approximately two hours of battery life.
корона	crown	Великий князь Михаил отказался принять корону.|Great Prince Mikhail refused to take the crown.
украинец	Ukrainian	Я — украинец.|I’m Ukrainian.
блокнот	notebook	Официант записал заказ в блокнот.|The waiter wrote down the order in his notebook.
закуска	appetizer, snack	Вяленая рыба — самая популярная закуска к пиву в России.|Dried fish is the most popular beer snack in Russia.
почерк	handwriting	У него был особый талант: узнавать людей по почерку|He had a special talent: he could recognize people by their handwriting.
супермаркет	supermarket	Она выходила из дома только в ближайший супермаркет за продуктами и необходимыми мелочами.|She  left the house only to go to the nearby supermarket to buy groceries and other essential items.
коза	goat, she-goat	На поляне паслись козы.|Goats were grazing in the glade.
перелом	bone fracture, turning point	Сталинградская битва положила начало коренному перелому в ходе войны.|The battle of Stalingrad marked a turning point in the war.
весить	weigh	Когда я заканчивала школу, весила сорок семь килограммов.|I weighed forty- seven kilograms when I finished school.
майка	T-shirt	Тут к нам подходит здоровый парень в желтой майке.|A young strong lad in a yellow T-shirt is coming towards us.
унитаз	toilet bowl	Она спустила воду в унитазе и открыла дверь кабинки.|She flushed the toilet and opened the cubicle door.
ресница	eyelash	У нее такие длинные ресницы!|She has such long eyelashes!
слог	syllable	В этом слове ударение на втором слоге.|Stress is on the second syllable in this word.
торт	cake	Дайте, пожалуйста, кусочек торта.|Can I have a piece of cake, please?
финн	Finn	Этот завод строили финны.|The Finns built this factory.
жадный	greedy	Я видела их жадные глаза.|I could see their greedy eyes.
несовершеннолетний	minor, juvenile	Для несовершеннолетних прокуратура просила отбывание наказания в воспитательных колониях.|The prosecutors ordered that the minors serve their sentence at juvenile correction facilities.
магнитофон	tape recorder	Он включил магнитофон и отошел к окну.|He turned on the tape recorder and walked over to the window.
самостоятельность	independence	Однажды вечером я решила проявить самостоятельность и поехала сама заправлять машину.|One evening I decided to show how independent I was and I refuelled the car myself.
пятка	heel	У малыша маленькие розовые пяточки.|The baby has small pink heels.
развитой	developed	Здесь развитая туристическая инфраструктура.|Tourism infrastructure is well-developed here.
провайдер	provider	Возникли проблемы на сервере нашего провайдера.|There were problems on our provider’s server.
чат	chat room, chat	Заходи в чат почаще.|Come into the chat room more often.
линейка	ruler	Шестеро мужчин что-то мерили линейкой по карте города.|Six men were measuring something with a ruler on the town map.
ненормальный	abnormal	Это человек психически ненормальный.|This person is mentally abnormal.
патриотизм	patriotism	Тема советского патриотизма часто повторялась в стихах Евтушенко.|The theme of Soviet patriotism was broached many times in Yevtushenko’s poems.
цент	cent	Он получал по 1 доллару и 78 центов за час работы.|He earned 1 dollar and 78 cents an hour.
вывеска	sign, signboard	Над дверью магазина висела вывеска.|There was a sign above the shop door.
дворянин	nobleman	Русские дворяне находились в тесных связях с французскими.|Russian and French noblemen had strong ties.
тринадцать	thirteen	В микроавтобусе поедут тринадцать человек.|Thirteen people will travel in the minibus.
въезд	entrance	Въезд во двор перегорожен чьей-то машиной.|Somebody’s car is blocking the entrance to the yard.
загрязнение	pollution	Меня всегда волновала проблема загрязнения окружающей среды.|I’ve always been worried about pollution.
рыбный	fish	Они отправились в рыбный ресторанчик на набережной.|They went to a fish restaurant on the embankment.
чек	cheque	Зарплату получаете чеком.|You are paid by cheque.
троллейбус	trolley bus	Когда подошел троллейбус, мы сели в него.|We got on the trolleybus when it arrived at the stop.
непонимание	misunderstanding,   lack of understanding	Взаимное непонимание мы переживали очень болезненно.|The mutual misunderstanding caused us much distress.
ПК	PC	У вас есть навыки работы на ПК?|Do you have PC skills?
корм	feed	Эта компания производит корма для сельскохозяйственных животных.|This company produces animal feed.
зоопарк	zoo	Давай сходим в зоопарк.|Let’s go to the zoo.
певица	singer (female)	Я хорошо знал его семью, жену Нину — оперную певицу.|I knew his family well; his wife Nina was an opera singer.
греметь	thunder	Гром гремел реже и глуше.|The thunder occurred less often and wasn’t as loud.
занавеска	curtain	Настя задернула занавеску.|Nastya drew the curtain.
кастрюля	saucepan	Постепенно наливайте в кастрюлю горячее молоко, постоянно помешивая.|Gradually pour the hot milk into the saucepan and mix constantly.
свитер	sweater	Я решил надеть свитер.|I decided to put a sweater on.
помидор	tomato	Вы любите помидоры?|Do you like tomatoes?
замужем	married (woman)	Старшая дочь давно замужем, у нее трое детей.|Our eldest daughter has been married for a long time; she has three children.
плыть	swim, sail	Хорошо плыть по морю на таком корабле!|It’s good to sail at sea on a ship like this!
празднование	celebration	Мы хотели обсудить празднование дня рождения Миши.|We wanted to discuss Misha’s birthday celebration.
сухо	dry(ly)	На улице сухо, грязи и луж нет.|It’s dry outside; there are no puddles or mud.
низ	bottom	В самом низу экрана есть четыре кнопки.|There are four buttons at the bottom of the screen.
монолог	monologue	Ее монолог прервал звонок в дверь.|Her monologue was cut short when the doorbell rang.
повышаться	rise	При многих заболеваниях повышается температура тела.|Many illnesses  are accompanied by a rise in body temperature.
зять	son-in-law	Мама была не рада браку дочери, она не любила зятя.|The mother wasn’t happy about her daughter’s marriage; she didn’t like her son-in-law.
поднос	tray	В дверях кухни появилась официантка с подносом.|A waitress carrying a tray appeared at the kitchen door.
автомашина	car	Впереди движется легковая автомашина.|There is a car in front of us.
убитый	murdered, killed	В подвале нашли убитую девушку.|The murdered girl was found in the basement.
фиолетовый	purple	Не стоит постоянно носить одежду фиолетового цвета.|There’s no point  in wearing purple clothes all the time.
сбоку	at the side	Съемки шли снизу, сбоку и сверху с вертолетов.|Shots were taken from below, from the side, and from above from helicopters.
ваза	vase, bowl	На столе хрустальная ваза, доверху наполненная яблоками.|A crystal  vase full to the brim of apples was on the table.
выпрямляться	straighten up	Он медленно выпрямился.|He slowly straightened up.
добавка	supplement, addition, more	Он все съел и еще добавки попросил.|He ate everything and asked for even more.
светло	light	В комнате Любови Тимофеевны светло и чисто.|It’s light and clean in Lyubov Timofeevna’s room.
развязывать	untie	Он снял пиджак и развязал галстук.|He took off his coat and untied his tie.
профессионализм	professionalism	Никто не сомневается в вашем высоком профессионализме.|Nobody doubts the high level of your professionalism.
перец	pepper	Мелко нарежьте три стручка сладкого перца.|Finely dice three sweet peppers.
быстрота	speed	С молниеносной быстротой они очутились у машин, что стояли под мостом.|At breakneck speed they got to the cars that were under the bridge.
полуостров	peninsula	Высокие берега полуострова покрыты густой тайгой.|The high shores of  the peninsula are covered in dense Taiga forest.
измерять	measure	Как измерить расстояние от Земли до Солнца?|How do you measure the distance from the Earth to the Sun?
блог	blog	Популярность блога растет с каждым днем.|The blog is becoming more popular each day.
отходы	waste, refuse	Перед тем как утилизировать бытовые отходы, их сортируют.|Household waste is sorted before it is disposed of.
некрасивый	not attractive	Я некрасивый, зато умный.|I might not be attractive, but I am clever.
жареный	roasted, fried	Я приготовила жареную картошку.|I cooked fried potatoes.
коктейль	cocktail, shake	Мы заказали коктейли, потом спагетти и красное вино.|We ordered cocktails, then spaghetti and red wine.
пешеход	pedestrian	Пешеход переходил проезжую часть в неположенном месте.|The pedestrian crossed the road in the wrong place.
нелегко	with difficulty, hard	Вам, должно быть, нелегко живется.|Life must be hard for you.
иудей	orthodox Jew	Видимо, иудеи по-другому смотрят на эти вещи.|Orthodox Jews clearly view things differently.
пословица	saying	Старая русская пословица говорит: µДрузья познаются в беде¶.|According to an old Russian saying: ‘a friend in need is a friend indeed’ .
буфет	cafeteria, sideboard	Он достал из буфета четыре чашки с блюдцами.|He took 4 cups and saucers out of the sideboard.
грамматика	grammar	Ты не ответил ни на один вопрос по грамматике.|You didn’t answer any of the grammar questions.
подданный	national, subject	Он — британский подданный.|He’s  a British national.
боксёр	boxer	Я считаю, что он выдающийся боксер.|I think that he’s an excellent boxer.
парта	school desk	Мы с ней просидели десять лет за одной партой.|She and I spent ten years sitting at the same school desk.
стипендия	scholarship	Курсанты получают стипендию 1800 рублей, бесплатное обмундирование и питание.|Military trainees receive a maintenance grant of 1,800 rubles, a free uniform and food.
лень	laziness	Все ваши проблемы — из-за собственной лени.|All of your problems are down to your own laziness.
банан	banana	Маленькая девочка чистила банан и бросала шкурки прямо на пол.|The little girl peeled the banana and threw the skin straight on the floor.
отопление	heating	Как жили наши далёкие предки без света, горячей воды и центрального отопления?|How did our ancient ancestors live without light, hot water and central heating?
радуга	rainbow	На небе появилась радуга.|A rainbow formed in the sky.
киоск	small shop, kiosk	Туристическая карта Казани продается в любом киоске.|Tourist maps of Kazan’  are sold at any kiosk.
полезность	usefulness, utility	Производители этого продукта доказывают его полезность.|The manufacturers of this product are showing how useful it is.
вакансия	vacancy	На Радио Максимум открылась вакансия копирайтера в креативном отделе.|There’s a vacancy for a copy-writer in the creative department at Radio Maximum.
продавщица	shop assistant (female)	— Какого размера? — спросила продавшица.|‘What size?’ asked the shop assistant.
брошюра	brochure	Корпорация выпустила бесплатную брошюру µПокупка дома: Шаг за шагом¶.|The corporation has published a brochure: ‘A Step-by-Step Guide to Buying a House’ .
алфавит	alphabet	Ч >че @ — двадцать пятая буква русского алфавита.|Ч (ch) is the twenty-fifth letter of the Russian alphabet.
одноклассник	schoolmate	Мы часто встречаемся с бывшими одноклассниками.|We often meet up with our old schoolmates.
сладко	sweet(ly)	На лестничной площадке сладко пахнет пирогами.|There is a sweet smell of pies on the landing.
негромко	not loud, quietly	Засыпая, я слышал, как негромко переговаривались отец с матерью.|Falling asleep, I could hear mum and dad talking quietly.
втроём	three (people)	Мы стояли втроем под большим зонтом.|The three of us were standing under a big umbrella.
испанец	Spaniard	За рулем сидел незнакомый молодой испанец.|An unknown young Spaniard was behind the wheel.
гид	(tour) guide	Опытный гид расскажет вам об истории Брюсселя.|The experienced guide will tell you about the history of Brussels.
ужинать	have dinner	Родители садятся ужинать ровно в восемь.|My parents sit down to eat dinner at eight o’clock on the dot.
налогоплательщик	taxpayer	Это планируется сделать за счет налогоплательщиков.|This is planned to be at the expense of the taxpayer.
запрещаться	prohibit	Запрещается реклама алкогольной и табачной продукции на телевидении.|It’s prohibited to advertise alcohol or tobacco products on television.
четвёрка	figure of four, group of four,  grade four	В 1937 году советские летчики высадили на Северном полюсе отважную четверку папанинцев.|In 1937 Soviet airmen took four brave members of the Papanin polar expedition to the North Pole.
супер	super, great	Она выглядит экзотично, стильно, просто супер.|She looks exotic, stylish: simply great.
уводить	take away	Уведите ее домой!|Take her home!
весы	scale(s), balance	Весы показали 80 килограммов 200 граммов.|The scales showed 80 kilograms and 200 grams.
поперёк	across	Дерево упало поперек дороги.|The tree fell across the road.
взрослеть	mature	Жизнь заставляла нас быстро взрослеть.|Life forced us to mature quickly.
посередине	in the middle	На фотографии слева — мама, справа — бабушка, а посередине я.|Mum is on the left of the photograph, grandma on the right and I’m in the middle.
выздоравливать	recover	Ребенок быстро выздоравливает.|The child is recovering quickly.
обменивать	exchange	Где можно обменять валюту на рубли?|Where can I exchange foreign currency for rubles?
безработный	unemployed	Он больше всего боится стать безработным.|His biggest fear is becoming unemployed.
сгибать	bend	При выполнении этого упражнения не сгибайте ноги в коленях.|Don’t bend your knees when doing this exercise.
перекусывать	have a snack, eat	На работе я не успела перекусить.|I didn’t get time to have anything to eat at work.
прибивать	fasten (by nailing)	Он прибил решетки на все окна.|He fastened bars to all the windows.
одалживать	lend, borrow	Часто ли вам приходится одалживать у кого-то деньги?|Do you often need to borrow money from people?
спонтанный	spontaneous	Спонтанная речь произносится со средней скоростью 2,5 слов в секунду.|Spontaneous speech is produced with the average speed of 2.5 words per second.
вычёркивать	strike out	Ее имя было вычеркнуто из списка кандидатов.|Her name was struck off the list of candidates.
общительный	sociable	Сашка очень общительный и веселый парень.|Sashka is a very sociable and happy boy.
выключатель	switch	Где тут выключатель?|Where’s the switch?
простуда	cold	Это всего лишь легкая простуда.|It’s just a slight cold.
бинт	bandage	Медсестра перевязала мне бинтом руку.|The nurse bandaged my hand.
заглавие	title	Само заглавие статьи указывало на геологическую тему.|The very title of the article hinted at its geological theme.
восьмидесятый	eightieth	Он поднялся на восьмидесятый этаж и вышел на крышу.|He went up to the eightieth floor and went on the roof.
пересказывать	retell	Я не имею права пересказывать вам содержание нашей беседы.|I am  not authorized to tell you what we discussed.
шестьсот	six hundred	Шестьсот тысяч рублей — большие деньги.|Six hundred thousand rubles is big money.
распродажа	clearance sale	Эти симпатичные футболки я купила на распродаже.|I bought these nice sports shirts in a clearance sale.
семеро	seven (people)	Ты знаешь сказку про волка и семерых козлят?|Do you know the tale about the wolf and the seven little kids?
творог	cottage cheese	Нас угощали творогом и парным молоком.|We were given cottage cheese and fresh milk.
сметана	sour cream	Юра, положи себе в борщ сметану.|Yura, put sour cream in your borscht.
аплодировать	applaud, cheer	Благодарные зрители аплодировали артистам.|The grateful viewers applauded the artists.
гель	gel	Гели для душа есть в любом супермаркете.|You can get shower gel at any supermarket.
комикс	comics	Как все дети, я страшно любил комиксы.|Like all children, I really liked comics.
мёрзнуть	freeze	У меня все время мерзнут руки и ноги.|My hands and legs keep freezing.
мерить	measure, try	Она может три часа провести у зеркала, меряя наряды.|She can spend three hours in front of the mirror trying on clothes.
спортзал	gym	Он дважды в неделю посещает спортзал.|He goes to the gym twice a week.
мочить	soak, kill (slang)	Намочите волосы.|Soak your hair.
пресный	flavourless, fresh (water)	В этом регионе не хватает пресной воды.|There isn’t enough fresh water in this region.
каток	ice rink	Мы сегодня пойдем на каток?|Are we going to the ice rink today?
семёрка	figure of seven, seven	Ты смотрела фильм µВеликолепная семерка?¶|Have you seen the film ‘The Magnificent Seven’?
отправитель	sender	За доставку груза платит отправитель.|The sender pays for the delivery of the goods.
апартаменты	apartment	Они живут в роскошных апартаментах.|They live in a luxury apartment.
девятнадцатый	nineteenth	Моя бабушка родилась в одна тысяча девятьсот девятнадцатом году.|My grandmother was born in 1919.
трудолюбивый	hard-working	Она добросовестный и трудолюбивый человек.|She is a conscientious and hard-working woman.
сушить	dry, air	В те годы еще было принято сушить белье на улице.|Back then it was still the done thing to dry your clothes outside.
купальник	swimming costume, bikini	Мы переоделись в купальники и пошли купаться.|We changed into our swimming costumes and went swimming.
гольф	golf	Захвати с собой клюшки для гольфа.|Take your golf clubs with you.
загорать	sunbathe	Девушка загорает на пляже.|The girl is sunbathing on the beach.
семнадцатый	seventeenth	Пьер Ферма — это великий математик семнадцатого века.|Pierre de Fermat is a great mathematician of the seventeenth century.
девяностый	ninetieth	С Натальей Ивановной я познакомился в середине девяностых годов.|I met Natalya Ivanovna in the middle of the nineties.
чудесно	wonderful(ly)	Вы сегодня чудесно выглядите!|You look wonderful today!
схватывать	grab, apprehend, catch	Тут вдруг подбегает хозяин и успевает схватить вора.|Then the owner suddenly comes running and catches the thief.
зонт	umbrella	Старик раскрыл большой черный зонт.|The old man opened the big black umbrella.
пятидесятый	fiftieth	Я ношу пятидесятый размер одежды.|I’m a size fifty.
персик	peach	Неплохо бы съесть сочный персик.|I wouldn’t mind eating a juicy peach.
шампунь	shampoo	Мойте волосы ребенка специальными детскими шампунями.|Wash the baby’s hair with special baby shampoo.
умываться	have a wash	Он быстро умылся, оделся и позавтракал.|He quickly got washed, dressed and had breakfast.
баскетбол	basketball	Он неплохо играет в баскетбол.|He’s  a decent basketball player.
девятьсот	nine hundred	От села до моста было метров девятьсот.|It was around nine hundred metres from the village to the bridge.
парковать	park	Здесь запрещается парковать машины.|It’s forbidden to park cars here.
прилагательное	adjective	Подчеркните все прилагательные в этом предложении.|Underline all the adjectives in this sentence.
свёкла	beetroot	Мне надоели салаты из свеклы.|I’m fed up of beetroot salad.
девятка	figure of nine, nine	Номер машины начинается с девятки.|The number of the car starts with  a nine.
вращать	rotate	Ветер вращал крылья мельницы.|The wind was turning the arms of the windmill.
кавычка	quotation mark	Вот здесь надо было поставить кавычки.|Quotation marks should have been used here.
клубника	strawberry	Где вы купили эту прекрасную клубнику?|Where did you buy those lovely strawberries?
вноситься	be introduced, be made	В план реформы не должны вноситься изменения принципиального характера.|No major changes should be made to the reform plan.
дырявый	holey, having holes	Он протянул Ларисе дырявый мужской башмак.|He gave Larisa a man’s slipper with holes in it.
замужний	married (woman)	Он вспомнил свой страстный роман с замужней женщиной.|He remembered his passionate affair with a married woman.
модифицировать	modify, change	Эту схему можно модифицировать под влиянием меняющейся рыночной ситуации.|We may change this scheme in response to the changing market situation.
обнажать	uncover	Каждый больной подходил к столу и обнажал грудь.|Each patient went up  to the table and uncovered his chest.
пижама	pyjamas	Мне неудобно спать в пижаме.|I find it uncomfortable to sleep in pyjamas.
всеобъемлющий	universal	Разумеется, экспансия ислама не носит всеобъемлющего характера.|The expansion of Islam is not, of course, universal.
клеточка	checked, cell	Все люди состоят из клеточек.|All humans are made up of cells.
космодром	cosmodrome	Я расскажу, как начинался день старта на космодроме.|I’ll tell you how launch day at the cosmodrome started.
павлин	peacock	В других залах прогуливались павлины.|Peacocks were walking around in the other chambers.
самодержавие	autocracy	Является ли русское самодержавие разновидностью европейского абсолютизма?|Is Russian autocracy  a kind of European absolutism?
тормозной	brake	После чего тормозная жидкость была долита до нужного уровня.|After that the brake fluid was topped up to the required level.
уксус	vinegar	Это были кусочки холодной баранины с огуречным рассолом, уксусом и перцем.|These were small pieces of lamb with cucumber pickle, vinegar and pepper.
экзотика	exotica	Туристы и сегодня ищут у нас яркое пятно восточной экзотики.|Even today tourists look for a bright spot of eastern exotica here.
блюдце	saucer	Помешав чай или кофе, положи ложку на блюдце.|Once you have stirred  your tea or coffee put the spoon on the saucer.
выползать	crawl out	Иванов с трудом выползал из палатки.|Ivanov struggled to crawl out of  the tent.
конспект	summary	Здесь у меня лежит конспект моего выступления.|Here is a summary of my talk.
лифчик	bra	Она не могла без посторонней помощи застегнуть лифчик.|She couldn’t fasten her bra by herself.
минуточка	minute (diminutive)	Мне захотелось на минуточку отвлечь Машу.|I wanted to grab Masha for a minute.
отдыхающий	holidaymaker	Пляж — это место, куда отдыхающие ходят, как на работу.|The beach is a place where holidaymakers go, as if they were going to work.
перекрытие	ceiling, overlap	Она испугалась — вдруг попадет бомба и перекрытия обрушатся.|She was scared: what if a bomb went off and the ceiling caved in.
транслироваться	be transmitted	Произошло повреждение кабеля, по которому транслируется видеосигнал.|The cable via which the video signal is transmitted is damaged.
хмель	hops	К меду добавляли хмель.|Hops were added to the honey.
ворох	pile	Она наклонилась и вытащила из-под вороха одежды сумочку.|She bent down and pulled a bag from under the pile of clothes.
подвижность	mobility	При плохой подвижности суставов эффективны ванны.|Baths are effective for poor joint mobility.
поутру	in the morning	Значит, договорились, завтра поутру выезжаем.|So, we’re agreed then: we’ll set off tomorrow morning.
прибавка	addition, rise	Леня предпочел бы этой процедуре прибавку к зарплате.|Lenya would prefer a pay rise to this procedure.
штурвал	steering wheel	Тогда руки бессознательно начинают крутить штурвал, и не всегда в ту сторону, куда нужно.|Then his hands unconsciously began to turn the steering wheel, and not always in the right direction.
повседневность	everyday life	Толстой находил чистую поэзию в повседневности, в том, что видели его глаза.|Tolstoy saw pure poetry in everyday life, in what he saw with his own eyes.
поныне	to this day, still	Труд этот и поныне хранится в филиале Парламентской библиотеки в Токио.|This work is still kept at a branch of the Parliamentary Library in Tokyo.
синхронизация	synchronization	Синхронизация должна также работать и при использовании карманных компьютеров.|Synchronization should also work on handheld computers.
числовой	numerical	Вся числовая арифметика основывается на вещественных числах.|All numerical arithmetic is based on real numbers.
швейцар	porter	Наверху все спали, кроме ночного швейцара.|Everyone except the night porter slept upstairs.
штукатурка	plaster	От стены пахло сыростью и мокрой штукатуркой.|There was a smell  of damp and wet plaster coming from the wall.
экстремистский	extremist	До принятия Закона о противодействии экстремистской деятельности было неясно, как применять 282-ую статью.|Before the Law on Combating Extremist Activity was adopted it was unclear how Article 282 should be applied.
античность	antiquity	Индивидуальной биографии у исторических персонажей не было до поздней античности, до Плутарха.|Individual biographies of historical figures were unknown until late antiquity, until the time of Plutarch.
бразильский	Brazilian	В этом году бразильский карнавал пройдет с 24 по 27 февраля.|This year the Brazilian Carnival will take place from the 24th to the 27th of February.
захлёбываться	choke, gasp	То, как он говорил о своих идеалах, захлебываясь от восторга, очаровало девушку.|The girl was charmed by the way he, gasping with delight, talked about his ideals.
мимоходом	in passing	Он однажды мимоходом упомянул при мне об этом.|He once mentioned this in passing in front of me.
переброска	transfer, deployment	Для быстрой переброски из США в Центральную Азию потребуется увеличение стратегического воздушного флота США.|An increased US strategic air force is needed for quick deployment from the USA to Central Asia.
пешка	pawn	Под ударом чёрная пешка на (5.|The black pawn is under attack by E5.
политехнический	polytechnic	В большой аудитории Политехнического музея выступали Сергей Калугин и Ольга Арефьева.|Sergey Kalugin and Ol’ga Aref’eva gave a performance in the large auditorium of the Polytechnic Museum.
портиться	deteriorate, be spoiled	От этого вкус напитка портится.|This spoils the taste of the drink.
предохранитель	fuse	На этот раз вышли из строя только предохранители.|This time only the fuses are out of order.
сборище	crowd, mob	Милиция мало обращает внимания на сборища подростков.|The police pay little attention to crowds of teenagers.
сдерживание	containment, deterrence	Поэтому против террористов нормальное ядерное сдерживание не действует.|That is why normal nuclear deterrence does not work against terrorists.
скандинавский	Scandinavian	Затем метеоролог дал очередное предупреждение — скандинавский циклон на подходе.|The weatherman issued another warning: the Scandinavian cyclone is on its way.
СМС	SMS	Я написала СМС подруге.|I wrote  an SMS to a friend.
сторожить	guard	Таню оставили сторожить вещи.|Tanya was left to guard the belongings.
сценка	sketch, skit	А потом были юмористические сценки.|And then there were humorous sketches.
шляться	hang around, gallivant	Мой муж по ночам где-то шляется.|My husband keeps gallivanting around somewhere at night.
картофельный	potato	Я приготовил себе картофельную запеканку точно в соответствии с рецептом своей бабушки.|I made myself potato bake, following the exact same recipe that my grandma used.
конфетка	sweet	Он порылся в кармане, достал конфетку и протянул ее собачке.|He rummaged in his pocket, took out a sweet and gave it to the dog.
кровяной	blood	Людям с повышенным кровяным давлением нужно следить за содержанием натрия в своем рационе.|People with high blood pressure need to monitor the levels of sodium in their diet.
марихуана	marijuana	Выбравшись из такси, я сразу же уловил запах марихуаны.|Having got out of the taxi, I immediately detected the smell of marijuana.
обниматься	hug	На нескольких кадрах она обнимается с каким-то парнем.|In some of the shots she is hugging a boy.
расплывчатый	vague	А если ты называешь расплывчатое явление расплывчатым словом?|And what if you name a vague phenomenon with a vague word?
репродуктивный	reproductive	Репродуктивная функция может быть серьезно нарушена у мужчин, потребляющих даже скромное количество алкоголя.|Reproductive function in men who consume even modest amounts of alcohol may be seriously impaired.
сумрачный	gloomy	У Сталина все еще было торжественное, но одновременно сумрачное выражение лица.|The expression on Stalin’s face was solemn, but at the same time gloomy.
царевна	tsarevna, princess	Очутился он во дворце, видит он молодую царевну.|He found himself in the palace; he could see the young princess.
вольность	freedom	Мы решили, что позволим себе небольшую вольность.|We decided to allow ourselves a little freedom.
временами	at times, sometimes	Временами он прихрамывает.|He sometimes limps.
заправлять	fuel	В промежутках между вылетами техники заправляют самолеты.|In the intervals between flights mechanics fuel the aeroplanes.
комод	chest of drawers	Отныне комод стоял на самом почетном месте.|From then on the chest of drawers took pride of place.
космополит	citizen of the world,  cosmopolitan	В 1940-х Всеволодский оказывается одной из жертв борьбы с космополитами.|In the 1940s Vsevolodsky becomes one of the victims of the war on cosmopolitans.
мизерный	measly	У нас судьи не живут на мизерную зарплату из бюджетной кассы.|Here judges don’t live on a measly salary paid from the budget fund.
муравейник	anthill	Город жил как огромный муравейник.|The town lived like a huge anthill.
переговорный	communication device,  intercom	Он поднял свое переговорное устройство и вызвал Зиновия Михайловича.|He picked up his intercom and called Zinovy Mikhailovich.
радиоприёмник	radio	Из автомобильного радиоприемника лилась нежная грустная песня.|A sweet sad song was playing on the car radio.
рассекать	cross, dissect	Он залюбовался силуэтом машины, ее готовностью стремительно рассекать пространство.|He admired the silhouette of the car, its willingness to rapidly dissect space.
спадать	ease off	Уже осень пришла, а жара всё не спадала.|It’s autumn, but the hot weather still hasn’t eased off.
бегемот	hippopotamus	Противник привёл к моим воротам толпу из порядка 10 слонов, бегемотов и прочей живности.|The enemy brought to my gate a herd of around 10 elephants, hippos and other animals.
воодушевление	enthusiasm,   inspiration	Я сам определял объем работы, и от этого испытывал воодушевление.|I set the amount of work I did myself and this kept me inspired.
вселять	inspire, move	Эти новости начали потихоньку вселять в меня надежду.|The news started to slowly fill me with hope.
лингвист	linguist	Некоторые лингвисты считают даже правомерным говорить здесь о двух языках, а не диалектах.|In this case, some linguists even consider it legitimate to talk of two languages, and not dialects.
мебельный	furniture	Тогда стоит поручить выполнение работы другому мебельному салону.|Then it’s worth assigning this job to another furniture showroom.
мести	sweep	Старые проводники метут коридор и прыскают водой пол.|The old porters are sweeping the corridor and sprinkling the floor with water.
наём	hire, rent	Я обладаю опытом найма сотрудников.|I have experience in hiring employees.
обоюдный	mutual	По обоюдному желанию составляется и соглашение о прекращении действия брачного договора.|By mutual agreement a contract for the termination of the marriage will be written.
повинность	(military, feudal) duty	Гитлер переселился в Мюнхен, спасаясь от воинской повинности.|Hitler moved to Munich, freeing himself of his military duties.
сценический	stage	Он тогда работал заведующим кафедрой сценической речи Щепкинского училища при знаменитом Малом театре.|At the time he was Head of the Department of Scenic Speech at the Shchepkin Theatre Institute at the famous Maly Theatre.
созидание	creativity	Природа не терпит чистого разрушения и отрицания и требует созидания, творчества.|Nature does not tolerate pure destruction and negation; it demands creation and creativity.
глубинка	backwater	Я жила тогда с нищенской зарплатой программиста в сибирской глубинке.|Back then I lived on a miserable programmer’s salary in a Siberian backwater.
движущий	driving	И главной движущей силой этой революции стал рынок, частный сектор.|And the main driving force behind this revolution was the market, the private sector.
затишье	calm	Обычно это бывает в период относительного затишья.|This usually happens at times of relative calm.
кульминация	culmination	Этот процесс будет медленно развиваться и достигнет кульминации где-то в 2003-2004 гг.|This process will develop slowly and will culminate sometime in 2003–2004.
переступать	go over, overstep	В таких ситуациях главное — не терять голову, стараться не переступать границ приличия.|The main thing in such situations is not to lose your head and try not to overstep the boundaries of decency.
презрительный	contemptuous	Тамара смерила тебя презрительным взглядом, развернулась и ушла.|Tamara gave you a contemptuous look, turned around and walked away.
усики	moustache, antenna	Летали ли в студии какие-нибудь насекомые с мягкими крылышками и усиками?|Were any insects with soft wings and antennae flying around the studio?
фантом	phantom	И еще — отчего я не пугался фантомов?|And something else – why wasn’t I scared of the phantoms?
шибко	very (dialect)	Наши начальники — люди не шибко грамотные.|Our leaders are not very literate people.
апеллировать	appeal, call on	Естественно, буду аппелировать к этому слою наших зрителей.|Naturally, I will appeal to this section of our viewers.
булавка	pin	Я нечаянно укололась булавкой.|I pricked myself with the pin by accident.
насчитывать	count	Посетителей, по сообщению организаторов, насчитали порядка 450 тыс. человек.|According to the organizers, the number of visitors was around 450 thousand people.
пыхтеть	puff, pant	Он слышал, как пыхтит позади него Кидд, продвигаясь к нему по ветке.|He could hear Kidd puffing and panting behind him, moving towards him along the branch.
рукопожатие	handshake	После рукопожатия Сергей рассказал  о своем участии в боях за Кавказ.|After shaking hands Sergey told us about how he had taken part in the battle for the Caucasus.
точить	sharpen	Он достал из кармана брусок и стал точить нож.|He took a stick from his pocket and started to sharpen his knife.
тумбочка	bedside	Старинная настольная лампа с зеленым колпаком стояла на тумбочке в изголовье.|There was an old table lamp with a green lamp shade on the bedside table.
хлопец	boy (dialect)	Хлопец вдруг резко отклонился в сторону.|The boy suddenly swerved sharply to the side.
щекотать	tickle	Ноги ей щекочут крабы.|Crabs are tickling her legs.
айсберг	iceberg	У американцев есть специальная служба слежения за айсбергами.|The Americans have a special service for tracking icebergs.
атеизм	atheism	Эти явления носят экономический характер и возникают вне зависимости от религиозности или атеизма общества.|Such phenomena are of an economic nature and arise regardless whether a society is a religious or an atheist one.
бриться	shave	Отец брился перед зеркалом.|Dad was shaving in front of the mirror.
ветчина	ham	Она заказала салат с ветчиной.|She ordered a ham salad.
выведение	raising, breeding, removal,  elimination	Кроме того, натрий необходим для выведения из организма углекислого газа.|Moreover, sodium is essential for the elimination of carbon dioxide from the body.
вязкий	thick, viscous, sticky	Хорошая глина, тяжелая, словно свинец, очень вязкая, тягучая, сама льнет к пальцам.|Good clay is heavy like lead, very thick and sticky; it clings to your fingers.
заморский	foreign, overseas	Они встречали заморских гостей и показывали им свое королевство.|They met their foreign guests and showed them their kingdom.
инвалидность	disability	Несмотря на свою инвалидность, он неохотно принимал помощь.|Despite his disability he was reluctant to accept help.
киловатт	kilowatt	В 2000 году в России было выработано 876,5 миллиарда киловатт электроэнергии.|Russia produced 876.5 billion kilowatts of electricity in 2000.
недостижимый	unattainable	Разве может быть что-либо недостижимое для наших женщин?|Surely there couldn’t be anything unattainable for our women?
порядочность	decency	Я не сомневаюсь в вашей порядочности.|I don’t doubt your decency.
пресечение	restraint, constraint	Адвокаты просили изменить меру пресечения.|Lawyers asked for the measures of restraint to be changed.
радар	radar	Радар обнаружил самолеты противника.|The radar detected enemy aircraft.
распятие	crucifixion, crucifix	Мальчик встал на колени перед деревянным распятием.|The boy kneeled before the wooden crucifix.
столбец	column	Затем нужно определить число столбцов в таблице.|Then you need to specify the number of columns in the table.
блиндаж	bunker	Он первый шагнул в блиндаж.|He was the first to step into the bunker.
квас	kvass (Russian drink)	Квас можно приготовить самостоятельно.|You can make kvass yourself.
кластер	cluster	Хорошим примером служит кластер, определяющий мимикрию у бабочек|A good example is the gene cluster that defines mimicry in butterflies.
отвесный	sheer, vertical	Замок расположен на отвесной скале.|The castle is located on a sheer cliff.
плесень	mould	Комнатка была сырая, с плесенью по углам.|The room was damp and there was mould in the corners.
разоблачить	expose, reveal	Неужели она знает нечто такое, что может разоблачить преступника?|Does she really know something that could expose the culprit?
реалистичный	realistic	Это всего лишь игра, хотя и очень реалистичная.|It’s just a game, although it is very realistic.
самоуверенный	(self-) confident,  assertive	В молодости он был очень самоуверенным человеком.|He was very self-confident as a youngster.
сдержанность	restraint	В этих условиях необходимо проявить сдержанность и терпение, не отчаиваться.|Under these conditions it is necessary to show restraint, be patient and not to despair.
слепота	blindness	Ему угрожает полная слепота.|He’s under threat of becoming completely blind.
спазм	spasm	Этот препарат может вызвать невероятно болезненные спазмы мышц.|This drug may cause very painful muscle spasms.
тревожиться	worry	Она не тревожится за судьбу детей.|She isn’t worried about the fate of her children.
тюльпан	tulip	Ваня подарил ей букет тюльпанов.|Vanya gave her a bouquet of tulips.
усматривать	see, perceive	Мистики усматривали во всем этом глубочайшие тайны.|Mystics saw profound mystery in all of this.
чернеть	turn black	Некоторые бутоны чернеют и засыхают, не распустившись.|Some buds turn black and become dry without even opening.
янтарный	amber	Я сам видел, как он купил янтарное ожерелье.|I saw him buy the amber necklace myself.
арестант	convict, prisoner	В двадцатых годах он застрелил двух беглых арестантов.|In the twenties he shot dead two escaped prisoners.
венчурный	venture	Это традиционная схема венчурного финансирования, когда деньги вкладываются сразу в десяток проектов равными долями.|This is a traditional venture capital financing scheme, where money is invested in equal instalments in a dozen projects at the same time.
выучиться	learn	Мне дали возможность выучиться полезным вещам.|I was given the opportunity to learn useful things.
дешеветь	become cheaper	Доллар относительно евро начал дешеветь.|The dollar has started to become cheaper in relation to the Euro.
империалистический	imperialist	Война велась между двумя империалистическими державами.|The war was fought between two imperialist powers.
качели	swing	Мы прыгали, валялись на траве, качались на качелях.|We jumped, rolled in the grass and swung on the swing.
моргать	blink	Человек моргает в среднем 1 раз в 5 секунд.|On average a person blinks once every 5 seconds.
мумия	mummy	Внутри была мумия, сжимающая в сухих пальцах меч.|Inside there was a mummy, gripping a sword in its dry fingers.
надавить	press, put pressure on	Она надавила на чемодан коленкой и замок защелкнулся.|She pressed her knee on the suitcase and the lock clicked.
непристойный	obscene	Хулиганы распевают непристойные песни, дразнят девчонок, делают неприличные жесты.|The trouble-makers are singing obscene songs, teasing the girls and making rude gestures.
неуклюжий	clumsy	Вы ленивые, толстые и неуклюжие.|You’re lazy, fat and clumsy.
отведать	taste, partake of	Он вернулся в залу и предложил гостям отведать стоявшего на столе угощения.|He came back into the hall and invited his guests to partake of the food that was on the table.
плеть	whip, vine	Дрессировщик в одной руке держал плеть, а в другой — палку.|The trainer had a whip in one hand and a stick in the other.
утомлять	tire, tire out	Их это явно утомляет.|This is clearly tiring them out.
художница	artist (female)	Его жена Наталья — художница.|His wife Natalya is an artist.
колыхаться	sway, flicker	На окне колыхнулась занавеска.|The window curtain was swaying.
насмотреться	see enough	Я ведь насмотрелся, как люди умирают.|I’ve seen enough people dying.
невесть	nobody knows, God knows	Так можно очутиться невесть где!|God knows where we might end up!
обманчивый	deceptive, false	Это обманчивое впечатление.|This is  a false impression.
перебегать	run over, run across	Мы перебежали через шоссе.|We ran across the motorway.
скатываться	roll down, slide down	Санки скатываются с горки.|The sledge is sliding down the hill.
сыночек	son (affectionate)	Она сравнивала его со своим сыночком.|She compared him to her own son.
падеж	case	Местоимение µчей¶ изменяется по падежам, числам и родам.|The pronoun chei changes according to case, number and gender.
понос	diarrhoea	После этого у всех начался понос.|After this everyone came down with diarrhoea.
свинина	pork	Я заказал пиво и жареную свинину.|I ordered a beer and roast pork.
сотый	one-hundredth	Ты смотришь этот фильм в сотый раз!|You’ve seen this film a hundred times!
черновик	draft	К счастью, у автора сохранились черновики, и он восстановил рукопись.|Fortunately, the author had kept drafts and he rewrote the manuscript.
вратарь	goalkeeper	Вратарь отбил штрафной удар.|The goalkeeper saved the free kick.
сливочный	creamy	У этого сыра такой сливочный вкус.|This cheese has a kind of creamy taste.
потеть	sweat	Несмотря на холод, он сильно потел.|He was sweating heavily despite the cold.
насморк	head cold, runny nose	Андрей простыл, у него насморк.|Andrey has caught a cold; he has a runny nose.
четырнадцатый	fourteenth	Расскажите, что произошло четырнадцатого июня.|Tell us what happened on the 14th of June.
юзер	PC user	Опытные юзеры пишут на этом языке маленькие программки.|Experienced PC users write applets in this language.
программировать	program	Я не умею программировать.|I don’t know how to program.
прикреплять	attach, put	Он прикрепил к стене над кроватью портреты двух хорошеньких девочек.|He put two pictures of good-looking girls on the wall above his bed.
передвигать	move	Мы несколько часов передвигали мебель с места на место.|We spent several hours moving the furniture from one place to another.
