el/la	the	el diccionario tenía también frases útiles|the dictionary also had useful phrases
de	of, from	es el hijo de un amigo mío|he is the son of a friend of mine
que	that, which	dice que no quiere estudiar|he says that he doesn’t want to study
y	and	saben leer y escribir|they know how to read and write
en	in, on	vivo en el segundo piso|I live on the second floor
un	a, an	era un hombre simpático|he was a nice man
ser	to be (norm)	la primera persona narrativa puede ser por el protagonista|the first-person narrative can be through the protagonist
a	to, at	me voy al extranjero por el verano|I am going abroad for the summer
él	he, [ellos] them (m)	él es bastante simpático|he is very nice
lo	the (+neut)	lo mejor es estudiar mucho|the best thing is to study a lot
no	no	no tiene dinero|he has no money
su	his/her/their/your (–fam)	¿Quién era? ¿Su hermana? ¿Su amiga?|Who was it? His sister? Her friend?
haber	to have (+Ved)	no ha dicho nada|he hasn’t said a thing
con	with	hay un hombre con ella|there is a man with her
por	by, for, through	caminamos por el parque|we walked through the park
para	for, to, in order to	¡Tengo una sorpresa sensacional para ti!|I have a wonderful surprise for you!
mí	me (obj prep)	el regalo era para mí|the gift was for me
lo	[3rd person] (dir obj-m)	lo compré en la tienda|I bought it at the store
tener	to have	Mi padre tiene varios relojes antiguos.|My father has several antique watches.
como	like, as	ser compositor en España es como ser torero en Finlandia|being a composer in Spain is like being a bullfighter in Finland
estar	to be (location, change from norm)	él está en el trabajo|he is at work
me	me (obj)	¿Cuando me va a llamar?|When is he going to call me?
más	more	él necesitaba más dinero|he needed more money
este	this (m) [esta (f)]	es igual en el este como en el oeste|it is the same in the east as in the west
le	[3rd person] (indir obj)	nunca le dijo la verdad|she never told him the truth
hacer	to do, make	he podido hacer lo que me gusta|I have been able to do what I like
se	[“reflexive” marker]	el saber de los geógrafos griegos se difundió por Europa|Greek knowledge of geography spread throughout Europe
yo	I (subj)	¡Yo soy el padre!|I am the father!
o	or	sí esperaba uno o dos muertos|yes, he expected one or two deaths
pero	but, yet, except	no significa nada para mí, pero no puedo olvidarla|it means nothing to me, but I can’t forget it
decir	to tell, say	Parece que dice la verdad.|It seems like he is telling the truth.
poder	to be able to, can	Con estos datos se puede tener una primera idea del mecanismo.|With these facts we can begin to understand the mechanism
ir	to go	¿Quieres ir a la playa este fin de semana?|Do you want to go to the beach this weekend?
ese	that (m) [esa (f)]	¿Dónde viven esas mujeres?|Where do these women live?
otro	other, another	No comparte su taxi nunca conotrosviajeros a menos que les conoce.|Don’t share your taxi with other travelers unless you know them.
si	if, whether	si quiere cazar, vamos a cazar|if he wants to hunt, let’s go hunting
mi	my	mi casa es su casa|my house is your house
ver	to see	había que subir para ver las ruinas|you have to climb up to see the ruins
ya	already, still	su marido ya ha dicho todo|her husband has already said it all
porque	because	lo vendo sólo porque tengo un problema muy grande|I am only selling it because I am in a predicament
mucho	much, many, a lot (ADV)	por lo visto tienen mucho dinero|apparently they have a lot of money
dar	to give	me dio esta carta para ud|he gave me this letter for you
muy	very, really	está muy contento con mi trabajo|she is very happy with my work
saber	to know (a fact), find out	se necesita humildad para saber reconocer las propias faltas|you need humility to know how to recognize your own faults
sí	yes	quiero una respuesta concreta: sí o no|I need a solid answer: yes or no
año	year	no lo supo hasta casi un año después|he didn’t find out until almost a year later
ti	you (obj prep-sg/+fam)	no, la carta no es para ti|no, the letter is not for you
te	you (obj/+fam)	¿No te han hablado?|They haven’t spoken with you?
también	also	también habla italiano|she speaks Italian as well
qué	what?, which?, how (+ADJ)!	no sé qué voy a hacer|I don’t know what I’m going to do
alguno	some, a few	habló algunas palabras con el agente de negocios|he spoke a few words with the business agent
nos	us (obj)	nos vio en la calle|he saw us on the street
tu	your (+fam)	ésta es tu casa y ésta es tu cama|this is your house and this is your bed
sin	without	se habían quedado sin dinero|they were left without money
mismo	same	pronunciando el mismo discurso en siete idiomas|giving the same speech in seven languages
eso	that (n)	y eso no es todo|and that isn’t everything
cuando	when	aquel libro es de mis nietos, cuando eran bebes todavía|that book belonged to my grandchildren, when they were still babies
querer	to want, love	quiero que este proceso salga con limpieza|I want this process to go cleanly
vez	time (specific occurrence); en v. de: instead of	es la primera vez que estoy junto al mar|this is the first time that I have been near to the sea
hasta	until, up to, even (ADV)	toda la noche, hasta las tres de la mañana|all night long, until three in the morning
la	[3rd person] (dir obj-f)	la puso en su bolsillo|he put it in his pocket
sobre	on top of, over, about	dejó el papel sobre la mesa y se fue|he left the paper on top of the table and left
entre	between, among	la cosa es entre tú y yo|the matter is between you and me
dos	two	la familia se reúne cada dos años|the family gets together every two years
día	day	cada día hay más problemas|every day there are more problems
grande	large, great, big	tiene los grandes ojos negros y bonitos|she has the biggest and most beautiful black eyes
así	like that	la vida es así|life is like that
pasar	to pass, spend (time)	no ha pasado ni un bus|not a single bus has passed by
cosa	thing	estoy ya interesado en otra cosa|I am interested in a different matter
desde	from, since	Lo habia pensado desde el principio que era una mal idea.|I thought from the beginning that this was a bad idea.
deber	should, ought to; to owe	la cosa está en el lugar donde debe estar|the thing is in the place where it should be
ella	she, [ellas] them (f)	ella es muy estudiosa|she is very studious
pues	then, well then	pues, venga usted cuando quiera|well then, come whenever you want
entonces	so, then	vamos entonces a cambiarlo|then we are going to change it
llegar	to arrive	por fin llegamos al fondo de la catarata|we finally arrived at the bottom of the waterfall
poco	little, few, a little bit (adv)	trabajó poco tiempo con él|he worked a little while with him
nuestro	our	no servía para nuestro país porque somos diferentes|it was no good for our contry because we’re different
bien	well	el número de bienes que pueda poseer en un momento dado|the number of goods one possesses in a given moment
ni	not even, neither, nor	pero ni eso me tranquilizó|but not even that reassured me
tiempo	time (general)	ha estado mucho tiempo con ella|he has been with her a long time
ahora	now	lo importante ahora es contarte lo que le pasó|the important thing now is to tell you what happened
primero	first	Primero, vamos a ir al supermercado.|First, we are going to go to the grocery store.
creer	to believe, think	creo en la justicia de Dios|I believe in the justice of God
donde	where	no sé donde está la llave|I don’t know where the key is
vida	life	ha dedicado toda la vida a la música|she has dedicated her life to music
dejar	to let, leave	ella no dejó que yo lo olvidara|she didn’t let me forget it
nada	nothing, (not) at all	no hay nada que hacer|there is nothing to do
tanto	so much, so many	no podía creer que haya tanta gente junta|I couldn’t believe there were so many people together
parecer	to seem, look like	Mi burra es tan flaca parece un esqueleto.|My donkey is so thin he looks like a skeleton.
hablar	to speak, talk	algunos hablan quechua, español, e inglés|some of them speak Quechua, Spanish, and English
poner	to put (on), get (+ADJ)	puso el cuchillo en la mano|he put the knife in his hand
parte	part, portion	el arte es una parte tan importante de la cultura|art is such an important part of culture
eh	eh	Te interesa esta bufanda, ¿eh?|You are interested in this scarf, eh?
nuevo	new	marcaba el comienzo de una nueva vida para mí|it marked the beginning of a new life for me
sólo	only, just	no siempre vestía ropa de mujer; sólo en carnaval|I don’t always wear women’s clothes; only during carnival
siempre	always, forever	siempre ha sido así|she has always been like that
hombre	man, mankind, husband	yo soy un hombre de pocas necesidades|I am a man of few needs
bueno	well . . .	Bueno, ¿y ahora qué hacemos?|Well, so what are we going to do now?
seguir	to follow, keep on	no la puedo seguir porque habla demasiado rápido|I couldn’t keep up because she was speaking so quickly
quedar	to remain, stay	El aire empezó a quedarse quieto.|The air began to remain still.
llevar	to take, carry	colgado al hombro llevaba un bolso|the man carried a bag over his shoulder
encontrar	to find	encontró un lugar apropiado para instalar la sucursal|he found a suitable place to set up the office
bueno	good	Bueno, ¿y ahora qué hacemos?|Well, so what are we going to do now?
tan	such, as, too, so	¡Tiene unas orejas tan grandes!|His ears are so big!
pensar	to think	trataba de pensar de dónde podría sacar el dinero|he tried to think of where he could get some money
casa	house	bienvenido a mi casa|welcome to my home
cada	each, every	aprendo cada día un poco más|I learn a little more each day
persona	person	era una persona de mucho talento|she was a very talented person
país	country	ha viajado por todos los países de las Américas|he has traveled through all the countries in the Americas
algo	something, somewhat	tengo algo que decirte|I have something to tell you
esto	this (n)	quiero esto o aquello|I want this or that
volver	to return, to V again	Los habitantes afectados pueden volver a sus casas.|Affected people can return to their homes.
usted	you (subj/–fam)	¿Cómo está usted?|How are you?
salir	to leave, go out	¿A qué hora sale el tren?|What time does the train leave?
después	after	vamos a dar un paseo después de comer|we are going to go for a walk after eating
mejor	best, better (ADV)	yo, al fin y al cabo, soy el mejor amigo|I, after all, am the best friend
menos	less, fewer	no vale más ni menos que la anterior|it is worth no more nor less than the previous one
venir	to come	unos afirman que el jazz viene de África|some say jazz comes from Africa
forma	form, shape, way	necesito estar en buena forma física|I need to be in good physical shape
mujer	woman, wife	su mamá es una mujer muy enferma y no puede trabajar|your mother is a very sick woman and she cannot work
momento	moment, time	estaba pasando uno de los peores momentos de mi vida|I was having one of the worst moments of my life
llamar	to call, name	el juez se llamaba Pedro Barreda|the judge was named Pedro Barreda
mundo	world	no se parecía a ninguna ciudad del mundo|it didn’t look like any other city in the world
claro	clear	Eres genial por explicarlo de forma tan clara.|It is so nice of you to explain it in such a clear way.
mirar	to look, watch	miraba distraída a las estrellas|I gazed absentmindedly at the stars
medios	means, resources	No cuenta con los medios suficientes para comprar los medicamentos que necesita.|He doesn’t have the means to buy the medicine he needs.
mientras	while, whereas, as long as	nos miró mientras comía un gran trozo de pan|he looked at us while eating a big piece of bread
conocer	to know (someone or place)	ella conoce muy bien a Nicolás|she knows Nicholas very well
aquel	that (over there)	unos veinte millones de pesetas (de aquella época)|about twenty million pesetas (at that time)
aquí	here	¡Aquí hay dos también!|There are two here as well!
aunque	although, even though	aunque hay problemas, muchos se pueden evitar|even though there are problems, many can be avoided
quien	who, whom	¿Quién sabe el título de la película?|Who knows the name of the movie?
tomar	to take, drink	mi padre tomó un sorbo de agua y continuó hablando|my father drank a sip of water and continued speaking
tres	three	hay tres direcciones: diagonal, horizontal, y vertical|there are three directions: diagonal, horizontal, and vertical
mano	hand	se pueden contar con los dedos de la mano|you can can count with the fingers on one hand
sentir	to feel, regret	es una expresión personal de un sentir personal de él|it is a personal expression of his personal feeling
gente	people	la gente tiene miedo de perder su identidad|people are scared of losing their identity
cuándo	when?	¿Cuándo vuelven? preguntó|When do they return? he asked
durante	during	durante una semana traté de no verla|during the week I tried not to see her
hijo	son, [pl] children	cada padre espera que su hijo sea más que él|every father hopes that his child will be more than him
tratar	to try, treat, deal with	Traté de aprender español, pero es muy difícil.|I tried to learn Spanish, but it is very difficult.
vivir	to live	vamos a Buenos Aires, a vivir en la miseria|I am going to Buenos Aires to live in poverty
sino	but, except, rather	no somos nosotros el centro sino ella|we are not the focus, but rather she is
lugar	place, position	es el lugar más lindo de la costa|it is the most beautiful place on the coast
problema	problem	el problema es que no nos queda tiempo|the problem is that we don’t have enough time
hacia	toward, towards	sus sentimientos hacia él son todavía tan firmes|her feelings for him are still so strong
presidente	president	el presidente es la máxima autoridad del país|the president is the one with the most authority in the country
cual	which, who, whom	el amor fue el motivo por el cual lo hizo|love was the reason for which he did it
junto	together	la tierra giraba en torno al sol junto con cinco planetas más|the earth revolved around the sun together with five more planets
luego	later, afterwards	primero está ella y luego yo|she’s first then I’m next
cómo	how?	¿Cómo se hace un pastel de chocolate?|How do you make a chocolate cake?
trabajo	work, job, effort	pasó su vida entera dedicado a su trabajo|she spent her entire life dedicated to her work
caso	case, occasion	luego, en este caso está plenamente justificada|then, in this case it is fully justified
mayor	larger, older, main	yo trabajé la mayor parte del tiempo|I worked the majority of the time
además	also, as well, besides	además de español, ¿hablas algún otro idioma?|besides Spanish, do you speak any other language?
acercar	to come near	ella me miró, se acercó, me besó|she looked at me, came up to me, and kissed me
esperar	to wait, hope (for), expect	te esperaremos en el restaurante|we’ll wait for you at the restaurant
nunca	never, ever	se aprecia ahora más que nunca la libertad|you appreciate freedom now more than ever
cierto	certain, sure, true	no sé si esto es cierto o no|I don’t know if this is true or not
hora	hour, time (specific)	te veo dentro de media hora|I will see you in half an hour
dónde	where?	¿Dónde está escrito esto en la historia?|Where is that written in history?
padre	father	¿Es el padre de mi futuro hijo?|Is he the father of my future child?
gustar	to be pleasing to	¡Me gusta mucho la música folklórica!|I really like country music!
noche	night, evening	trabaja por la mañana, por la tarde, y por la noche|he works in the morning, the afternoon, and the evening
nosotros	we (subj)	ábrenos! somos nosotros|open up! it’s us
casi	almost, nearly	estamos casi siempre solos|we are almost always alone
hoy	today, nowadays	ayer estuvo aquí; hoy puede estar allá|yesterday he was here; today he might be there
tipo	type, kind	reconozco tu oposición a este tipo de ideología|I recognize your opposition to this kind of ideology
ojo	eye	los grandes ojos verdes la miraban con ternura|his large green eyes looked at her with tenderness
manera	way, manner	lo hizo de manera muy informal|he did it in a very informal manner
importante	important	el momento más importante de la ceremonia|the most important moment of the ceremony
contar	to tell, count	me contó una larga y estúpida historia|he told me a long and silly story
niño	child, little boy	he tenido suerte desde que era niño|I have been lucky since I was a child
trabajar	to work	comenzaban a trabajar de camareros|they began to work as waiters
empezar	to begin, start	lentamente su auto empieza a avanzar|his car slowly began to move forward
verdad	truth	diga la verdad!|tell the truth!
contra	against, opposite	hermanos contra hermanos y padres contra hijos|brothers against brothers and fathers against sons
ciudad	city	quieren estar en la ciudad y no salir al campo|they want to be in the city and not leave for the country
buscar	to look for	decidí volver a la calle y buscar un empleo|I decided to return to the streets and look for a job
ahí	there	debe estar por ahí|it must be around there
solo	lonely, alone	se sentía solo, espantosamente solo|he felt alone, terrifyingly alone
fin	end; a f. de: in order to	puse fin a la discusión|I put an end to the discussion
propio	own, proper, typical	le doy dinero de mi propio bolsillo|I give him money from my own pocket
tú	you (subj-sg/+fam)	ella es más alta que tú|she is taller than you
gobierno	government	el feudalismo fue la forma de gobierno|feudalism was the form of government
historia	history, story	aquello ya pasó a la historia|that’s ancient history now
ejemplo	example	no des mal ejemplo a los niños|don’t set a bad example for the kids
último	last, final	se opuso al viaje hasta el último momento|he was against the trip until the last minute
punto	point, dot, period	este punto de vista es mejor|this point of view is better
antes	before	quería verla antes de salir|I would like to see her before leaving
mil	thousand	unos mil años han pasado desde entonces|about a thousand years have passed since then
palabra	word	jamás dijo una palabra en inglés|he never said a word in English
obra	work, book, deed	la primera obra literaria de Dante fue La Vida Nueva|the first literary work of Dante was The New Life
existir	to exist	¿Puede existir alguien que sea perfecto?|Is it possible that a perfect person exists?
perder	to lose, miss	quiere perder diez libras antes de la boda|she wants to lose ten pounds before the wedding
cuenta	bill, account	sería bueno sacar la cuenta y calcular gastos|it would be good to take inventory and calculate the costs
allí	there, over there	allí están, junto a la playa|there they are, on the beach
escribir	to write	mi padre escribe unas cartas cortas|my father wrote a few short letters
cualquiera	any, anyone	son patrocinadas con lo que cualquiera puede donar|they are paid for by donations from anyone
grupo	group	¿Cuál será su papel en ese grupo de trabajo?|What will be your role in this work group?
señor	sir, Mr, lord	¿Puedo pagar con dólares? // Sí, señor.|Can I pay with dollars? // Yes, sir.
pequeño	little, small, young	a pesar de su pequeño tamaño, estaba llena de detalles|in spite of its small size, it was full of details
embargo	nevertheless	sin embargo, es uno de mis mejores amigos|nevertheless, he is one of my best friends
agua	water	Déme un vaso de agua; que tengo mucha sed.|Give me a glass of water; I am very thirsty.
realizar	to fulfill, carry out	el viaje se realizó en noviembre|the trip took place in November
nadie	nobody, anybody	nadie sabe nada|nobody knows anything
entrar	to enter	¡Este maldito no puede entrar en nuestra casa!|This devil cannot enter into our house!
arte	art, skill	la creación de un museo de arte moderno y contemporáneo|the creation of a museum of modern and contemporary art
leer	to read	prefiero leer a los autores de moda|I prefer to read the popular authors
amigo	friend	¿No tienes un amigo a quien me podrías presentar?|You don’t have a friend that you could introduce me to?
recordar	to remember, remind	prefiero no recordar esa época de mi vida|I prefer not to remember that time of my life
morir	to die	los pobres murieron de pulmonía meses después|the poor people died of pneumonia months later
único	only, unique, sole	era el único hijo varón de la familia|he was the only male child in the family
lado	side	está situada al lado derecho|it is situated on the right side
nombre	name, noun	Susana no es mi nombre verdadero|Susana is not my real name
recibir	to receive	Pavlov recibe el Premio Nobel por sus estudios|Pavlov receives the Nobel Prize for his studies
pedir	to ask for, request	me atreví a pedirle que bailara con migo|I dared to ask if he would dance with me
permitir	to allow, permit	no se me permitió jugar allí por varios días|I wasn’t allowed to play there for several days
preguntar	to ask (a question)	les voy a preguntar si quieren comer|I am going to ask them if they want to eat
social	social	no me gusta la vida social, no voy a ninguna fiesta|I don’t like social life, I’m not going to any party
sistema	system	el corazón es parte del sistema circulatorio|the heart is part of the circulatory system
tal	such (a)	bien sabía que tal cosa era imposible|it was well known that such a thing was impossible
segundo	second	espérame un segundo|wait just a second
ante	before, in the presence of	no sé qué hacer y cómo actuar ante estas circunstancias|I don’t know what to do and how to act faced with these circumstances
viejo	old, aged	el hombre viejo tiene como ochenta años, y está loco|the old man is about eighty years old, and he is crazy
madre	mother	ahora está casada y es madre de familia|now she is married and the mother of a family
siglo	century, age	los poetas más populares del siglo 20|the most popular poets of the twentieth century
nacional	national	le dieron el premio nacional de poesía|they gave him the national award in poetry
entender	to understand	todavía no entiendo demasiado bien lo que pasó|I still don’t understand very well what happened
libro	book	¿Está usted escribiendo un libro sobre la política?|You are writing a book about politics?
alto	tall, high	estás tan alto como yo|you are as tall as I am now
cuerpo	body	el cuerpo humano se compone de millones de células|the human body is composed of millions of cells
familia	family	la familia es la unidad social más significativa|family is the most significant social unit
comenzar	to begin, start	a los veintidós años comenzó a aprender castellaño|at twenty-two years old, he began to learn Spanish
presentar	to introduce, present	Mi madre me presentó a mi futuro esposo.|My mother introduced me to my future husband.
bajo	under, underneath	encontraron las sepulturas bajo tierra|they found the tombs under the ground
según	according to	Según su experiencia, ésa era la pista correcta.|According to his experience, this was the right trail.
frente	front	si uno situa un espejo frente a otro, crea un portal infinito|if you place one mirror in front of another, it creates an infinite loop
crear	to create	su actitud crea muchos problemas|your attitude creates a lot of problems
tema	theme, subject, topic	es un tema delicado|it’s a delicate topic
cuatro	four	tienen cuatro patas y cuernos|they have four legs and horns
ah	oh	Ah, bueno...¿Ya movieron los materiales?|Oh, good...You already moved the materials?
humano	human	El sistema nervioso humano tiene sistemas neurales complejos.|The human nervous system has complex neural systems.
pueblo	people, village	el libro no representa al pueblo portugués|the book did not represent the Portuguese people
producir	to produce, cause	tus acciones me producen tristeza|your actions cause me grief
abrir	to open	Abre la ventana. Hace calor.|Open the window. It’s hot.
idea	idea	no podemos renunciar a la idea de la igualdad|we can’t give up on the idea of equality
millón	million, fortune	le ha proporcionado un cheque de un millón de pesetas|he has given him a check for a million pesetas
sentar	to sit (down), seat	los niños pasaban a sentarse en sus escritorios|the children went to sit at their desks
aún	still, yet	ni aún así me quedaría|not even then would I stay
caer	to fall	no quiero caer en mi tumba siendo joven|I don’t want to fall down dead at a young age
voz	voice	un hombre de voz vibrante y rica empezó a cantar|a man with a rich and vibrant voice began to sing
terminar	to finish, end	cuelga sin terminar la conversación|he hangs up without finishing the conversation
oír	to hear	no se oía ningún sonido|not a sound was heard
cambiar	to change	no van a cambiar la disposición de invitados|they are not going to change the seating arrangement
ninguno	no, none, nobody (PRON)	No tengo ningún lugar adonde ir.|I have no place to go.
considerar	to consider	no podía considerar la primera hipótesis con seriedad|I couldn’t seriously consider the first hypothesis
político	political	la acción política debe respaldarse en la económica|political action should be supported economically
tierra	earth, land, ground	la tierra aquí es oscura y rica|the land here is dark and rich
realidad	reality, actuality	le habló a Rosabel, que en realidad se llamaba María|he spoke to Rosabel, who in reality is named María
convertir	to convert, change, become	el café llegó a convertirse en la bebida más popular de Cuba|coffee went on to become the most popular drink in Cuba
español	Spanish	la lengua española de hoy es el castellano|the Spanish language of today is Castilian
igual	equal, same (as)	los indios son seres humanos iguales que nosotros|Indians are human beings, the same as us
todavía	still, yet	los animales todavía están vivos|the animals are still alive
cabeza	head (part of body)	planteaba muchas preguntas en mi cabeza|he planted a lot of questions in my head
derecho	right, justice, law	Tengo derecho a opinar.|I have the right to express my opinion.
mantener	to keep, maintain	Luis cruzó los brazos y se mantuvo sereno|Luis crossed his arms and kept calm
utilizar	to use, utilize	sería una buena idea utilizar colores pálidos|it would be a good idea to use pale colors
calle	street	llegó a la esquina de la calle La Merced y La Esperanza|she arrived at the street corner of La Merced and La Esperanza
través	a t. de: through, across	se enteró a través de un amigo|she found out about it through a friend
estado	state, condition, status	hay un estado de incertidumbre que flota en el ambiente|there was a state of uncertainty hanging in the air
relación	relationship, relation	he tenido una relación muy estrecha con los compositores|I have had a very close relationship with the composers
sacar	to take out	sacó un bolígrafo de su bolso y firmó el cheque|she took a pen out of her purse and signed the check
puerta	door	¿Por dónde estará la puerta de salida?|Where would the exit door be?
gracias	thanks, thank you	Doygraciasa Dios por haberme permitido alcanzar mi objetivo.|I thank God for letting me achieve my goal.
necesitar	to need	vas a necesitar un trabajo nuevo|you are going to need a new job
resultar	to result, turn out	el viaje resultó perfecto|the trip turned out perfectly
luz	light	desaparece la luz hasta el oscuro|the light disappeared into the darkness
paso	step, pace	di dos pasos adelante y uno hacia atrás|I took two steps forward and one backwards
general	general	se realiza en el pabellón de operaciones, bajo anestesia general|it is carried out in the operation room, under general anesthesia
escuchar	to listen to	tuvo oportunidad de escuchar comentarios de viajeros|he had the opportunity of hearing the travelers’ comments
guerra	war, warfare	qué pronto se olvida a las víctimas de una guerra|how soon we forget the victims of war
amor	love	¡Tengo el amor más grande del mundo!|I have the greatest love in the world!
cinco	five	mi hija solamente tiene cinco años|my daughter is only five years old
situación	situation	¿Cómo es la situación allí actualmente?|What is the situation there at present?
conseguir	to get, acquire, obtain	te puedo conseguir su número|I can get you her phone number
lograr	to achieve, get, manage	un director no puede lograr buenos resultados sin ayuda|a director can’t get good results without help
mes	month	la boda tendrá lugar el próximo mes de noviembre|the wedding will take place next month in November
quién	who?, whom?	¿Quién es el padre de su hijo?|Who is the father of your child?
fuerza	strength, force, power	necesitaba recuperar fuerzas|I needed to recover my strength
ocurrir	to happen, occur	el miedo a lo que pudiera ocurrir me inmovilizó|the fear of what could happen immobilized me
aparecer	to appear	detrás suyo, Teresa apareció por la puerta de la cocina|behind him, Teresa appeared at the kitchen door
diferente	different, separate	en un entorno urbano el reto, en cambio, es diferente|in an urban environment, however, the challenge is different
muerte	death	sólo la muerte no tiene remedio|only death cannot be cured
ganar	to win, earn	después de diez años ganó el Premio Nobel|after ten years he won the Nobel Prize
estudio	study, learning	he colaborado en un estudio de psicología descriptiva|I have participated in a descriptive psychology study
nivel	level	el nivel del mar empezaba a aumentar|the sea level began to rise
proceso	process, procedure	el proceso electoral fue justo|the electoral process was fair
fuera	out, outside, away	hace como diez años que vivo fuera del Paraguay|I have lived outside of Paraguay for about ten years
largo	long	Salgo de pronto a un largo viaje.|I’m leaving soon for a long trip.
semana	week	no todos los días, pero varios días de la semana|not every day, but a few days of the week
partido	party, group, (sports) match	fue consejero de un candidato del partido conservador|he was an advisor to the conservative party candidate
acabar	a. de V: to have just Ved; finish	la película acabó bien|the movie ended well/had a good ending
explicar	to explain	¿Podría explicar los detalles de este análisis?|Could you explain the details of this analysis?
cuyo	whose	tengo un amigo cuyo niño asiste a esa escuela|I have a friend whose son goes to that school
razón	reason; tener r.: to be right	se quejan sin razón|they complain for no reason
negro	black	Hay un agujero negro en la galaxia M87.|There is a black hole in galaxy M87.
bastante	rather, fairly, quite a bit (ADV)	estoy bastante satisfecho con mi vida|I am quite satisfied with my life
efecto	effect	para estudiar el efecto del Sol sobre la emisión de rayos X|to study the sun’s effect on X-ray emission
servicio	service, helpfulness	es un servicio público que beneficia al individuo|it is a public service that benefits the individual
formar	to form	salieron para formar sus propios grupos|they left to form their own groups
económico	economic	es necesario tener progreso económico|it is necessary to have economic progress
servir	to serve	destapa la botella y sirve unas copas|he uncaps the bottle and serves the drinks
allá	there, over there	miren allá, cerca de la fuente|look over there, by the fountain
empresa	firm, company, venture	operaba con una empresa constructora del Reino Unido|he worked with a construction company from the United Kingdom
centro	center, middle, downtown	no necesitan estar solos en el centro del escenario|they don’t need to be alone in the center of the stage
usar	to use	mi teléfono no funciona y quisiera usar el tuyo|my telephone doesn’t work and I wanted to use yours
tras	after, behind	había retornado a su tierra tras años de lucha|he had returned to his homeland after years of struggle
cambio	change; en c.: instead	podría requerir un cambio de actitud|it could require a change in attitude
clase	kind, class, order	¿Qué otra clase de música le interesa?|What other kind of music interests you?
distinto	distinct, different	abrirían las puertas a un futuro distinto para mí|they would open doors to a different future for me
animal	animal	En la selva, el león es el rey de todos los animales.|In the jungle, the lion is the king of the animals.
hecho	fact, happening	le gustó el hecho de que yo estuviese allí|she liked the fact that I was there
número	number	ella escribía su número telefónico en un papelito|she wrote her telephone number on a little piece of paper
dicho	aforementioned, said	Necesita organizar su espacio interno en función de dicho sistema.|He needs to organize the internal space in terms of the aforementioned system.
información	information	trató de obtener información más precisa|she tried to obtain more precise information
tocar	to touch, play (instrument)	se acercó hasta tocar su rodilla con la mía|she got closer until her knee touched mine
ayudar	to help	espero ganar dinero para ayudar a mi pobre madre|I hope to earn money to help my poor mother
público	public	no se va a arrendar ni a parcelar el espacio público|they will not rent out or divide up public spaces
mostrar	to show	con un dedo me mostró un agujerito negro|he showed me a black hole with his finger
mas	but, however	es posible mas lo dudo|it is possible but I doubt it
estudiar	to study	Adam quiere estudiar teología y ser sacerdote|Adam wanted to study theology and be a priest
hermano	brother, [pl] siblings	tengo tres hermanos y dos hermanas|I have three brothers and two sisters
ley	law, bill, rule	el casamiento civil es una ley de este país|civil marriage is a law in this country
sentido	sense, feeling	es una cantante-actriz en el sentido actual del término|she is a singer-actress in the current sense of the word
incluso	including, even (ADV)	¡Vamos! Incluso yo sabía.|Come on! Even I knew.
cara	face, expression	aparece la cara del hombre con su bigote|the face of a man with a mustache appeared
principio	beginning, principle	tiene fiebre al principio de la enfermedad|he had a fever at the beginning of the sickness
programa	program, plan	van a aprender mucho de este programa escolar|they are going to learn a lot from this school program
música	music	la gente se detenía siempre a escuchar la música que tocaban|the people always stayed around to listen to the music they played
traer	to bring, carry	sí, me trae un zumo de naranjas, por favor|yes, bring me an orange juice, please
campo	field, country	mi campo principal es la enfermedad coronaria|my main field is coronary heart disease
correr	to run	corre tres kilómetros y medio cada mañana|he runs three and a half kilometers every morning
actividad	activity, action	pienso que el arte es una actividad mental|I think that art is a mental activity
quizás	perhaps, maybe	quizás sí, pero de otra forma|maybe so, but in another way
alguien	somebody, someone, anyone	alguien vino a preguntar por usted|someone came and asked for you
comer	to eat	te comiste todo el queso|you ate up all the cheese
acuerdo	accord; de a.: in agreement	estoy de acuerdo con esa interpretación|I am in agreement with that interpretation
demás	the rest, others	es la envidia de los demás estudiantes|he is the envy of other students
siguiente	following, next	al día siguiente se levantó más decidido que nunca|the next day he got up more determined than ever
ofrecer	to offer, present	este hotel ofrece su menú en francés|this hotel offers their menu in French
poder	power	le dio el poder de manejar la economía mundial|he was given the power to manage the world economy
sociedad	society	creaban una sociedad multicultural que vivía en paz|they created a multicultural society that lived in peace
levantar	to raise, lift	de pronto se levantó y fue hasta su biblioteca|he suddenly stood up and went to his library
dios	god, divinity	ahora sé que hay un Dios en los cielos|now I know there is a god in the heavens
jugar	to play (sport/game)	¿Quieres jugar al fútbol esta tarde?|Do you want to play football this afternoon?
época	time, age, period	en la época romana se utilizaba más el bronce|in the Roman age they used bronze more
color	color	los colores primarios son rojo, azul, y amarillo|the primary colors are red, blue, and yellow
zona	area, zone	conquistó la zona alemana de Samoa en agosto de 1914|he conquered the German zone in Samoa in August of 1914
malo	bad	éste se lamentó de su mala suerte|he lamented his bad luck
comprar	to buy	me iba a comprar un televisor|I was going to buy a television
necesario	necessary	haré lo que sea necesario|I will do whatever is necessary
camino	road, route, path	es un camino muy largo el que nos queda por recorrer|we have a long road ahead of us
dinero	money	Hay mucho dinero. ¿Eres muy rico?|That is a lot of money. Are you rich?
pie	foot, base	está enfermo y tiene un pie en el cementerio|he is sick and has one foot in the grave
final	al f.: finally, in the end	al final, crecen y son más o menos iguales|in the end, they grow and are more or less equal
tampoco	neither, nor, either	a él no le gustó, ni a mí tampoco|he didn’t like it, and neither did I
decidir	to decide	¿Cómo decidió usted ser director de orquesta?|How did you decide to be the orchestra conductor?
desarrollo	development	dicen que ya hay planes de desarrollo urbano|they say that there are plans for urban development
movimiento	movement	estaba encabezando un movimiento de subversión|he was leading a subversive movement
alcanzar	to reach, catch up with	la economía tiene posibilidades de alcanzar la prosperidad|the economy is likely to reach prosperity
blanco	white	esta foto es en blanco y negro|this picture is in black and white
equipo	team, equipment, outfit	volvió a Madrid para formar un equipo de trabajo|he returned to Madrid in order to form a work team
difícil	difficult, hard	es duro, difícil tomar una decisión como ésta|it’s hard, difficult to make a decision like this
desarrollar	to develop	tratando de desarrollar un nuevo sistema electrónico|trying to develop a new electronic system
pronto	soon, quick	pronto lo tuvieron todo hecho|they quickly had it all done
pagar	to pay	estamos tratando de pagar esta deuda|we are trying to pay this debt
principal	main, principal	¿Cuál es el problema principal?|What is the main problem?
proyecto	project, plan	esta última fase del proyecto no llegó a ser realizada|this last phase of the project was not carried out
valor	value, worth	hay que descubrir el valor artístico de la obra de arte|you have to discover the artistic value in a work of art
meter	to put (into)	metió a su niño en el carro|she put her child into the car
realmente	really, actually, in fact	¿Antes de nacer nosotros, existía realmente el mundo?|Before we were born, did the world really exist?
sol	sun	se levanta antes del sol y no hay luz eléctrica|she wakes up before sunrise and there is no electricity
imagen	image, picture	es un intento evidente de dañar mi imagen pública|it is a clear intent to harm my public image
cumplir	to fulfill	necesito algo más para cumplir el trabajo|I need something else to complete the job
varios	several, various	está constituida por varios dialectos|it is made up of several dialects
universidad	university, college	Alejandra asistía la Universidad de Georgia por cuatro años|Alexandra attended the University of Georgia for four years
interés	interest	pon más interés en tus estudios|take more interest in your studies
mayoría	majority	la mayoría de los cánceres humanos no tienen un origen vírico|the majority of the human cancers do not have a viral origin
dirigir	to direct, manage	usted dirigió la Orquesta Nacional en 1954|you directed the National Orchestra in 1954
ello	it (subj-n)	no hay que preocuparse por ello|you don’t need to worry about that
tarde	afternoon, evening	a las 6 de la tarde ya es noche|at 6 in the afternoon it is already evening
papel	paper, role, part	el poco papel que tenemos lo dedicamos a libros|the limited paper we have is dedicated to books
producto	product	el arte es, en parte, producto de su época|art, in part, is a product of the period
medio	half, middle	todo lo deja a medio terminar|he leaves everything half finished
continuar	to continue	dio la orden para continuar la marcha|he gave the order to continue the march
modo	way, manner; de m. que: so that	hay diferencia entre el modo de hablar y el de escribir|there is a difference between the way a person speaks and writes
rico	rich, tasty	no quiero ser rica; quiero ser famosa|I do not want to be rich; I want to be famous
ojalá	hopefully	ojalá que así sea|I hope that it is so
reconocer	to recognize, admit	no pudo reconocer quién era|I couldn’t recognize who it was
aire	air, wind, appearance	el helicóptero puede estacionarse en el aire|the helicopter can remain stationary in the air
mañana	morning, tomorrow	en las primeras horas de la mañana|in the first hours of the morning
dormir	to sleep	esta cama es para dormir la siesta en verano|this bed is for taking naps during the summer
acción	action, act, deed	esta acción legal pretendía acelerar la liberalización económica|this legal action intended to accelerate the economic liberalization
pesar	a p. de: in spite of	a pesar de sus deseos, no pueden obtenerlo|in spite of their wishes, they can’t have it
establecer	to establish	de ser posible establecer ese tipo de contacto personal|if it is possible to establish that type of personal contact
seguro	safe, sure, secure	donde se podrán divertir en un ambiente seguro|where they can have fun in a safe atmosphere
vista	view, sight	era un territorio fértil con una hermosa vista hacia la cordillera|it was fertile land with a beautiful view of the mountains
juego	game, play, sport	he escrito algunos libros de juego y diversión|I have written a few books of fun and games
subir	to go up	hay que subir a pie|you have to go up by foot
intentar	to try, attempt	¿Somos tan tontos como para intentar repetir la historia?|Are we so foolish as to try to repeat history?
personal	personal	decidió hacer esta película a partir de una experiencia personal|he decided to make this film because of a personal experience
fondo	bottom, end	llegaré al fondo de esta cuestión|I’ll get to the bottom of this matter
descubrir	to discover	otro policía descubrió un paquete en el suelo|another policeman discovered a package on the floor
olvidar	to forget	no he podido olvidar aquella noche de tu despedida|I have not been able to forget the night you left
experiencia	experience	tengo experiencia de la vida y del amor|I have experience in life and love
incluir	to include	el Partido no incluye ni excluye a nadie|the Party does not include or exclude anyone
condición	condition	el alcohol afecta a la condición física de todos los órganos|alcohol affects the physical condition of all organs
edad	age	se acercaba a la edad de encontrar un hombre con quien casarse|she is approaching the age of finding a man to marry
andar	to walk, function	los niños pequeños tienen un andar chistoso|toddlers have a funny way of walking
orden	order; sequence (m), religious (f)	hay que poner todo en orden de prioridad|you have to put everything in order of priority
mal	badly	cometía un error, o vocalizaba mal|he made mistakes, or expressed himself badly
joven	teenager, young person	está dirigido a los jóvenes entre 16 y 20 años|it is geared toward a young person of 16 to 20 years old
escuela	school	dicta clases en la Escuela de Medicina de esa Universidad|he teaches classes in the school of medicine at the university
uno	one	hay uno que ya lo está haciendo|there is one that is already doing it
nacer	to be born	Picasso nació en Málaga en 1881|Picasso was born in Málaga in 1881
posible	possible	trató de hacer el menor ruido posible para no despertarla|he tried to make the least amount of noise possible so as not to wake her
aprender	to learn	¿Hay una manera mejor de aprender el otro lenguaje?|Is there a better way to learn the other language?
serie	series	en la combustión intervienen una serie de factores|there are a series of factors involved in combustion
dedicar	to dedicate, devote	cuando se quedó sola, le dedicó más horas a escribir|when she was alone, she dedicated more time to writing
necesidad	necessity, need	sentía la necesidad de ser comprendido|she felt the need to be understood
suponer	to suppose, assume	era absurdo suponer que la guerrilla cambiara sus planes|it was absurd to assume the guerrillas would change their plans
aceptar	to accept	Adela estuvo indecisa en aceptar su petición de matrimonio|Adela was undecided about accepting his marriage proposal
comprender	to understand	los había leído todos, sin comprender mucho|I have read them all without understanding much
fuerte	strong	el caballo era fuerte, bien alimentado, limpio, y hermoso|the horse was strong, well-fed, clean, and beautiful
especial	special	siento también una especial predilección por Stravinski|I also have a special feeling for Stravinski
iglesia	church	he asistido esta iglesia toda mi vida|I have attended this church my whole life
seis	six	cinco por seis son treinta|five times six is thirty
obtener	to obtain	se hace la guerra para obtener la paz|they make war to win peace
ciento	hundred	se pueda confiarme ciento por ciento|you can trust me one hundred percent
falta	lack, shortage	sería una locura, una falta de ese sentido de la realidad|it would be madness, a lack of a sense of reality
política	politics, policy	se lanzan a un frenético debate sobre política|they started a wild debate over politics
especie	kind, sort, species	el único que llegó a ser una especie de monstruo fui yo|the only one who became a kind of monster was me
real	royal, real, authentic	fuimos a la biblioteca del palacio real de Madrid|we went to the library in the royal palace in Madrid
cuál	which?	primero dime cuál es tu nombre|first tell me what your name is
antiguo	old, ancient, former	es una de las obras más antiguas—fines del siglo 13|it is one of the oldest works—end of the 13th century
gracia	(pl) thank you; grace, favor	Bueno, gracias por tu tiempo.|Okay, thank you for your time.
santo	saint (m)	todos iban detrás del Santo Patrono con rezos y cánticos|they all followed behind the patron saint with prayers and hymns
diez	ten	tengo una cita a las diez|I have an appointment at ten o’clock
tercero	third	en los primeros años de la tercera década del siglo|at the beginning of the third decade of the century
espacio	space, room	ya no quedaba espacio para nadie alrededor del tranvía|there was no longer any room left for anyone around the tram
bajo	short, low	las puertas de madera son bajas y rudas|the wooden doors are short and rough
publicar	to publish	voy a publicar otro libro con el resto|I am going to publish another book with the rest
población	population	hay una población de 75 mil personas|there is a population of 75 thousand people
aspecto	aspect, appearance	uno de los aspectos más controvertidos del modernismo|one of the most controversial aspects of modernism
muchacho	boy	en aquella época yo era un muchacho de doce años|at that time I was a boy of twelve years
tarde	late	llegó tarde a clase porque el despertador no sonó|he arrived late to class because his alarm didn’t go off
artículo	article, product, item	no podía concentrarse en el artículo que estaba escribiendo|he could not concentrate on the article he was writing
cantidad	quantity, amount	todo esto genera una cantidad de datos formidables|all of this creates an enormous amount of data
sueño	dream, sleep	tenía sueño de ser estrella de cine|she dreamed of becoming a movie star
posibilidad	possibility	debes considerar la posibilidad de buscar un trabajo nuevo|you should consider the possibility of looking for a new job
echar	to throw, cast	me echó de la casa y me fui|she threw me out of the house and I left
internacional	international	gozan hoy día de un gran prestigio internacional|today they enjoy a lot of international prestige
responder	to answer, respond	el Gobierno respondió por escrito a este diputado|the government responded in writing to this delegate
boca	mouth, entrance, opening	solamente es una boca más para alimentar|he is just another mouth to feed
próximo	next	pasará el próximo semestre enseñando literatura|she will spend the next semester teaching literature
mover	to move, incite	no muévas la cámara|don’t move the camera
menor	younger, youngest	Le correspondió la peor parte por ser el hermano menor.|He got the worst of it because of being the younger brother.
cultura	culture	fue una primitiva cultura indoeuropea|it was a primitive Indo-European culture
brazo	arm	nos tomamos de la mano y del brazo mientras caminábamos|we held hands and linked arms while we walked
uso	use	nunca recuperaré el uso de la mano derecha|I will never regain the use of my right hand
todo	all, every	todos los hombres son iguales|all men are alike
libre	free, vacant	estaré más tranquilo y con más tiempo libre|I will be calmer and have more free time
ser	being	es un ser humano perfecto y un bárbaro a la vaz|you can be a perfect human being and a barbarian at the same time
corazón	heart, core	el amor llena tu corazón|love fills your heart
línea	line, course	la línea del horizonte que separa el cielo del mar|the horizontal line that separates the sky from the sea
sitio	place, space	de ocupar el sitio que me correspondía en la casa|to take up the space that belongs to me at home
minuto	minute	antes del partido se va a guardar un minuto de silencio|before the game they are going to observe a moment of silence
señalar	to point (out), signal	nos hizo señas y señaló hacia adelante|he waved to us and pointed forward
mar	sea	sobre todo en la región costeña del mar Rojo|especially in the coastal region of the Red Sea
carrera	career, course, race	la carrera comenzó en la quinta avenida|the race began on fifth avenue
base	base, basis	la mitología griega es la base de mucha literatura|Greek mythology is the foundation for a lot of literature
suceder	to happen	¿Qué pasa? ¿Sucedió algo malo? ¿Algún problema?|What happened? Did something bad happen? Is there a problem?
bajar	to come down, let down	el campesino bajó de la montaña|the farmer came down from the mountain
éste	this one (m), [ésta (f)]	¿Qué esperabas de un lugar como éste?|What were you expecting from a place like this?
apenas	hardly, barely	apenas quedaban 75 personas|there were barely 75 people left
mercado	market	se fue al mercado a comprar verduras|she went to the market to purchase vegetables
respuesta	answer, reply	la única respuesta fue el silencio|the only response was silence
atención	attention	llaman mucho la atención y causan un gran impacto|they draw a lot of attention and cause a huge impact
educación	education	y nada contribuye más a ellas que la educación y la cultura|there is nothing that helps them more than education and culture
miedo	fear	yo no tengo miedo a nada|I am not afraid of anything
pobre	poor	el hambre de los niños pobres|the hunger of poor children
anterior	previous, preceding	en términos de dólares, el anterior fue un año sobresaliente|in terms of dollars, the previous year was outstanding
demasiado	too much	esta casa es demasiado grande para una persona|this house is too big for one person
evitar	to avoid, prevent	actuó rápido para evitar su segura humillación|he acted quickly to avoid certain humiliation
río	river	recorriendo el río Amazonas y atravesando los Andes|journeying through the Amazon River and crossing over the Andes
comentario	remark, comment	me gustaría hacer un comentario sobre el resultado final|I would like to make a comment about the final result
asegurar	to assure, secure, insure	Me aseguró que yo sería el próximo.|He assured me that I would be next.
actual	current	¿La gente del actual Gobierno lo sabe?|Do the people of the current government know it?
imaginar	to imagine	me imagino que Uds. tienen la misma situación|I imagine that you are in the same situation
profesor	professor, teacher	fue profesor de física teórica en la universidad|he was physics professor in the university
resultado	result, outcome	fue el resultado de muchas acciones que parecían inútiles|it was the result of many actions which seemed useless
detener	to stop, detain	¡Detente! Pueden lastimar a alguien.|Stop! You could hurt someone.
solamente	only	la opinión es solamente una hipótesis|opinion is only a hypothesis
sufrir	to suffer, undergo	sufrió la gran eterna tragedia|he suffered the great eternal tragedy
importar	to matter, import	no le importa nada de nada|he doesn’t care about anything
pregunta	question	cada pregunta abría un mar de respuestas|every question brought a flood of responses
ocupar	to occupy, use	volvió a ocupar su lugar|he returned to occupy his place
señora	Mrs., lady, madam	Señora Shoemaker, ¿cuándo descubrió este cometa?|Mrs. Shoemaker, when did you discover this comet?
representar	to represent	representa uno de los aspectos más desconocidos|it represents one of the least well-known aspects
investigación	investigation	están dedicados a la investigación financiera y de propiedades|they specialize in the study of finance and properties
repetir	to repeat	no voy a repetir este pecado más en la vida|I am not going to repeat this sin ever again in my life
autor	writer, author	este autor ha escrito más de 20 libros|this author has written more than 20 books
caminar	to walk	sólo debía caminar dos cuadras para llegar a la terminal|I only had to walk two blocks in order to reach the terminal
gastos	expense, outlay	se deberían poder pagar todos losgastosfamiliares|they should be able to pay all the family expenses
favor	favor, benefit	están a favor de los serbios|they are in favor of the Serbs
vos	you (subj-sg/+fam)	Ese consejo va para vos también.|This advice goes for you too.
silencio	silence	Me encanta el silencio del bosque.|I enjoy the silence of the forest.
viaje	travel, trip	le suceden todo tipo de aventuras durante su viaje|all sorts of adventures happen to him during his trip
natural	natural	decidió que su conducta era natural y sincera|he decided that her conduct was normal and sincere
cerrar	to close	lo mejor era cerrar los ojos y dormir|it was best to close my eyes and sleep
resto	rest, remainder, leftover	en el Perú y Japón sí, pero no en el resto del mundo|in Peru and Japan yes, but not in the rest of the world
comunidad	community	mi nombre únicamente circula entre la comunidad médica nacional|my name is only known among the national medical community
faltar	to be lacking	me falta una persona con quien me pueda comunicar|I don’t have a person with whom I can communicate
mesa	table, board	la mesa estaba puesta para la cena|the table was set for dinner
indicar	to indicate	el conductor le indica el lugar que debe ocupar|the driver indicates the seat you will occupy
función	function, meeting	¿Qué función tienen las Academias en este sentido?|What is the function of the academies in this sense?
vender	to sell	tuvieron que vender el maíz para comprar el lienzo|they had to sell corn in order to buy the painting
supuesto	supposed; por s.: of course	no entendí, por supuesto, nada, ni una palabra|I didn’t understand, of course, not even a word
libertad	freedom, liberty	les falta la libertad, el hábito de pensar libremente|they lack freedom, the habit of thinking freely
organización	organization	el estado es una forma de organización social|the state is a type of social organization
peso	peso (money), weight, load	por lo menos son quince mil pesos por mes|at least fifteen thousand pesos per month
diferencia	difference	¿Sabés la diferencia entre el contador y el matemático?|Do you know the difference between an accountant and a mathematician?
rojo	red	prefiero las manzanas rojas|I prefer red apples
acordar	to remember, remind	hoy ya nadie se acuerda de los antiguos soldados|nowadays no one remembers soldiers from the past
ambos	both	se extendían a ambos lados de la carretera|they extended to both sides of the highway
elemento	element	era un elemento esencial en la cultura estilística|it was an essential element in the stylistic culture
seguridad	security, safety	Tiene unas dudas sobre la calidad y seguridad de los medicamentos.|He has doubts about the quality and safety of the medication.
cuestión	question, matter	creo que es una cuestión de sinceridad|I believe that it is a question of sincerity
miembro	member, limb	es el miembro más destacado del grupo|he is the most prominent member of the group
duda	doubt	no existía duda alguna en que era hijo mío|there was no doubt that he was my son
desear	to want, desire, wish for	dijo que deseaba venir a México|he said he wanted to come to Mexico
película	movie, film	A mí no me gustan las peliculas con mucho sangre.|I do not like movies with too much blood.
dato	data, fact	tenemos grandes bases de datos de secuencias de proteínas|we have a lot of data on protein sequences
región	region	existen en la región comprendida entre 0 y 25 grados de latitud|they exist in the region between 0 and 25 degrees latitude
sector	sector, area, section	se trasladó a otro sector de la ciudad|he was transferred to another area of the city
militar	military	el aeropuerto estaba protegido por los militares|the airport was protected by soldiers
dentro	inside	mi perro duerme dentro|my dog sleeps inside
iniciar	to initiate, start	el curso se inició en enero|the course started in January
destacar	to emphasize, stand out	quisiera destacar los puntos siguientes|I would like to emphasize the following points
compañero	companion, classmate	fue compañero mío de universidad, muy buen amigo|he was a classmate of mine at the university, a great friend
suelo	ground, floor	durmió en el suelo sobre varias mantas|she slept on the floor on top of a few blankets
referir	to refer (to)	me voy a referir a los dos últimos puntos|I am going to refer to the last two points
paz	peace	Todo el mundo quiere paz y armonía.|Everyone wants peace and harmony.
sangre	blood	mi padre siempre se desmaya cuando ve la sangre|my father always faints when he sees blood
observar	to observe	¿Has observado algún cambio?|Have you observed any changes?
precio	price, cost, value	¡Lleven tres al precio de uno!|Get three for the price of one!
verdadero	true, real	cuyo verdadero nombre nadie conocía|whose real name was known by no one
soler	to be accustomed to	en las noches cálidas, la familia suele reunirse en el patio|on warm evenings, the family is accustomed to gathering on the patio
crecer	to grow, increase	nació y creció el muchacho en Colombia|the boy was born and grew up in Colombia
elegir	to choose, elect	los caminos son muchos y hay que elegir el mejor|there are many roads and you have to choose the best one
francés	French	era una auténtica señora francesa|she was an authentic French woman
demostrar	to show, demonstrate	Todos me escuchaban inmóviles, para demostrar la maquina nueva.|Everyone was listening to me without moving, as I demonstrated the new machine.
oportunidad	opportunity, chance	ahora teníamos la oportunidad de aprovechar nuestra experiencia|now we had the opportunity to take advantage of our experience
conocimiento	knowledge	desplegó un conocimiento variado de las costumbres del país|he displayed a deep knowledge of the country’s customs
producción	production	podían controlar la producción del oro de sus minas|they could control the production of gold from their mines
objeto	object, thing	será objeto de estudio para las predicciones meteorológicas|it will be an object of study for weather forecasts
mirada	gaze, look	refleja una mirada límpida, inocente y sorprendida|it reflects a pure, innocent, and surprised look
autoridad	authority	la autoridad no se impone, se gana con el respeto|authority is not commanded, it is won with respect
preparar	to prepare	todos los ingredientes para preparar un plato notable|all the ingredients to prepare a memorable dish
valer	to be worth, cost	¡Estas joyas tienen que valer muchos millones!|This jewelry has to be worth millions!
mundial	worldwide	París era el centro mundial de las bellas letras|Paris was the worldwide center of fine art
regresar	to return (to a place)	luego de catorce días, regresó a su casa|after fourteen days, he returned home
significar	to mean	la paloma azul debía significar la libertad|the blue dove should signify liberty
interesar	to interest	no le interesa conocer el mundo|she is not interested in knowing the world
matar	to kill	¡Mata la cucaracha con tu zapato!|Kill the cockroach with your shoe!
área	area, zone	encerrando un área circular de unos treinta metros de diámetro|they enclosed a circular area of about thirty meters in diameter
opinión	opinion, view	¿Cuál es su opinión sobre el gobierno español?|What is your opinion about the Spanish government?
compartir	to share	espero que compartas tu jubilación conmigo|I hope that you share your retirement funds with me
cuánto	how much?	¿Cuánto tiempo querías? ¿Una eternidad?|How much time did you want? An eternity?
capital	capital; city (f), money (m)	Praga es la capital de la República Checa|Prague is the capital of the Czech Republic
cabo	end, bit; llevar a c.: to carry out	llevó a cabo un importante trabajo científico|he completed a major scientific work
inglés	English	y no tardó en dominar la lengua inglesa|it didn’t take him long to learn the English language
fácil	easy	no es fácil explicar con precisión lo que sucedió|it is not easy to explain with great accuracy what happened
partir	to divide, leave; a p. de: starting	lo partió por la mitad|he cut it in half
lengua	language, tongue, strip (of land)	Góngora es uno de los máximos poetas de la lengua castellana|Gongora is one of the greatest poets of the Castillian language
curso	course, direction	después, hice el curso de literatura contemporánea|afterwards, I took the course in contemporary literature
mandar	to send, order	la primera carta que Rita nos mandó de Francia|the first letter Rita sent us from France
término	term (language), end	cuelga sin terminar la conversación|he hangs up without finishing the conversation
decisión	decision	es difícil tomar una decisión como ésta|it is difficult to make a decision like that
dolor	pain, ache, sorrow	se levantó quejándose de un dolor de espalda|she woke up complaining of a pain in her back
director	director, manager, principal	El director ejerce este control de cada departamento.|The director exercises this control over each department.
participar	to participate	me quería meter en eso, participar y trabajar en todo eso|I wanted to be involved, to participate and work in all of that
causa	cause	la barrera puede romperse a intervalos por causa de las olas altas|the barrier can break at some sections because of the high waves
personaje	character (e.g. movie)	es difícil comprenderlo porque era un personaje muy complicado|it was difficult to understand him because he was a complicated character
rostro	face, countenance	su rostro nunca parece cambiar de expresión|his face never seems to change expression
ocasión	opportunity, occasion	no se puede perder esta ocasión porque es la última|you can’t miss this chance because it is the last one
página	page	cojo el periódico y leo primero las páginas deportivas|I pick up the newspaper and read the sports pages first
atrás	back, behind, ago	se olvidaba de mirar hacia atrás o hacia los lados|she forgot to look behind her and to both sides
llenar	to fill	un espacio se puede llenar con muchos elementos bonitos|you can fill a room with many beautiful artifacts
esfuerzo	effort, endeavor	no ha sido vano su esfuerzo|it has not been an effort in vain
maestro	teacher (m), master	el político no es maestro de escuela, moralista, ni pensador|the politician is not a school teacher, moralist, or thinker
siete	seven	aprobó el cursillo “Cómo ser feliz en siete días”|she approved the workshop “How to be happy in seven days”
enfermedad	illness, sickness	dirían que el rock es una enfermedad de la juventud|they would say that rock and roll is a sickness of youth
teatro	theater, drama	amalgamaban las bellas artes, la literatura, el teatro, y la música|they combined the beautiful arts, literature, theatre, and music
acompañar	to accompany	deberá acompañar a la novia a la iglesia|he should accompany the bride to the church
estilo	style	la casa era de estilo antiguo, con una gran galería al frente|the house was of an antique style, with a big porch in the front
construir	to construct, build	a él le gusta construir modelos diminutos de carros|he likes to construct miniature model cars
cama	bed (furniture)	no podía dormir en esa cama pequeña|I couldn’t sleep in that small bed
enseñar	to teach, show	¿Qué objeto tiene enseñar química en Secundaria?|What is the purpose of teaching chemistry in middle school?
cubrir	to cover	se cubre el rostro con un pañuelo|she covers her face with a handkerchief
siquiera	even (if)	ni siquiera ha preguntado mi nombre|he hasn’t even asked my name
salud	health	ayudan a elevar el nivel de salud a través de la alimentación|they help elevate the level of health through good nutrition
oficial	official, authorized	El idioma oficial es el Español pero predominan dialectos indígenas.|The official language is Spanish but native dialects are dominant.
presencia	presence, appearance	un ruido advirtió la presencia de los ladrones en la casa|a noise warned of the presence of thieves in the house
interesante	interesting	te quieren contar cosas interesantes que te diviertan|they want to tell you interesting things that you will enjoy
ayer	yesterday	ayer se levantó temprano|yesterday I got up early
central	central	puede afectar la piel y el sistema nervioso central|it can affect the skin and the central nervous system
comunicación	communication	la falta de comunicación es nuestra principal limitación|the lack of communication is our biggest limitation
cielo	sky, heaven, ceiling	cree ver en el cielo una nube negra|I think I saw a dark cloud in the sky
control	control	sin ese control, se ha vuelto salvaje|without that control, he has become wild
niña	child, young girl	comenzó a llorar como una niña pequeña|she began to cry like a little child
mal	evil	reflejaba la eterna lucha entre el bien y el mal|it reflected on the eternal struggle between good and evil
norte	north	creo que en el norte y el centro del país se ha logrado eso|I believe that in the north part and the center of the country they have succeeded
plan	plan	nos explicó que tenía preparado un plan infalible|he explained to us that he had an infallible plan
entregar	to deliver	entregó el paquete a las criaturas|he delivered the package to the children
carta	letter, (playing) card	comienza a leer la carta|she starts to read the letter
colegio	(high) school, college	Asistía un colegio en el Perú.|I attended high school in Peru.
policía	police, police force, police officer	el policía dirigió el tráfico después del partido|the police officer directed traffic after the game
llorar	to cry	lloraba, y se limpió los ojos con la servilleta|she cried and wiped her eyes with a napkin
enorme	enormous, vast	hay una enorme cantidad de cuadros muy significativos|there is an enormous number of significant paintings
figura	figure	patina en figura ocho|she skated in a figure of eight
capacidad	capacity	tenía una gran capacidad para entender los tiempos nuevos|he had a great ability to understand the new times
comentar	to comment on	buscamos el manuscrito para comentar algunos pasajes|we looked for the manuscript so that we could comment on some of the passages
orientar	to guide, show the way	tuve que orientar a un joven al parque|I had to show a young man the way to the park
afirmar	to assert, affirm	afirmó que pertenecía a una buena clase de hombre|he declared that he belonged to a good class of man
calidad	quality	para mejorar la calidad de vida de los mexicanos|in order to better the Mexican quality of life
compañía	company	la compañía de teléfonos fue un monopolio de Estado|the telephone company was a government monopoly
jamás	never	¡Jamás he visto cosa más grandiosa y sensacional!|I have never seen something so grand or sensational!
fuente	source, fountain	Encontró la fuente de su inspiración en españa.|He found the source of his inspiration in Spain.
ocho	eight	entre las siete y media, ocho de la mañana|between seven thirty and eight in the morning
tamaño	size, dimension	volvió con un paquetón de papas fritas de tamaño gigante|she returned with a huge box of French fries
materia	matter, subject	en materia musical, la tecnología ha sufrido un receso|in matters of music, technology has suffered a downturn
doctor	doctor	su salud decayó y el doctor le recomendó una vida más tranquila|his health declined and his doctor recommended a more tranquil life
capaz	capable, able	¿Es usted capaz de describir su propia carrera?|Can you describe your own career?
dirección	direction, address	luego desearíamos navegar en dirección a otras estrellas|in the future we would like to fly in the direction of other stars
aumentar	to increase	el primer objetivo es aumentar el número de visitantes|the first objective is to increase the number of visitors
superior	superior, upper	una cantidad de dinero superior a su sueldo anual|a greater amount of money than his annual salary
responsable	responsible	siempre me sentí responsable de nuestra separación|I always felt responsible for our separation
casar	to marry	se casó a los quince años con el dueño de una peluquería|she got married when she was fifteen to the owner of a hair salon
prueba	proof, trial, test	fue prueba de fidelidad y confianza conyugal|it was proof of the loyalty and trust in their marriage
mediante	by means of	se salvó mediante el remedio ése|he saved himself by means of that remedy
cuarto	room, chamber	fue descubierto en un cuarto del Hotel Palacio|he was discovered in a room at the Palace Hotel
abierto	open, unlocked	dormía con un ojo abierto|he slept with one eye open
desaparecer	to disappear, vanish	se hizo desaparecer en la oscuridad|he made himself disappear in the darkness
contrario	contrary, opposite	no nos oprime, es justo lo contrario, nos da la libertad|it doesn’t oppress us, it’s just the opposite, it gives us freedom
objetivo	objective	su objetivo es promover las ventas|his objective is to promote sales
obligar	to obligate, force	me obligó a terminar la novela|he forced me to finish the story
julio	July	¿Que vamos a tener el cuatro de julio, el día de la independencia?|What are we going to have on the fourth of July, Independence Day?
importancia	importance	¿Qué proyectos de importancia tiene en su agenda?|What important projects are on your agenda?
sur	south	es una isla que queda al sur del continente|it is an island that is located to the south of the continent
asunto	matter, issue, affair	se ha creado una gran polémica sobre el asunto|the matter has caused great controversy
medida	measure; a m. que: to the extent	no sé en qué medida nos afectará|I don’t know to what extent it will affect us
energía	energy, power	no encontró ni las palabras ni la energía para hacerlo|he couldn’t find the words or the energy to do the task
impuestos	taxes	uno no pagaimpuestos por creer en la necesidad de hacerlo|one doesn’t pay taxes because of belief in the necessity of doing so
apoyar	to support, lean on	los municipios deben apoyar la educación|the local governments should support education
posición	position	Vi que mi posición en aquel momento era inútil.|I saw that in that moment my position was not helpful.
quitar	to remove, take away	el papel decorativo es muy dificil de quitar de la pared|wallpaper is very difficult to remove from the wall
contestar	to answer, reply	no puede contestar esta pregunta|he cannot answer the question
piel	skin, hide, fur	tenía la piel muy sucia, por eso me duché|my skin was very dirty, so I took a shower
provocar	to cause, provoke	la brisa provoca una blanca lluvia de flores|the breeze causes a white rain of flowers
alma	soul	En el fondo de su alma se encendió un deseo en ayudar a los pobres.|She had a burning desire in her soul to help the needy.
acto	act, action	ser culto es, para mí, un acto voluntario|being cultured is, for me, a voluntary act
década	decade	el láser fue desarrollado en las décadas de 1950 y 1960|the laser was developed during the 1950s and 1960s
mamá	mom	su madre también es una profesora preescolar|her mother is also a preschool teacher
mío	mine	quiere otro café igual al mío|he wants another coffee the same as mine
dólar	dollar	156 pesetas equivalían a un dólar estadounidense en 1999|156 pesetas was equal to one US dollar in 1999
origen	origin, cause	las mesas redondas de origen griego surgieron en el período helenístico|the round tables of Greek origin began during the Hellenistic period
depender	to depend on	no me gusta depender de otra gente|I do not like to depend on other people
abandonar	to abandon, leave (a place)	cuánto nos dolerá abandonar este lugar que tanto amamos|it will hurt a lot to leave the place we love so much
fijar	to set, fix, [se] notice	lo primero que hizo fue fijar fecha definitiva|the first thing he did was set the definite date
profesional	professional	como entrar en alguna carrera y tener éxito profesional|like starting into a career and having professional success
reír	to laugh (at)	se rió, como si hubiera dicho algo muy chistoso|he laughed, as if something very funny had been said
lleno	full, filled	joven y lleno de esperanzas por una vida mejor|young and full of hope for a better life
tirar	to throw, pull	el público se puso furioso y nos tiró tomates|the public was furious and threw tomatoes at us
período	period, time	estamos en un período histórico especial|we are in a special historical time
guardar	to keep, save	lo voy a guardar debajo de mi colchón|I am going to keep it under my mattress
negocio	business, transaction	a base de negocios ilícitos acumuló una fortuna grande|based on illicit business transactions he accumulated a huge fortune
material	material, element	lo invisible está más allá de lo material|the invisible is beyond the material
arriba	up, above	desde arriba yo veía a mis dos hijas|from above I could see my two daughters
gritar	to shout	¡Tápate la cabeza! gritó una voz a mi lado|Cover your head! shouted a voice next to me
médico	doctor	con los problemas de salud, hable con su médico de familia|for health problems, speak with your family doctor
domingo	Sunday	asistía a la iglesia los domingos|she went to church on Sundays
peor	worse, worst	fue el peor desastre del año|it was the worst disaster of the year
os	you (obj-pl/+fam)	os he visto a los dos en esa tienda|I have seen the two of you in that store
notar	to notice	volví a notar esos extraños ruidos en el callejón|I noticed the strange sounds coming from the alley again
institución	institution	esta universidad es la mejor institución en este estado|this university is the best institution in this state
surgir	to appear, spring (forth)	veía las nubes surgir sobre las montañas|he watched the clouds appear over the mountains
expresar	to express	ya expresó su opinión contraria|he already expressed his contrary opinion
amar	to love	cuánto amaba a ese muchachito hermoso|she loved that beautiful boy so much
vestir	to wear, dress	vistió el abrigo, y se enrolló la bufanda|he wore his jacket, and wrapped a scarf around his neck
físico	physical	recuperaron la salud mediante ejercicio físico|they recovered their health through physical exercise
cubano	Cuban	yo aproveché para encender un buen tabaco cubano|I took the opportunity to light a good Cuban cigar
enviar	to send	para enviarle dinero a Pancho|to send money to Pancho
modelo	model, pattern	¿Alguna vez has sido modelo de un pintor?|Have you ever been a model for a painter?
parar	to stop (moving)	me parece que se le paró el reloj|it seems to me that your watch has stopped
rey	king	El Rey Juan Carlos y la Reina Sofía son populares por todo el mundo|King Juan Carlos and Queen Sofia are popular throughout the world
éxito	success	tiene mucho éxito con sus piezas teatrales|she has much success with her theatrical pieces
constituir	to constitute, consist of	los miembros que pueden constituir un sector competitivo|the members that make up the competitive sector
cuanto	en c. a: in terms of, regarding	hoy hay más apatía en cuanto a estas cuestiones|today there is more apathy regarding these questions
generar	to generate	Espero poder generar nuevos modos de pensamiento.|I hope to be able to generate new ways of thinking.
naturaleza	nature, character	tiene una naturaleza racional|she has a rational nature
preferir	to prefer	en realidad prefiero una buena hamburguesa con una Coca-Cola|in reality I prefer a good hamburger with a Coke
cultural	cultural	por la supremacía económica, cultural, lingüística sobre los otros|for their economic, cultural, and linguistic supremacy over others
conjunto	group, set	para mí, fue el conjunto de cosas el que no me gustó|for me, it was the combination of things that I didn’t like
dedo	finger, toe, digit	el juez tocó los papeles con la yema del dedo|the judge touched the papers with the tip of his finger
cantar	to sing	comenzó a cantar con una voz muy dulce|he began to sing in a very sweet voice
futuro	future	un futuro que deseamos construir entre todos|a future that we all want to build
proponer	to propose	le voy a proponer que nos casemos|I am going to propose to her
título	title, heading	esa novela tiene también otro título|that story also has another title
europeo	European	hay una gran influencia eurpea en sudamerica|there is a large european influence in South America
adelante	forward, further	el gobierno sigue adelante con el proyecto|the government is moving forward with the project
suerte	luck, fortune	tengo mucha suerte en mi vida|I have a lot of luck in my life
pensamiento	thought, thinking	un pensamiento extraño nació en mi mente|a strange thought occurred to me
ventana	window	cubre la ventana con la cortina|cover the window with the curtain
jefe	leader, boss, manager	es el jefe de una nueva tribu|he is the leader of a new tribe
chico	boy	mostró la estatura de un chico de seis a siete años|he had the height of a six- or seven-year-old boy
banco	(financial) bank, bench	el Banco de México garantiza una parte del crédito|the Bank of Mexico guarantees part of the loan
ambiente	environment, atmosphere	un ambiente silencioso le ayudó para concentrarse|a silent environment helps her concentrate
lanzar	to throw, launch	lanzaba la pelota de futbol americano para practicar antes del juego|he used to throw the football as practice before games
simplemente	simply, just	me visitan simplemente por ser familia|they visit me just because they are family
permanecer	to stay, remain	me gustaría permanecer aquí|I would like to remain here
romper	to break	no quería romper la unidad de la familia|he did not want to break up the unity of the family
local	local	el nuevo parque está abierto a todos los turistas y residentes locales|the new park is open for all the tourists and local residents
novela	novel	estaba leyendo una novela de terror|he was reading a horror novel
extraño	strange, foreign	había un extraño olor de azúcar quemada|there was a strange smell of burnt sugar
privado	private	los sectores públicos y privados han reducido sus obligaciones|the public and private sectors have reduced their obligations
ciencia	science, knowledge	han sostenido que incluso la ciencia no es tan racional como se supone|he has discovered that in fact science is not as rational as one thinks
flor	flower	Mi flor favorita es la rosa. ¿Cual es la tuya?|My favorite flower is the rose. What is yours?
estructura	structure	está sustentada por una estructura reticular de tubos de acero|it is supported by a lattice structure of steel tubes
duro	hard	respecto a la transferencia de archivos desde disco duro a tablet|concerning the transfer of files from hard disk to a tablet
común	common	el talento no es una cosa muy común|talent is not a very common thing
pena	trouble; valer la p.: be of worth	esa es una cosa que sí vale la pena recordarla|that is something that is worth remembering
red	network, net, system	se hace pública y pasa a ser difundida por toda la red|it becomes public and is spread throughout the whole network
pieza	piece, part	el huarache es una pieza de pan mexicano cortado por la mitad|the huarache is a piece of Mexican bread cut in half
golpe	hit, strike, punch	me dio un golpe en el brazo|he gave me a punch on the arm
economía	economy, economics, thriftiness	para gastar en obras públicas y reactivar la economía|to spend money in public works and stimulate the economy
árbol	tree	las ramas del árbol, que dan sombra|the tree branches that give shade
literatura	literature	es un libro de la literatura sudamericana|It is a book of South American literature
defender	to defend, protect	debemos defender nuestros derechos|we should defend our rights
cuidar	to take care of	debería cuidar más las flores|he should take better care of the flowers
informar	to inform	pero alguien le informó que ya se había ido|but someone informed her that he had already left
texto	text	¿Has leído el texto para mañana?|Have you read the text for tomorrow?
elección	election, choice	este año tendremos elección de 10 gobernadores|this year we will have the election of 10 governors
cortar	to cut	salió al jardín y cortó el tallo más largo de su rosal|she went to her garden and cut the longest stemmed rose from her rose bush
fecha	date, day	Nunca se te olvida la fecha de tu naciemento.|You never forget the date of your own birthday.
especialmente	especially	no era especialmente devota del amor entre compañeros de trabajo|he was not especially a fan of love between co-workers
profundo	deep, profound	el mejor y más profundo conocimiento del poeta|the best and most profound understanding of the poet
conocido	known, well known	Velázquez fue también un pintor muy conocido en Sevilla|Velazquez was also a well-known painter in Seville
unir	to unite, join (together)	lo que está unido aquí, no lo separe el hombre|what is joined here, let no man separate
alemán	German	Los alemanes ganaron contra Argentina en el ultimo juego.|The Germans beat Argentina in the last game.
actuar	to act	esa manera de actuar no es aceptable|that way of acting is inappropriate
salvar	to save, rescue	la amaba porque le había salvado la vida|she loved him because he had saved her life
aplicar	to apply	se aplicó mucho en los estudios|she really applied herself to her studies
extranjero	foreigner	conoce a los extranjeros de distintos países|he knows foreigners from different countries
respecto	con r. a: regarding	los grupos varían con respecto al número que lo componen|the groups vary with respect to their numbers
entrada	entrance, admission ticket	llegamos nada más hasta la entrada de la casa|we only made it to the entrance of the house
planta	plant, floor	ninguna planta capaz de dar frutos puede crecer sobre esta tierra|no plant capable of giving fruit will be able to grow on that land
hija	daughter	es hija de padres divorciados|she is the daughter of divorced parents
negar	to deny, refuse	no puedo negar esta evidencia|I cannot deny this evidence
recuerdo	memory, keepsake	es la memoria, el recuerdo de la experiencia vivida|it is a keepsake, a memory of a life experience
avanzar	to advance, progress	una procesión que avanza por la avenida|a procession that moves forward down the avenue
consecuencia	consequence	la obstrucción se produce como consecuencia de grasas|the obstruction was produced as a consequence of fats
piedra	stone, rock	ella tiene una coleccion de piedras de todos los lugares que ha visitado|she has a collection of rocks from all the places she has been
costar	to cost, be hard	la pensión les costaba más o menos seis mil pesos|the pension cost them more or less six thousand dollars
pierna	leg	tenían las piernas y el cuerpo adaptados para caminar erguidos|they had the legs and body adapted to walk upright
funcionar	to work, function	un sistema hidráulico que funcionaba a través de estanques de agua|a hydraulic system that functioned with stagnant water
pared	(interior) wall	en la pared se ve colgada una pintura|there is a painting hanging on the wall
motivo	motive, cause	revelan el motivo de la construcción de las pirámides|they revealed the motive behind the construction of the pyramids
deseo	desire, wish	tienen gran entusiasmo y deseo de participar activamente|he has great desire and enthusiasm to actively participate
suficiente	sufficient, enough	no tuvo el tiempo suficiente para ejecutar sus proyectos|he didn’t have enough time to carry out his plans
ropa	clothes, clothing	está vestida de ropa deportiva|he was dressed in sports clothes
abuela	grandmother	La madre de mi madre, mi abuela, es de España.|My mother’s mother, my grandmother, is from Spain.
ayuda	help, aid	para que las personas afectadas puedan recibir la ayuda que necesitan|so that affected people can receive the help they need
anunciar	to announce, advertise	le oí anunciar la llegada de su invitado|I heard them announce the arrival of their guest
reunir	to gather, meet, collect	le permitieron reunir una fortuna de proporciones grotescas|they allowed him to gather a wealth of grotesque proportions
disponer	to have means, dispose	el enemigo dispone de tropas y armas|the enemy has troops and weapons at his disposal
abajo	down, below, downward	¿Se podría echar abajo la alianza opositora?|Can we bring down the opposing alliance?
sostener	to support, hold up	subimos a la plataforma que sostenía la cama|we climbed on the platform that held the bed
popular	popular	¿Se trata de música popular o culta?|Is it about popular or highbrow music?
precisamente	precisely	este es precisamente el problema|this is precisely the problem
visitar	to visit	me gustaría visitar Los Ángeles|I would like to visit Los Angeles
construcción	construction	suelen instalarse durante la construcción del edificio|they are usually installed during the construction of the building
contener	to contain	una dieta que no contenga las cosas que te llevan a ser gordo|a diet that does not include the things that make you fat
estudiante	student	era suficiente para una estudiante de cuarto curso|it was sufficient for a fourth-year student
fiesta	party, feast	¿Le gustaría celebrar su fiesta de cumpleaños en mi casa?|Would you like to have your birthday party at my house?
lucha	fight, struggle, wrestle	la lucha contra el desempleo es la principal prioridad|the fight against unemployment is our main priority
metro	meter, subway	produce kilogramos de vegetales por metro cuadrado|he produces kilograms of vegetables per square meter
mañana	tomorrow	¿Entonces mañana va a correr en el parque otra vez?|So tomorrow are you going to run in the park again?
rato	moment, while, time	cuando hacía buen tiempo, se paseaba un rato sola por el parque|when the weather was nice, she took a moment alone to walk in the park
colocar	to place, position	colocó las rosas dentro del jarrón|she placed the roses in the vase
oscuro	dark, obscure	estás en el punto más oscuro del bosque|you are in the darkest part of the forest
sombra	shade, shadow	tomó la siesta a la sombra de los árboles|he took a nap in the shade of the trees
expresión	expression	Johnny cambió su sonrisa por una expresión concentrada|Johnny changed his smile to an expression of concentration
separar	to separate	sonrió sin separar los labios|she smiled without opening her lips
plaza	square, marketplace	hay una muchedumbre bailando en la plaza principal|there is a crowd dancing in the main plaza
vivo	alive, bright	el país está musicalmente vivo y palpitante|the country is alive and vibrating with music
vecino	neighbor	permiten que los vecinos construyan sus viviendas en los barrios|they permit their neighbors to build their houses in the district
pretender	to attempt	no sale siempre lo que uno pretende|you do not always succeed in what you attempt
isla	island	Es de las islas británicas.|She is from the British Isles.
azul	blue	los colores básicos son azul, amarillo, verde y rojo|the basic colors are blue, yellow, green and red
verde	green	los vegetales de hoja verde, como las espinacas y la col son saludables|the green leaf vegetables like spinach and cabbage are very healthy
carácter	personality, nature	es un hombre de carácter apacible, reflexive, y afectuoso|he is a man with a gentle, thoughtful, and affectionate personality
viento	wind, scent	un viento de huracán amenaza arrancar el techo|a hurricane wind threatens to rip off the roof
cruzar	to cross	¿Por qué el pollo cruzó la calle?|Why did the chicken cross the road?
completo	complete	tienes mi apoyo completo|you have my complete support
artista	artist, performer	el artista pintó también retratos de familias famosas|the artist also painted portraits of famous families
contacto	contact	nos mantendremos en contacto por vía telefónica|we will stay in contact by telephone
veinte	twenty	mide tres metros veinte centímetros|it measures three meters twenty centimeters
invitar	to invite	le voy a invitar a un café caliente|I am going to invite her for a cup of hot coffee
religioso	religious	un sentimiento religioso que expresa admiración|a religious sentiment that expresses admiration
cargo	position, charge, fee	¿Desde cuando ocupa usted el cargo de director musical?|Since when did you occupy the position of musical director?
nación	nation	celebramos la entrada del país en el grupo de naciones europeas|we celebrate the entrance of our country into the group of European nations
ministro	(government) secretary, minister	el Ministro de Hacienda dice que no hay mucho que negociar|the property minister says that there is not much to negotiate
televisión	TV, television	habrá transmisiones de televisión y radio|there will be television and radio transmissions
determinado	determined, fixed	se levantó con aire determinado para marcharse|he awoke determined to leave
memoria	memory	habla pausadamente, buscando en la memoria la palabra exacta|he speaks slowly, searching his memory for the exact word
recoger	to pick up	se inclinó hacia la derecha para recoger una maleta|she leaned to the right to pick up the suitcase
treinta	thirty	van a venir unas treinta personas|there are about thirty people coming
histórico	historical	el único manuscrito histórico con miniaturas del mundo bizantino|it is the only historical manuscript with miniatures from the Byzantine era
extender	to extend, spread	ella extiende sobre la mesita un mapa|she spreads out a map on the table
espíritu	spirit, ghost	son, en cambio, una muestra del mismo espíritu de intolerancia|they are, on the other hand, an example of the same spirit of intolerance
lejos	far (away, off)	ese sitio estaba lejos del pueblo|that site was far away from the village
mitad	half, middle	es un libro sobre la primera mitad del siglo|it is a book about the first half of the century
actitud	attitude	hay que tener siempre una actitud de alegria|one should always have a positive attitude
solución	solution, answer	no encontraría la solución a mis problemas|I would not find the solution to my problems
público	public, audience	lo que me motiva es el contacto con el público|what motivates me is the interaction with the public
basar	to base on, base upon	voy a basar el argumento en hechos concretos|I am going to base my argument on concrete facts
totalmente	totally, completely	el departamento estaba totalmente desnudo|the department was completely stripped
total	total, entire	el Estado tiene un total de 20 kilómetros de autopistas de peaje|the state has a total of 20 kilometers of toll roads
sala	room, hall	siempre vemos la tele en la sala|we always watch television in the living room
acerca	about, concerning	la importancia de educar a la poblaciónacercade la política|the importance of educating the public about politics
par	pair, couple (m); a la p.: at same time	acaba de comprar un par de zapatos|he just bought a pair of shoes
apoyo	support, backing	cuando necesité ayuda, ella volvió para darme su apoyo|when I needed help, she returned to give me her support
territorio	territory	el Amazona ocupa un territorio de 6.000.000 kilómetros cuadrados|the Amazon occupies a territory of 6,000,000 square kilometres
loco	crazy, insane	estos hijos de diablo van a volverme loco|these devilish children are going to drive me crazy
mensaje	message	cree que la visión del sueño fue un mensaje divino|he believes the vision from his dream was a divine message
unidad	unit, unity	las hermanas no quieren romper la unidad de la familia|the sisters did not want to break up the unity of the family
mexicano	Mexican	recibe su nombre del actual estado mexicano de Veracruz|it gets its name from the current Mexican state of Veracruz
práctica	practice, skill	para practicar otros deportes de montaña y de aventura|to practice other mountain and adventure sports
teoría	theory	¿Es un artículo acerca de la fusión nuclear o la Teoría de la Relatividad?|Is it an article based on nuclear fusion or the theory of relativity?
preocupar	to worry	cada día le preocupa más|she worries about it more each day
cuento	story, tale	le gustaría reproducirlo en cuentos y novelas|he would like to recreate them in stories and novels
exigir	to demand	exijo la perfección|I demand perfection
mejorar	to improve, get better	tienes que mejorar tus notas|you need to improve your grades
serio	serious	esa muchacha tiene un problema serio|that girl has a serious problem
edificio	building	el colegio tenía edificios de estilo colonial|the college had colonial-style buildings
técnica	technique, skill	la técnica de microdiálisis utiliza sondas|the microdialysis technique requires a catheter
noticia	news	¿Qué noticias tienen de la isla de Mallorca?|What news do you have from the island of Mallorca?
carne	meat, flesh	me gusta la carne más que las verduras|I like meat more than vegetables
moderno	modern	he escrito sobre el arte moderno|I have written about modern art
alumno	student, pupil	yo fui muy buen alumno en la matemática|I was a very good math student
oro	gold	a mí gustan los aretes de oro en vez de plata|I prefer gold earrings instead of silver ones
escritor	writer	de la pluma del escritor nacen los libros|books are born from the pen of the writer
papá	dad	en realidad su papá es trujillano y su madre de Lima|actually, his father is from Trujillo and his mother is from Lima
teléfono	phone, telephone	la llamé por teléfono y me dijo que recibió el mensaje|when I called her on the telephone she told me she received my message
resolver	to resolve, settle, work out	tenemos que resolver el conflicto|we have to resolve the conflict
concepto	concept	hoy tenemos un concepto muy museístico de la obra de arte|we now have a very museum-like concept of art
interior	interior, inside	el interior del edificio está vacío|the inside of the building is empty
rápido	quick, fast	vamos a buscar una solución lo más rápido posible|we will find a solution as quicky as possible
crisis	crisis	después tuvo un ataque de ansiedad, pero la crisis no fue tan severa|afterwards he had an anxiety attack, but the crisis wasn’t that severe
civil	civil	las preguntas efectuadas por miembros de una sociedad civil|the questions asked by members of a civil society
pelo	hair	era rubio y flaco, de pelo corto|he was blond and thin, with short hair
formación	formation, education	¿Cuál ha sido su formación formal?|What is your formal training?
simple	simple, mere, simpleminded	al principio papá lo veía como un simple juego|in the beginning dad saw it as a mere game
comercial	commercial, shopping	está empleado en una firma comercial importante|he is employed in an important commercial firm
riesgo	risk	lo preocupante para mí es el riesgo de que nos descubran|what worries me is the risk that they will find us
imponer	to impose, enforce	a menudo trataba de imponer su voluntad|every once in a while he tried to impose his will
fundamental	fundamental	es un paso fundamental en el proceso|It was a fundamental step in the process
amplio	wide, ample, broad	La fiesta fue en un amplio cuarto con suficiente lugar para bailar.|The party was held in a large room with sufficient space for dancing.
afectar	to affect	los déficits fiscales sí pueden afectar la economía|the fiscal deficits can definitely affect the economy
foto	photo, picture	las fotos mostraban un dormitorio pintado de azul|the pictures showed a bedroom that was painted blue
reducir	to reduce	la importación de maíz se reducía a cero|the importation of corn has reduced almost to zero
fuego	fire, gunfire	me quemó el fuego|the fire burnt me
aprovechar	to take advantage of	yo quiero aprovechar esta oportunidad|I want to take advantage of this opportunity
celebrar	to celebrate	fuimos a celebrar nuestra liberación|we went to celebrate our new freedom
error	error, mistake	en fin, hay la posibilidad de corregir el error|in the end, there is the possibility of correcting the error
perro	dog	el gato, el perro, y los pollos fueron domesticados muy pronto|the cat, the dog, and the chickens were domesticated very quickly
piso	floor, story	había una escalera hasta el tercer piso|there was a staircase to the third floor
gusto	pleasure, taste, preference	mi gusto personal en arte no es nada conservador|my personal taste in art is not conservative at all
bonito	pretty, nice	¡Qué vestido tan bonito!|What a beautiful dress!
medir	to measure	la Colonia Güell mide precisamente 44 metros de alto|the Colonia Guell church measures exactly 44 meters in height
pareja	couple, pair	una pareja de enamorados se besa|a couple of lovebirds kiss
despertar	to wake (up), arouse	se volvió a dormir pero se despertó de nuevo en cinco minutos|he went back to sleep and then woke up again in five minutes
pesar	to weigh	el diamante pesaba sin cortar 60.25 quilates|the uncut diamond weighed 60.25 carots
costa	coast	un parque nacional que hay en la costa del Pacífico hacia el sur|a national park that is in the south of the Pacific coast
enfrentar	to confront, face	prefieren huir a enfrentarse con los soldados|they prefer to escape rather than confront the soldiers
corresponder	to correspond with	introduce un número que corresponde a su tarjeta|he presents a number that corresponds with his card
escapar	to escape	mi perro siempre se escapa de su caseta|my dog always escapes from his kennel
causar	to cause, bring about	el fuego causó severos daños en el área|fire caused severe damage to the area
grave	serious, solemn	fue un accidente grave|it was a serious accident
viajar	to travel	le gustaba viajar en tren|he liked to travel by train
cámara	camera, chamber	la escena fue grabada por la cámara de seguridad del banco|the scene was filmed by a bank security camera
vía	road, way; por v.: by means	ellos viajan al norte en vía de tren|they are traveling north by way of train
ejército	army	le impidió seguir la ofensiva contra el ejército iraquí hasta el final|it prevented him from continuing the offensive against the Iraqi army until the end
comida	food, meal	en los restaurantes no se servía comida antes de las ocho|the restaurants did not serve food prior to eight o’clock
caballo	horse	montaban a caballo y jugaban polo|they rode horses and played polo
feliz	happy, fortunate	con un aplausito cortés, y una sonrisita feliz|with slight courteous applause and a happy little smile
mayo	May	estoy hablando del mes de mayo de 1996|I am talking about the month of May in 1996
plata	silver, money	ornamentados con perlas e hilos de oro y plata|decorated with pearls and threads of gold and silver
visita	visit, visitor, guest	tras una visita a la ciudad de San Francisco|after a visit to the city of San Francisco
rodear	to surround	consiguieron rodear a las tropas británicas|they managed to surround the British troops
adquirir	to acquire, get	por unas cuantas pesetas es posible adquirir un par de tarjetas|for a few pesetas it is possible to acquire some postcards
consejo	advice, council, counsel	hay que tener paciencia, fue el consejo de la comadre|“you have to have patience” was the advice of the midwife
responsabilidad	responsibility	con la libertad viene la responsabilidad|with liberty comes responsibility
hoja	sheet, leaf	escribe la respuesta en una hoja de papel|write your answer on a sheet of paper
encuentro	meeting, game, skirmish	acepté el encuentro en el café habitual|I agreed to the meeting at the usual café
arma	weapon	no creo en tener armas en la casa|I don’t believe in having weapons in the home
alejar	to move away	se alejó de ella, dio unos pasos, y se sintió solo|he moved away from her, took a few steps, and felt alone
revista	magazine, journal	publica una revista en la que colabora regularmente|he publishes a magazine to which he contributes regularly
pertenecer	to belong	un 30 por ciento confiesa pertenecer a otras religiones|30 percent of people say they belong to other religions
debido	d. a: due to	Él tiene una infección intestinal, debido a la falta de hygiene.|He has an intestinal infection due to lack of good hygiene.
agregar	to add, gather	nadie era capaz de agregar nada a lo dicho|nobody was able to find anything to what was said
trabajador	worker, laborer	unas son perezosas pero la mayoria son muy trabajadoras|some are lazy, but the majority are very hardworking
generación	generation	está criando la nueva generación de hijos|she is raising the new generation of children
ciudadano	citizen	los afortunados ciudadanos de estos países democráticos|the fortunate citizens of those democratic countries
propiedad	property	cedería la propiedad a un grupo de entidades financieras|he would give the properties over to a group of financial organizations
gesto	gesture	no pude hablar y le hice un gesto afirmativo con la cabeza|I couldn’t speak and gave a nod with my head
blog	blog	llama mucho la atención lo que he leído en tublog|what I have read in your blog really gets my attention
departamento	department, apartment	la noticia se filtró del departamento central de policía|the news was leaked from the central police department
agosto	August	tengo que comer el 24 de agosto con el nuevo ministro|I have to eat with the new minister on August 24
pasado	past, last	La semana pasada tuve la oportunidad de participar.|Last week I had the chance to participate.
radio	radio; set (m), communication (f)	fue transmitido en cadena nacional por la radio y la televisión|it was transmitted on the national channels via radio and television
emplear	to employ	el pintor necesita emplear sus talentos en sus obras|the painter needs to employ his talents when he paints
máximo	maximum	es un espacio militarizado, de máximo control|it’s a military space, with maximum secucrity
sorprender	to surprise	abrió la puerta de golpe como para sorprender a quien estuviera|he opened the door suddenly in order to surprise whoever was there
detalle	detail	conoce en detalle las características de su cara|he knows in detail the features of her face
puro	pure, clean	se llenaba los pulmones con el aire puro|he filled his lungs with clean air
disfrutar	to enjoy	disfruta de los mínimos placeres de la vida|enjoy the simple pleasures of life
barrio	neighborhood, district	en mi barrio vivía gente de países distintos|people from different countries lived in my neighborhood
sentimiento	feeling, sentiment	hay en ella un sentimiento de frustración|she has a feeling of frustration
espalda	back (body)	ofendido, me dio la espalda|offended, he turned his back on me
fe	faith	le hubiera abrumado sin la fe|he would have been overwhelmed without his faith
distancia	distance	¿Qué puedo decir a miles de kilómetros de distancia?|What can I say from a distance of thousands of kilometers?
calor	heat, warmth	El piso todavía estaba caliente en el verano porque hacía mucho calor.|The floor was still hot in the summertime because it was very hot outside.
conciencia	conscience, consciousness	se dormía en paz con su conciencia|she fell asleep at peace with her conscience
reunión	meeting, reunion	vamos a tener una reunión con él el próximo lunes|we are going to have a meeting with him next Monday
finalmente	finally, at last	la casa fue finalmente demolida|the house was finally demolished
sonar	to sound, ring	¿Escuchaste sonar las campanas?|Did you hear the bells ring?
defensa	defense, plea	es necesario montar la defensa allá|it’s necessary to set up the defense over there
justicia	justice, fairness	el castigo es cosa de la justicia|punishment is a part of justice
cine	cinema, movie theater	el cine en nuestro pueblo solamente tiene tres películas|the movie theater in our town only has three movies
existencia	existence, life	él ignoraba la existencia de los otros|he was unaware of the existence of the others
grado	degree, grade	las discusiones llegaban a un grado de violencia|the discussions escalated to a degree of violence
ganas	desire	si tengo ganas de trabajar, lo puedo hacer en tres horas|if I have the desire to work, I can do it in three hours
plantear	to propose, present	quisiéramos aquí plantear la cuestión|we would like to consider a question here
madera	wood	se exporta madera de pino del sur de Brasil|they export pine from southern Brazil
menudo	a m.: often	es que ella padece muy a menudo de dolores de cabeza|it’s that she often suffers from headaches
probar	to test, prove, try	metió la mano adentro para probar la temperatura|he put in his hand to test the temperature
destino	destination, destiny	para abordar su vuelo con destino a Estados Unidos|to board his flight with its destination to the United States
café	coffee, cafe	¿Qué tomas tú? // Café, café con leche.|What are you having? // Coffee, coffee with milk.
contenido	contents, content	quería saber el contenido de la ensalada|she wanted to know the contents of the salad
cincuenta	fifty	entre los cuarenta y los cincuenta años|in between forty and fifty years
pintura	painting, paint	una selección de obras maestras de la pintura y la escultura española|a selection of masterworks from Spanish painting and sculpture
marido	husband	los declaro marido y mujer|I now declare you husband and wife
diario	newspaper	lee el diario y déjate de hablar tonterías|read the newspaper and stop talking nonsense
recorrer	to travel, cover (distance)	su trabajo le permitió viajar y recorrer el mundo|his job allowed him to travel all over the world
hallar	to find (out)	tratan de hallar en el cosmos la antimateria perdida|they tried to find the missing antimatter in the universe
poseer	to possess, own	el libro posee una calidad estética notable|the book possesses a remarkable aesthetic quality
altura	height, altitude	a siete mil metros de altura hay que usar oxígeno|at seven thousand feet in altitude you need to use oxygen
pecho	chest, breast	se reclinó contra un tronco y estiró sus piernas|he leaned back against the tree trunk and stretched his legs
costumbre	habit, custom, usage	tampoco faltaban, como era costumbre, las faltas de respeto|they never failed, as was their habit, to be disrespectful
recién	recently, just	sus amigos que recién habían tenido un hijo|his friends that recently had a son
estrella	star	la estrella más cercana es Alpha Centauri|the closest star is Alpha Centauri
mente	mind	tenía una mente analítica y científica|he had a very analytical and scientific mind
declarar	to declare, testify	¿Tiene que declarar sobre el crimen?|Does he have to testify about the crime?
letra	letter, handwriting, lyrics	la letra es un jeroglífico|the writing is in hieroglyphics
sonreír	to smile	ella sonrió complaciente|she smiled indulgently
creación	creation	para permitir la creación de 26.000 puestos escolares nuevos|to permit the creation of 26,000 new school positions
hermoso	beautiful, lovely	ese pájaro se caracteriza por su sonido muy hermoso|this bird is characterized by its very beautiful sound
advertir	to notice, warn	una compañera le advirtió que aquello era una falsificación|a co-worker warned her that it was a falsehood
canción	song	es la misma canción que mi madre me cantaba cuando era niño|it is the same song that my mother sang to me when I was a child
método	method	me impresiona mucho su método científico de investigación|his scientific method of investigation really impressed me
república	republic	el presidente de la República francesa es François Mitterrand|the president of the French Republic is Fracois Mitterrand
reforma	reform, improvement	Hace campaña para llevar a cabo la reforma agrarian.|He is campaigning in order to carry out land reform.
lluvia	rain	el Cairo recibe sólo 26 mm de precipitaciones de lluvia al año|Cairo receives only 22 mm of rainfall each year
esperanza	hope	yo creo que hay que tener fe, esperanza, y caridad|I believe that you have to have faith, hope, and charity
tío	uncle, guy	Caminó a otra pradera, donde vivían sus tíos y sus primas.|He walked to the other meadow where his uncles and cousins lived.
conversación	conversation	quería continuar la conversación sobre la pintura y el arte|I wanted to continue our conversation on painting and art
influencia	influence	es evidente que Berta tiene una influencia positiva en Fernando|it is evident that Berta has a positive influence on Fernando
nueve	nine	las nueve vidas del gato|the nine lives of a cat
instante	instant, moment	¡Rápido! Cada instante malgastado, perdimos dinero.|Quickly! With every wasted moment, we lose money.
marcar	to mark, note, dial	vemos así la estrella Polar, que marca el norte|here we see the north star, which marks the north
controlar	to control	hay que controlar eso; que no resulte excesivo|you have to control that so that it doesn’t become excessive
tarea	task, job	les ayuda a hacer una tarea dentro del hogar|he helps them do a task at home
documento	document	le pidieron el documento de identidad|they asked her for her identification documents
famoso	famous, well known	es un hombre que ya es famoso precisamente por esas hazañas|he is a well-known man precisely because of those heroic deeds
conducir	to lead, drive	el mismo camino que nos condujo a ese lugar|the same way that we got to this point
prensa	press	editores, distribuidores, y vendedores de prensa y revistas|editors, distributors, and vendors of newspapers and magazines
normal	normal, usual, regular	los altibajos son algo normal de la vida diaria|ups and downs are a normal occurrence of daily life
coger	to hold, take, catch	volvió a coger su silla y a sentarse|he took out his chair again and sat in it
suyo	his, hers, yours (−fam), theirs	señor, lo que es mío, es suyo|sir, what is mine is yours
tratamiento	treatment, processing	se utiliza para el tratamiento de pacientes que sufren hipertensión|it is used to treat patients that suffer from hypertension
conservar	to conserve, preserve	una señora que conserva recuerdos de su padre|a woman who preserves memories of her father
raro	strange, rare, scarce	no sé; me suena raro lo que dicen ustedes|I don’t know; what you are saying sounds strange to me
puesto	job, place, position	me ofrecieron un puesto como redactora|they offered me the position of editor
retirar	to take away, retire	retiró su nombre de la contienda por la presidencia|he took his name out of the running for presidency
exterior	exterior, outside	cuerpos celestes del espacio exterior incluido satelites|heavenly bodies in outer space including satellites
ay	oh no!, oh my!	¡Ay! ¿Estás bien?|Oh no! Are you okay?
acá	here, around here	estuve por acá el sábado pasado|I was around here last Saturday
campaña	campaign	fueron expresadas en una nueva campaña de reforma ideológica|they were expressed in a new season of idealogical reform
vuelta	return, turn	¿Vamos de ida y vuelta en barco?|We are going by boat for the trip there and the return?
particular	particular, peculiar	hablo en particular de los antiguos regímenes comunistas|I speak in detail of the old communist regimes
operación	operation	con el objetivo de elaborar una operación de rescate|with an objective to plan a rescue operation
usuario	user	a losusuariosles gustaría poder ejecutar los mismos programas|users like to be able to have access to these same programs
industria	industry, factory	esa industria está muy desarrollada en el país|that industry is very developed in the country
cuadro	painting, picture	observó el cuadro colgado en la pared de enfrente|he examined the picture hanging on the front wall
alimento	food, nourishment	el arroz es un tipo de alimento básico|rice is a basic kind of food
jugador	player, gambler	los jugadores de rugby no se dan por vencidos|rugby players do not give up
frío	cold	ducharse con agua fría o caliente|to take a shower with cold water or hot
crecimiento	growth, increase	ha experimentado el crecimiento más rápido en Europa|it has experienced the fastest growth in Europe
aplicación	application	no hay una aplicación práctica de la teoría|there is not a practical application of the theory
organismo	organism, (human) body	¿Han recibido alguna ayuda de un organismo privado?|Have they received some help from a private organization?
conflicto	conflict	el conflicto árabe-israelí tiene raíces profundamente religiosas|the Arab-Israeli conflict has deep religious roots
optimista	optimistic	tenía una visión optimista del universo|he had an optimistic view of the universe
periódico	newspaper, periodical	su padre bajó el periódico que leía|his dad lowered the newspaper he was reading
atender	to serve, attend to	los médicos se preparaban para atender a los pacientes|the doctors prepared to attend to the patients
añadir	to add	hay que añadir los ingredientes según la receta|you have to add the ingredients according to the recipe
directo	direct, straight	entramos y fui directo al dormitorio|we entered and I went directly to the bedroom
impedir	to prevent, hinder	nadie puede impedir este suceso|no one can prevent this event
cristiano	Christian	era el mandamiento cristiano|it was a Christian commandment
argentino	Argentine	el equipo argentino de fútbol perdió la Copa Mundial|the Argentine soccer team lost in the World Cup
determinar	to determine, decide	nadie más que ella determinó el destino de la familia|nobody other than her determined the destiny of the family
ruido	noise	sólo oigo el ruido del tráfico|I only hear the noise of traffic
junio	June	bueno, el mes de junio estuve un poco ocupado|well, during the month of June I was a little busy
frase	phrase	bastaría una sola palabra o una frase para terminar la obra|he needed only one word or phrase to finish the work
actualmente	now, at present	su hija vive actualmente en Dinamarca|her daughter presently lives in Denmark
sensación	sensation, feeling	la nostalgia me da una sensación de juventud|nostalgia gives me a youthful feeling
venta	sale	para que tengan otro mercado para la venta de sus productos|so that they have another market to sell their products
sonido	sound	Escuchó el sonido del avión llegando.|He heard the sound of the plane arriving.
característica	characteristic, aspect	hay una característica que hace única a la pintura|there is a characteristic that makes the painting unique
cerca	close, near	nos sentábamos cerca del fuego|we sat down next to the fire
instrumento	instrument	el músico probó su instrumento disparando algunas notas|the musician tested his instrument by firing off a few notes
bello	beautiful, fine	se hospedaba en esa bella mansión de una familia inglesa|he was staying in that beautiful mansion with an English family
visión	vision	teníamos sobre todo una misma visión de la vida|overall we had the same vision of life
sonrisa	smile	Mostró dientes blancos y su sonrisa fresca y luminosa.|He showed his white teeth and his fresh and bright smile.
factor	factor, cause, influence	la caza controlada puede ser un factor de equilibrio de fauna|controlled hunting can be a balancing factor for the animals
tecnología	technology	la creación de efectos especiales con tecnología electrónica|the creation of special effects con electronic technology
convencer	to convince, persuade	nadie los va a convencer de lo contrario|nobody is going to convince them otherwise
hospital	hospital	Necesitas puntos para esa herida. Debes ir al hospital.|You need stitches for that wound. You should go to the hospital.
voluntad	will, willpower, intention	donde hay la voluntad hay un camino|where there is a will there is a way
definir	to define	la suma de los actos que define una vida|the sum of the acts that define a life
organizar	to organize	quisiera organizar un grupo de teatro|I would like to organize a theater group
poeta	poet	muchos llamaban a Whitman el «poeta de América»|many named Whitman the “poet of America”
corto	short, brief	su único día libre, era el día más corto de la semana|her only day off was the shortest of the week
firmar	to sign	acabamos de firmar una carta de protesta|we just signed a letter of protest
versión	version, account	presentó en Londres la versión inglesa de sus crónicas|he presented his English version of his chronicles in London
pleno	complete, full	el tiempo es un ladrón experto que roba a pleno día|time is an expert thief that robs in full daylight
similar	similar	algo similar le ocurría al resto de la familia|something similar happened to the rest of the family
labio	lip	Sus labios estaban pintados un rojo muy brillante.|Her lips were painted a bright red.
tradición	tradition	deberías ser fiel a la tradición religiosa|you should be faithful to religious traditions
cliente	client, customer	hablábamos de los negocios, de los clientes, y de las ventas|we spoke of business, clients, and sales
luchar	to fight, wrestle	habían dedicado su existencia a luchar contra el mal|they had dedicated their existence to fighting against evil
abril	April	eso fue el diez de abril como a la una de la tarde|that was April 10 at about one in the afternoon
análisis	analysis	al lado de excelentes análisis, vimos caprichosas aproximaciones|we saw whimsical approximations alongside excellent analyses
enemigo	enemy	el enemigo de mi enemigo es mi amigo|the enemy of my enemy is my friend
científico	scientific	es un elemento que corresponda al campo de estudio científico|it’s something that relates to the field of scientific study
grito	cry, shout, scream	la madre pega un grito de triunfo|mother gave a shout of triumph
habitación	room, bedroom, habitat	tocaban la puerta de la habitación 222 del Hotel Diamante|they knocked on the door of room 222 of the Diamond Hotel
olor	smell, odor, fragrance	sentí que el olor de café venía de la cocina|I perceived the smell of coffee coming from the kitchen
estadounidense	U.S., American	fue un destacado especialista en políticaestadounidense|he was an outstanding specialist of American politics
oficina	office	trabajo en la oficina de capacitación|I work in the training office
tranquilo	calm, tranquil, relaxed	me dejaron tranquilo y en paz|they left me calm and at peace
caja	bank, box, safe	lo guardó en una caja de plástico en un armario|he kept it in a plastic box in the closet
prestar	to lend	creo que te podré prestar unos mil dolares|I think I can lend you about a thousand dollars
insistir	to insist on	el gobierno no debería insistir en este tipo de intervenciones|the government should not insist on this type of intervention
puerto	port, harbor	el puerto que sirve para tráfico oceánico|the port is used for ocean traffic
clásico	classic	los mejores ejemplos del período clásico se encuentran en Tikal|the best examples of the classical period can be found in Tikal
superar	to overcome, surpass	el sistema inmunológico supera a la bacteria|the immune system outpaces the bacteria
identificar	to identify	permitió identificar con precisión las causas de la contaminación|it permitted us to identify with precision the cause of the contamination
juicio	judgment	no sabemos cuál será el juicio de la crítica sobre tus escritos|we do not know what will be the critics’ judgment on your writings
exactamente	exactly	quedan exactamente dos minutos y seis segundos|there are exactly two minutes and six seconds left
esposa	wife	el conoció a su futura esposa en la univesidad cuando eran muy joven|he met his future wife at the university when they were young
sencillo	simple, plain, easy	¿Es más difícil o más sencillo que antes?|Is it harder or easier than before?
beber	to drink	a comer un trozo y a beber un vaso de leche|to eat a portion and drink a glass of milk
revolución	revolution	los progresos en la ciencia y la revolución de las comunicaciones|progress in the sciences and the revolution of communication
rosa	rose	llené un vaso con agua y con la rosa|I filled the vase with water and a rose
comercio	commerce, trade	¿Cómo se pasa del monopolio al comercio libre?|How do we go from a monopoly to a free trade market?
escena	scene, stage, setting	apareció en la escena artística en 1960|he appeared on the art scene in 1960
premio	prize, reward	Pavlov recibe el Premio Nobel por sus estudios sobre la fisiología|Pavlov received the Nobel Prize for his studies about physiology
cuarenta	forty	era una mujer de unos cuarenta años|she was a woman about forty years old
enfermo	ill, sick	el cayó enfermo de tuberculosis|he became ill with tuberculosis
superficie	surface, area	las ondas sísmicas que se generen en la superficie de Júpiter|the seismic waves that are generated on the surface of Jupiter
aquello	that over there (n)	aquello era un palacio|that over there was a palace
provincia	province, region	nació en la provincia de Badajoz y se formó en la escuela sevillana|he was born in the Badajoz province and went to school in Seville
absoluto	absolute	el rey mantiene el control absoluto de la gente|the king maintained absolute control over the people
terreno	ground, earth, terrain	éste es un terreno muy árido|this is a very arid terrain
respeto	respect, regard	hasta ese momento sentía un respeto muy grande hacia él|until that moment he had incredible respect towards him
técnico	technical	El director técnico se expresó así en la conferencia de prensa.|The technical director spoke that way at the press conference.
violencia	violence	Tenemos que luchar contra la violencia doméstica.|We have to fight against domestic violence.
risa	laugh, chuckle	Tiene una risa larga, alegre, y contagiosa.|He has a big, happy, and contagious laugh.
mencionar	to mention, cite	se deben mencionar algunos detalles más|we should mention a few more details
muerto	dead	Esa señora está más muerta que viva, nadie la recordará.|That lady is more dead than alive, no one will remember her.
numeroso	numerous	era un ejército numeroso y bien armado|it was a numerous and well-armed army
muchacha	girl	yo era una muchacha de diecinueve años, nada más|I was a girl of nineteen years of age, that’s all
etapa	stage, period	entró en la etapa final de su enfermedad|he entered the last stage of his illness
proteger	to protect	la ley protege cuidadosamente a los menores|the law carefully protects minors
contemplar	to contemplate	el contempla retirarse a los 55 anos|he is considering retiring at the age of 55
moral	moral	El derecho al aborto no es un tema moral.|The right to an abortion is not a moral subject.
interno	internal	la estructura sufría «un colapso interno»|the structure suffered “an internal collapse”
mínimo	minimum	no paguen el sueldo mínimo legal|they don’t pay the legal minimum wage
instalar	to install	trataba de instalar un columpio para los niños|he was trying to install a swing set for the kids
presente	present	es bueno planificar el futuro y accionar sobre el presente|it’s good to plan for the future and act for the present
museo	museum	se construyó un museo de arte moderno|a museum of modern art was built
perfecto	perfect	queríamos encontrar el sitio perfecto|we wanted to find the perfect spot
ataque	attack, raid	durante el ataque, Mussolini se encontraba en Verona con Hitler|during the attack, Mussolini was found in Verona with Hitler
máquina	machine	una máquina que convierte la energía mecánica en eléctrica|a machine that converts mechanical energy into electrical energy
durar	to last	esta suerte no te va a durar toda la vida|this good luck will not last your whole life
paciente	patient	no todos los pacientes experimentan dolor torácico|not all patients experience thoracic pain
lenguaje	language, speech	lenguaje basado en el habla popular|language based on the popular speech
habitante	inhabitant	soy parte de esta ciudad, soy su habitante|I am part of this city, I am a resident
original	original	presenta su invento como algo novedoso y original|he presents his invention as something new and original
consistir	to consist of	la casa suele consistir en materiales de madera|the house is made of wooden materials
labor	labor, work, task	se habla mucho de su labor en el terreno del psicoanálisis|his work is much spoken about in the field of psychoanalysis
presión	pressure	está ejerciendo mucha presión para que no lo publiquemos|he is putting a lot of pressure on us not to publish it
analizar	to analyze	no tenía tiempo de analizar sus actos|I didn’t have time to analyze your deeds
tono	tone	habla de forma pausada y en tono bajo|he speaks slowly and with a low tone of voice
recuperar	to recuperate, recover	pareció recuperar parte de su apetito despues de estar enfermo|he appears to have recovered some of his appetite after his illness
chica	girl, female	es una chica joven de catorce años|she is a young girl around fourteen years old
esconder	to hide, conceal	buscó el pecho de su madre para esconder la cara|he looked for his mother’s chest to hide his face
prácticamente	practically	la Seguridad Social estaba prácticamente en quiebra|social security was practically in bankruptcy
introducir	to introduce, bring in	ahorita se pueden introducir las nuevas tecnologías|we can now introduce the new technologies
individuo	individual, person	no forman un colectivo—son todos individuos|they don’t form a collective—they are all individuals
entero	entire, whole, complete	son conocidos en el mundo entero|they are well known throughout the entire world
pegar	to hit, stick (on)	empezaron a tirarme cosas; uno me pegó y yo me defendí|they began to throw things at me; one hit me and I defended myself
cobrar	to charge (money)	parece que le quería cobrar una cuenta vieja|it seems that she wanted to charge an old account
circunstancia	circumstance	tuvimos que enfrentar una circunstancia económica difícil|we had to deal with a difficult economic situation
doce	twelve	la Iglesia de los Doce Apóstoles|the Church of the Twelve Apostles
verano	summer	En el verano nos gusta ir a la playa para evitar tanto calor.|In the summertime we enjoy going to the beach to avoid the heat.
encima	above, on top, in addition	nos pueden elevar por encima de nuestra realidad|they can raise us above our reality
nota	note, grade	el periódico tiene siempre una nota de carácter despectivo|the newspaper always has a tone of contempt
velocidad	speed, velocity	no hay mayor velocidad que la de la luz|there is no greater speed than light speed
salida	exit, escape, outcome	no se dio cuente pero se metió en un callejón sin salida|he didn’t realize it, but he entered an alley with no exit
manifestar	to express, show	tampoco le manifestó sus dudas acerca de la combatividad|neither did he express his doubts about the fighting
italiano	Italian	tantas ciudades italianas que son casi como un museo|there are many Italian cities that are like museums
hombro	shoulder	un chico camina con una mochila al hombro|a young man walks with a backpack over his shoulder
administración	administration	¿Qué tipo de administración harán los representantes del gobernador?|What type of management will the governor’s representatives use?
transformar	to transform, change	la política básica fue transformar China en una sociedad socialista|the basic policy was to transform China into a socialist society
recursos	resources	tiene todos los recursos para mejorar esa situcación|he has all the resources to improve that situation
septiembre	September	Tengo que comprar libros antes de empezar en septiembre las clases.|I need to buy books before beginning classes in September.
matrimonio	marriage, married couple	nosotros tuvimos cinco hijos en el matrimonio|we had five children during our marriage
familiar	familiar, of the family	le gusta el estilo abierto y familiar del nuevo papa|she likes the open and familiar style of the new pope
dificultad	difficulty, obstacle	nos encontramos en dificultades con esta nación|we found ourselves with problems with that nation
víctima	victim, casualty	mi única hija ha sido víctima del robo de identitad|my only daughter has been a victim of identity theft
líder	leader	tú eres el líder de los trabajadores y sólo a ti te hacen caso|you are the leader of the workers and they only pay attention to you
básico	basic, essential	el salario no alcanzaba para cubrir las necesidades básicas|the salary did not add up to enough to cover the basic necessities
equilibrar	to balance	Estamos aquí para equilibrar la oferta y la demanda.|We are here to balance supply and demand.
participación	participation, involvement	pero debemos tener una mayor participación cívica|but we should have greater civic involvement
idioma	(specific) language	habla en un idioma extraño|she speaks in a strange language
saltar	to jump, leap, hop	saltó por la ventanita y echó a correr|he jumped through the small window and started to run
unión	union	con abrazos y besos emocionados sellaron la unión de ambas familias|with emotional hugs and kisses they sealed the union of both families
ejercicio	exercise, practice	hago ejercicios cada mañana en el gimnasio|I exercise every morning at the gym
hotel	hotel	pasamos tres días en un hotel de primera clase|we spent three days in a first-class hotel
culpa	blame, fault	oígame, que yo no tengo la culpa si he perdido la documentación|listen to me, it’s not my fault if I lost the document
diciembre	December	se apagó un mediodía de diciembre, diez días antes de Navidad|it was turned off one afternoon in December, ten days before Christmas
inmediato	immediate	anunció que regresaría de inmediato al aeropuerto|he announced that he would return to the airport immediately
régimen	regime, diet	recientemente, mi régimen ha consistido de vegetales verdes y pollo|lately, my diet has consisted of green vegetables and chicken
juez	judge	no habrá en España un juez que sea capaz de condenarle|there was not a judge in Spain who was able to condemn him
beneficio	benefit, profit	nos agrupamos para luchar en beneficio de todos|we joined forces to fight for the benefit of everyone
peligro	danger, menace	ante el peligro de la muerte, Douglas recordó toda su vida|in danger of death, Douglas recalled his whole life
intención	intention	comunicó a los dueños su intención de comprarles el piso|he communicated to the owners his intention of buying the apartment
amiga	friend (f)	pero si lo que quieres es una amante, una compañera, una amiga|but if what you want is a lover, a companion, a friend
enero	January	vamos a esquiar en Colorado este enero|we are going to ski in Colorado this January
norma	standard, pattern, norm	se cumplen las leyes como norma invariable|the laws are obeyed as an invariable standard
opción	option, choice	no tengo otra opción, tengo que estudiar toda la noche|I don’t have another option, I have to study all night
americano	American	¿Viste las series americanas en la televisión?|Did you see the American series on television?
independiente	independent, self-sufficient	eso se llama ser independiente y no «el nene de mamá»|that is called being independent, and not a “mama’s boy”
acceso	access, entry	prohibían el acceso de los niños a la extensa sala|children are prohibited access to the large room
sábado	Saturday	porque no tenía descanso los sábados y los domingos|because he didn’t take a break on Saturdays and Sundays
vídeo	video	El rapero ha grabado unvídeoen MTV.|The rapper has recorded a video on MTV.
corte	court (f), cut (m)	en audiencia especial por el pleno de la Corte Suprema de Justicia|a special hearing by the full Supreme Court
manejar	to drive, handle	quiero manejar un auto|I want to drive a car
seco	dry, arid	el río está seco y no circula|the river is dry and not flowing
ordenar	to put in order, organize	arrugó la frente como para ordenar sus pensamientos|he wrinkled his forehead as if to organize his thoughts
completamente	completely	me olvidé completamente de mí misma|I completely forgot about myself
indio	Indian	lo que los españoles con los indios en América|what the Spanish did to the American Indians
caber	to fit (into)	no van a caber las cosas en la casa|the items are not going to fit in the house
positivo	positive	clasificamos en sí y no, en positivo y negativo|we organize it in yes and no, in positive and negative
lista	list, roster, roll	me dio una lista de personas a quienes yo podía enviar mi libro|he gave me a list of people to whom I could send my book
coche	car, carriage	¿No podemos venir ni en el coche ni en el tren?|We can’t come by car or train?
respetar	to respect	hay que respetar a las personas mayores|you must respect your elders
inversión	investment, outlay	su construcción supone una gran inversión de tiempo y energía|its construction involved a great investment of time and energy
directamente	directly, straight away	se metió directamente en la pelea|he joined the fight straight away
límite	limit	habían llegado al límite de su paciencia|they had reached their limit of patience
jardín	garden	salgo al jardín a mirar mis plantas|I go out to the garden to look at my plants
placer	pleasure	Es siempre un gran placer caminar junto a ti.|It is always a great pleasure to walk with you.
patio	courtyard, playground, yard	en el centro del patio hay un árbol y unos asientos de piedra|in the center of the yard there is a tree with a few stone benches
encargar	to entrust, [se] take charge of	¿Quién se va a encargar de este proyecto?|Who is going to take charge of this project?
concluir	to conclude, finish	no tuvo tiempo de concluir su propio pensamiento|he did not have time to finish his own thought
asistir	to attend	los chicos no pudieron asistir a clases por la nieve|the kids could not attend classes because of the snow
cerrado	closed	las cámaras de TV de circuito cerrado|the closed-circuit TV cameras
encantar	to be very pleasing to	¡Qué pieza tan linda! Me encanta tu casa.|What a beautiful room! I love your house.
literario	literary	hay una dualidad entre el inglés literario y el inglés oral|there is a duality between literal English and spoken English
seguramente	surely, securely	se sentó a mi lado, seguramente para darme confianza|he sat next to me, surely to give me confidence
tía	aunt	mi prima y mi tía Julia eran inseparables|my cousin and my aunt Julia were inseparable
comienzo	start, beginning	y esto es el comienzo de todo lo que vino después|and this is the beginning of everything that came later
lectura	reading	orientaba mi afición por las letras con la lectura de los clásicos|I centered my obsession with the arts on reading the classics
asumir	to assume, take on	el papá asumió la responsabilidad|dad assumed responsibility
componer	to compose, be part of	Son objetos que van a componer un pequeño museo recordatorio.|They are objects that will make up a small commemorative museum.
propósito	intention, purpose	estamos totalmente de acuerdo con el propósito de la iniciativa|we are in complete agreement with the purpose of the initiative
abogado	lawyer	porque si soy abogado, naturalmente tengo que conocer las leyes|because if I am a lawyer, naturally I know the law
funcionario	civil servant	es un burócrata, un funcionario estatal|he is a bureaucrat, a civil servant
hogar	home, hearth	El niño tiene derecho a un buen hogar con padres y familia que lo quieren.|A child has the right to a good home with parents and family members who love him.
cocina	kitchen	entra a la cocina y se prepara un té|she goes into the kitchen and prepares a cup of tea
quince	fifteen	yo tenía quince años|I was fifteen years old
merecer	to deserve, be worthy (of)	él es un padre que merece todo el respeto de su hijo|he is a father that deserves all of his son’s respect
masa	mass, dough, bulk, crowd	La masa de maiz se usa para hacer tortillas.|Corn flour dough is used to make tortillas.
revelar	to reveal, disclose	el efecto de revelar el contraste entre filosofías|the effect of revealing the contrast between philosophies
reflejar	to reflect	los términos se debían modificar para reflejar los cambios|the terms need to be modified to reflect the changes
alegría	joy, happiness	sentía la alegría de vivir, bajo un cielo sin nubes|I felt the joy of life, under a sky with no clouds
exponer	to expound, expose	el marido trató de exponer su verdadera situación económica|the husband tried to explain his true financial situation
tradicional	traditional	vivía en una familia tradicional|he lived in a traditional family
adecuado	adequate, suitable	El pájaro buscó el lugar adecuado donde plantar su nido.|The bird looked for an adequate spot to put her nest.
relacionar	to relate	cada órgano se relaciona al otro|every organ is related to another
dominar	to dominate, master	dominaba tres lenguas: el griego, el latín, y el espanol|he mastered three languages: Greek, Latin, and Spanish
pese	in spite of	no le sirvieron las escusaspesea que eran ciertas|none of his excuses worked, even though they were true
británico	British	el imperio británico envió sus soldados a conquistar|the British Empire sent its soldiers out to conquer
enterar	to find out [se]	me quiero enterar cómo van sus problemas|I want to find out how her problems are going
fenómeno	phenomenon	el muchacho debe de ser un fenómeno para recuperarse tan pronto|the guy must be a phenomenon in order to recuperate so quickly
musical	musical	es un sonido mecánico, pero también musical|it is a mechanical sound, but also musical
marzo	March	esto ocurrió desde principios de marzo o un poco después|this occurred since the beginning of March, or a little after
espejo	mirror, reflection	vio la reflexión en el espejo del ropero|he saw his reflection in the wardrobe mirror
obstante	however, nevertheless	Pero, noobstante, siempre representará un testimonio seguro.|But nevertheless, he would always give a true testimony.
ejercer	to practice, exercise	viene al pueblo con intenciones de ejercer su profesión|he came to town with the intention of practicing his profession
periodista	journalist	¿Cuál es su profesión? // Periodista. // ¿Dónde escribe?|What is your profession? // Journalist. // Where do you write?
ministerio	ministry	es un libro aprobado por el Ministerio de Educación|it is a book approved by the Ministry of Education
situar	to situate, place, locate	este punto se puede situar en el centro|this point can be placed in the center
género	sort, gender, genre	te comprendo bien sin ningún género de dudas|I understand you without any sort of doubt
dueño	owner, landlord (m)	era el señor que era el dueño de la pequeña empresa|he was a man who was the owner of a small company
luna	moon	¿Cuáles son las distancias de la Tierra al Sol y de la Tierra a la Luna?|What are the distances between the Earth and the Sun and the Earth and the Moon?
tender	to tend to, lay out	la historia tendía a ser endiabladamente repetitiva|the story tended to be monstrously repetitive
octubre	October	la primera tierra que pisó Cristóbal Colón el 12 de octubre de 1492|the first land that Christopher Columbus set foot on October 12, 1492
concreto	concrete, real	de buscar una solución al problema concreto de las minas|in search of a solution to the real problem with the mines
plazo	deadline, installment	nos dio una hora de plazo, y se sentó a esperar tranquilamente|he gave us a deadline of an hour, and he sat down to wait calmly
hola	hello, hi	Se acercó a saludar. «Hola Mercedes», le dijo.|He approached and greeted her. “Hello Mercedes,” he said.
terrible	terrible	me daba miedo hablar de algo tan terrible como la guerra|I was scared to talk about something so terrible as the war
recomendar	to recommend	me recomendó que leyera las instrucciones|he recommended I read the instructions
aprobar	to pass (test), approve	estudian mucho para aprobar los exámenes|they study a lot to pass the tests
incorporar	to incorporate, include	hay que incorporar más fruta en la dieta|you have to include more fruit in your diet
comisión	commission, committee	trabajo por comisión en el departamento de ventas|I work for commission in the sales department
bien	goods, property, benefit	él sabe lo que está mal y lo que está bien|he knows what is bad and what is good
sexual	sexual	el primer mandamiento era castigos más fuertes para el abuso sexual|the first mandate was stronger punishments for sexual abuse
diverso	different, various, several	esta disciplina ha desarrollado diversas tradiciones|this field has given rise to several different institutions
arrastrar	to drag, pull	el abuelo arrastró su sillón hasta la ventana|grandfather dragged his chair to the window
acostumbrar	to be accustomed to	no me puedo acostumbrar a este clima|I cannot get used to to this climate
conmigo	with me	dime que no estás enfadado conmigo|tell me that you aren’t angry with me
informe	report	ya he leído el informe escrito|I have already read the written report
congreso	congress	el congreso de la Confederación Argentina no ratificó el tratado|the Argentine Confederation congress did not ratify the treaty
viernes	Friday	trabajé toda la semana y el viernes cambié un cheque en el banco|I worked all week and on Friday I cashed a check at the bank
cercano	near	su lugar de trabajo se encontraba cercano a la residencia|her job was near her home
disco	disc, disk, record	el disco duro está muerto|the hard disk is dead
hambre	hunger, starvation	a veces cuando tengo hambre, como demasiado|sometimes when I am hungry, I eat too much
eliminar	to eliminate, exclude	la ventilación elimina los olores y sabores|the ventilation eliminates the smells and flavors
declaración	declaration, statement	lee una declaración oficial para descartar dudas|read an official statement to rule out doubts
web	Internet, web	El uso de este sitio web implica la aceptación de los términos.|Using this website implies acceptance of the terms.
victoria	victory, triumph	una importante victoria sobre una poderosa fuerza militar|an important victory over a powerful military force
propuesta	proposal, proposition	ustedes hacen una propuesta que favorece a los minusválidos|you make a proposal that favors the disabled
bastar	to be sufficient	una sola lección le bastó para conocerlo todo|one lesson was sufficient to familiarize himself with all of it
soñar	to dream	yo soñaba con ser piloto|I dreamt of being a pilot
implicar	to implicate, imply	se calló para no implicarse a si mismo|he kept quiet to avoid implicating himself
silla	chair, seat	me senté en una silla baja junto al fuego|I sat down in a short chair next to the fire
describir	to describe	no te voy a describir la escena|I am not going to describe the scene to you
marcha	march, progress	se pone en marcha a la capital para protestar contra las leyes nuevas|he is marching toward the capital in protest of the new laws
impresión	impression, printing	me da la impresión de que no quiere enterarse|I get the impression that she does not want to find out
comunicar	to communicate	la novela sirve más bien para comunicar ideas|the novel serves mostly as a way to communicate ideas
marca	mark, brand, trademark	Y mientras el producto evoluciona, la marca no lo hace.|And even though the product evolves, the brand stays the same.
ritmo	rhythm	El ritmo de la música es típico de esa region del país.|The rhythm of the music is typical of that region of the country.
activo	active	Tiene una vida activa; siempre está haciendo algo Nuevo.|She has an active life; she is always doing something new.
robar	to rob, steal	me robaron de $100|they robbed me of $100
canal	channel, canal	estamos en contra de privatizar el canal de televisión|we are against the privatization of the television channel
corriente	current, flow	con mayor voltaje hay mayor intensidad de corriente|with greater voltage there is more intense current
poesía	poetry, poem	la poesía romántica es mi favorita|romantic poetry is my favorite
destruir	to destroy, ruin	el equipo militar piensa destruir a este enemigo|the military team is thinking about destroying this enemy
reciente	recent	en España es una moda relativamente reciente|in Spain it is a relatively recent fad
fundar	to found, base	su intención de fundar una colonia penitenciaria|his intention to found a penal colony
doble	double	existe un doble y hasta un triple habitación|there is a double and even a triple bedroom
tendencia	tendency, style	existe una fuerte tendencia a descargar esta responsabilidad|there exists a strong tendency to excuse oneself from this responsibility
vehículo	vehicle, car	bajaron del vehículo cuando el conductor estacionó|they got out of the car when the driver stopped
temer	to fear	empecé a temer que una bomba atómica iba a caer|I began to fear that the atomic bomb was going to fall
aparte	apart, aside, separately	no hablo con nadie aparte de mi propia familia|I do not speak to anyone apart from my own family
actualidad	present (time)	en la actualidad son muchos los que conocen el tema|there are many who know about the subject at the present time
solicitar	to solicit, request	era su esposa, quería solicitar el divorcio|it was his wife, she wanted to ask for a divorce
reacción	reaction	mi reacción inmediata le sorprendió|my immediate reaction surprised her
contribuir	to contribute	estaría dispuesto a contribuir en tan digna obra|I would be willing to contribute to such a worthy cause
sorpresa	surprise	quiero darle una sorpresa|I want to give her a surprise
envolver	to wrap	ciertos embalsamadores egipcios llegaron a envolver a las momias|some Egyptian embalmers got to the point of wrapping the mummies
pérdida	loss	no todo estaba perdido y era posible conseguir un empleo|not all was lost and it was still possible to find employment
cuello	neck, collar	una almohada en la que tú reposas tu cuello cuando estás en una avión|a pillow on which you rest your neck when you are on a plane
compromiso	compromise, engagement	hicieron todos un compromiso para la unidad del Partido|everyone made a compromise for the unity of the Party
ángel	angel	canta como un ángel|he sings like an angel
comprobar	to verify, prove	tuvo oportunidad de comprobar el problema|he had the opportunity to verify the problem
rechazar	to reject	es libre para aceptar o rechazar la propuesta|he is free to accept or reject the proposal
cargar	to load (up), carry	cargó en su mochila todo lo necesario|he loaded his backpack with everything he needed
raíz	root	hay cosas que se deben cortar de raíz, antes de que produzcan males|there are things that should be nipped in the bud, before they can produce something bad
integrar	to integrate, fit in	el teólogo buscaba integrar la religión y la ciencia|the theologian tried to integrate religion and science
temperatura	temperature	su temperatura crítica es de 28 grados Kelvin|its critical temperature is 28 degrees Kelvin
señal	sign, mark, token	¿Tiene alguna señal en particular? // Sí, una cicatriz.|Does he have a particular characteristic? // Yes, a scar.
financiero	financial	Nececitaba un apoyo financiero de 25 millones de dólares.|He needed financial support of 25 million dollars.
frecuencia	frequency	se ha citado con mucha frecuencia en varias ocasiones|it has been cited frequently on various occasions
discutir	to argue, discuss	parecía discutir con un interlocutor invisible|he appeared to be arguing with an invisible person
banda	(musical) band, sash	toco el clarinete y la guitarra en la banda del pueblo|I play the clarinet and the guitar in the town band
confirmar	to confirm	los investigadores tratan de confirmar si es verdad|the investigators tried to confirm if it is true
transmitir	to transmit, broadcast	los conciertos que transmiten en directo Radio 2|the concerts that are broadcast directly on Radio 2
arreglar	to fix, arrange	el hombre arregló las cosas por las buenas|the man fixed things for the better
secretario	secretary	así lo indicó el secretario general en una sesión|so the general secretary said in a meeting
candidato	candidate	Tony Blair venció a John Major, candidato del Partido Conservador|Tony Blair beat John Major, the candidate of the Conservative Party
exposición	exhibition, display	habrá una exposición internacional en el Museo de Arte Moderno|there will be an international exhibition in the Museum of Modern Art
apuntar	to point, note, aim	cuando el barco apunta hacia el viento, pierde velocidad|when the boat aims toward the wind, it loses velocity
daño	harm, injury, damage	no había tenido la intención de hacerle daño a nadie|I didn’t have the intention of harming anyone
club	club, society	vamos al club, cada cual está con su grupo de amigos|we are going to the club, everyone is with his own group of friends
atravesar	to cross	para llegar al bosque tenía que atravesar el desierto|in order to reach the forest you had to cross the desert
novio	boyfriend, groom	su hija tiene novio y se va a casar muy pronto|his daughter has a boyfriend and she is going to marry him very soon
bailar	to dance	aprendían a bailar el charlestón con el profesor|they learned to dance the Charleston with the teacher
llamada	call, knock	el teléfono sonaba y sonaba, y la llamada no tenía respuesta|the telephone rang and rang, and the call was not answered
cruz	cross, burden	Trabaja para la Cruz Roja.|He works for the Red Cross.
punta	tip, point	tengo algo en en la punta de la lengua|I have something on the tip of my tongue
juventud	youth	un recorrido biológico por la infancia, la pubertad, y la juventud|a biological path through infancy, puberty,
acaso	by chance, maybe	No te acuso de nada. ¿Acaso te sientes culpable?|I’m not accusing you of anything. Maybe you feel guilty?
pintar	to paint	Tiene un trabajo para pintar casas.|He has a job painting houses.
industrial	industrial	es siempre una economía industrial o comercial|it is always an industrial or commercial economy
torno	en t. a: around	todo lo que está ocurriendo en torno a la reforma del impuesto|everything that is happening regarding tax reform
lindo	pretty, nice, lovely	es un lindo regalo, creo yo|it’s a lovely gift, I think
intelectual	intellectual	Es importante en el desarrollo intelectual del niño.|It is important for the intellectual development of the child.
derecho	right, straight	haga clic con el botón derecho para ver más opciones|right-click to see more options
referencia	reference, allusion	en su libro no hay ninguna referencia a su opinion personal|there isn’t a reference to his personal belief in his book
sujeto	subject, individual	el sujeto y el complemento llevan distintas funciones gramaticales|the subject and the object have distinct grammatical functions
despedir	to say goodbye (to), dismiss	se despidió de cada uno, y después fue de la casa|he said goodbye to everyone, and then left the house
religión	religion	hay religiones incontables en el mundo|there are countless religions in the world
probablemente	probably	probablemente después de misa se viene a cocinar|she probably comes home and cooks after Mass
baño	bathroom, bath, swim	se metió al baño para ducharse|he went to the bathroom to shower
enseñanza	teaching, instruction	dedicó su vida a la enseñanza y dirección de su colegio|she dedicated her life to teaching and the management of her school
pan	bread	ni hay agua ni hay pescado ni pan para de comer|there is neither water, nor fish, nor bread to eat
aportar	to provide, contribute	ellos son los que quieren aportar recursos|they are the ones that want to contribute resources
vino	wine	para acompañar un plato así, tiene que ser vino tinto|for a dish like that, a red wine is recommended
demanda	petition, request, demand	se puede responder a la demanda de incrementar el gasto social|you can take responsibility for the demand of increasing social spending
extraordinario	extraordinary, exceptional	yo creo que tiene un talento extraordinario como director|I believe he has an extraordinary talent as a director
adoptar	to adopt	¿Estaría con tiempo de adoptar otra postura?|Would there be time to adopt a different position?
desconocido	unknown	salí sin mapa con rumbo desconocido|I left without a map with an unknown course
chino	Chinese	una escaramuza entre las tropas japonesas y chinas|a skirmish between Japanese and Chinese troops
fotografía	photograph
golpear	to hit, strike	golpeó la puerta con tanta fuerza que saltaron las bisagras|he hit the door so hard that the hinges jumped
izquierda	left	los miró de arriba abajo y de izquierda a derecha|he eyed them from top to bottom and from left to right
constante	constant	hay un constante movimiento, el yin y el yang|there is constant movement, the yin and yang
parque	park	el primer parque nacional fue el Parque Nacional Yellowstone|the first national park was Yellowstone National Park
introducción	introduction	se ha debatido sobre la ley de introducción del euro|the law about the introduction of the euro has been debated
temporada	season, period, time	pronto llega la temporada turística|the tourist season will soon be here
denominar	to call, name	lo que algo se denomina ahora «movilidad social»|that which is now called “social mobility”
dispuesto	willing, ready	estaba dispuesto a hacer cualquier sacrificio por la Patria|he was willing to make whatever sacrifice for the homeland
huir	to flee, run away	huyó hacia la calle para hacer señales a un coche para que parara|he fled toward the road to flag down a car
dirigente	leader, director, manager	el administrador municipal es un vehemente dirigente político|the city manager is a forceful political director
célula	cell (biology)	cada célula humana contiene cuarenta y seis cromosomas|every human cell contains 46 chromosomes
católico	Catholic	Está en oposición a la Iglesia católica y al luteranismo.|He is in opposition to the Catholic and Lutheran Churches.
voto	vote	estableció el voto universal, directo, y secreto para todos|he established a universal, direct, and secret vote for everyone
lector	reader, lecturer	no me interesa como lector ese tipo de literatura|as a reader, I am not interested in this type of literature
diente	tooth, cog	se dice «ojo por ojo y diente por diente»|they say “an eye for an eye, a tooth for a tooth”
debajo	underneath, below	buscan algo debajo de una mesa|they are searching for something underneath the table
papa	Pope (m), potato (f)	el papa Juan Pablo II presidió la ceremonia en la basílica|Pope John Paul II presided over the ceremony in the basilica
requerir	to require	se requiere un mínimo de dos años de experiencia|a minimum of two years of experience is required
universitario	university	fue profesor universitario de física teórica|he was a theoretical physics professor at the university
lunes	Monday	dijo que volvería el lunes o martes de la semana próxima|she said that she would return on Monday or Tuesday of next week
triste	sad, unhappy	era sujeto silencioso y triste que vivía aislado|he was a silent and sad individual who lived in isolation
belleza	beauty	se dio cuenta de la belleza natural que tiene Colombia|he noticed the natural beauty of Colombia
explicación	explanation	el mito es una explicación imaginativa del mundo y del hombre|a myth is an imaginative explanation of the world and man
filosofía	philosophy	Todos tenemos que vivir era la filosofía del hombre.|“We all have to live” was the man’s philosophy.
desnudo	nude, naked	pintaba los retratos desnudos por muchos años|he painted nude portraits for many years
limitar	to limit	los baños se limitan a clientes|the bathrooms are limited to paying customers
molestar	to bother, disturb, upset	esto me molestó de verdad, pero traté de dominar mi desagrado|this really bothered me, but I tried to control my displeasure
clave	key	La clave para obtener resultados es aplicar lo que aprendiste.|They key to get good results is to apply what you have learned.
proporcionar	to supply	es necesario proporcionar alimento a la cría|it is necessary to provide food for the young
regla	rule, ruler, regulation	no creo que sea la excepción de la regla|I don’t believe it is an exception of the rule
amarillo	yellow	me gustan los colores cálidos como rojo, amarillo, y anaranjado|I like the warm colors like red, yellow, and orange
líquido	liquid	limpiaron el líquido con la toalla|they cleaned the liquid up with a towel
cadena	chain	el hombre está a la cabeza de la cadena alimenticia|man is at the top of the food chain
barco	boat, ship	me sentí perdido en medio de aquel barco y océano|I felt lost in that boat in the middle of the ocean
dividir	to divide	voy a dividir el pastel en diez partes iguales|I am going to divide the cake into ten equal parts
marchar	to go, leave, march	recogió la cartera y se marchó a toda prisa|she picked up her purse and left in a hurry
generalmente	generally, usually	a las diez y media generalmente el movimiento comenzaba|at 10:30 the action usually began
político	politician	El político piensa en la próxima elección.|A politician thinks about the next election.
diseño	design	había diseños geométricos en blanco y negro para decorar el cuarto|black and white geometric designs were used to decorate the room
confianza	confidence, trust	hay una gran confianza entre los alumnos y la profesora|there is a a lot of trust between the professor and his students
legal	legal	Dieron al pueblo una norma legal para empresas y obreros.|They gave the people a legal standard for companies and workers.
escenario	stage, setting, scene	eso crea una mayor familiaridad entre escenario y audiencia|that creates greater connection between stage and audience
general	general	aumentó de rango rápidamente a ser general del Ejército Imperial|he quickly rose in rank to become general of the Imperial Army
específico	specific	aquél era el remedio específico para el vicio de morderse las uñas|that was the specific remedy for the bad habit of biting one’s fingernails
extremo	edge, border, end	se encuentra en un extremo apartado del sureste del estado|it is found in the remote southeast border of the state
intento	attempt, try	al segundo intento tampoco pudo|the second attempt also failed
leche	milk	¿Te gusta beber la leche con las galletas?|Do you like to drink milk with cookies?
crítica	criticism, critique	resentimiento que expresó en las críticas sobre su conducta|resentment that was expressed in the criticisms about his conduct
avión	plane, airplane, aircraft	se presentó un incidente en un avión de la British Airways|there was an incident on a British Airways plane
transporte	transportation, transport	Iberia ha detentado el monopolio del transporte aéreo español|Iberia has maintained a monopoly on Spanish air travel
ventaja	advantage, benefit	cada uno tiene su ventaja y su desventaja|each one has its advantage and disadvantage
artístico	artistic	París se convirtió en el centro artístico de Europa|Paris became the artistic center of Europe
someter	to subject	te vamos a someter a una prueba de resistencia|we are going to subject you to a test of strength
estación	station, season	ella descendía en la estación del metro Pino Suárez|she went down to the train station Pino Suárez
representante	representative	se nombró un representante gubernamental para buscar la paz|a government representative was chosen to search for peace
moda	fashion, form	es una costumbre nueva, una moda nueva|it is a new custom, a new fashion
entidad	entity	Fue el comienzo de nuestro país como entidad autónoma.|It was the beginning of our country as an autonomous entity.
temor	fear	el temor paralizó el cuerpo por un instante|fear paralyzed his body for an instant
cometer	to commit	después de cometer el crimen el criminal se entregó|after committing the crime, the criminal turned himself in
competencia	competition, contest	hay una competencia bastante fuerte entre ambos|there is a very strong competition between both sides
eléctrico	electric	es la base del motor eléctrico y el transformador|it is the base of the electric motor and the transformer
distinguir	to distinguish	el desdichado no distingue entre lo cierto y lo falso|someone who is depressed cannot distinguish between what is real and what is not
afuera	outside	vamos a salir afuera un rato|we are going to go outside for a while
aumento	increase, rise	el hielo se puede fundir por aumento de temperatura|ice can be melted by an increase in temperature
federal	federal	pasó de ser secretario a juezfederalsin acuerdo del Senado|he went from being secretary to being a federal judge without Senate approval
girar	to rotate, revolve	Gírate cuatro veces con ojos cerrados.|Turn around four times with eyes closed.
griego	Greek	un gran poeta griego de la antigüedad|a great Greek poet from antiquity
imposible	impossible	estaba muy oscuro y era imposible verla|it was so dark that it was impossible to see her
febrero	February	creo que viene otra vez en enero o en febrero|I believe he is coming again in January or February
regalar	to give (as a gift)	a mi tía nunca le gustó regalar dinero|my aunt never liked giving money as a gift
interpretar	to interpret	la expresión en su rostro era difícil de interpretar|her facial expression was difficult to interpret
diario	daily	no es como cualquier cosa de la vida diaria|it is unlike anything from daily life
batalla	battle	era la batalla más grande de su tiempo|it was the greatest battle of their time
consumo	consumption	una manera de vivir que se juzgaba por su consumo de tobaco|a way of life that was judged by his consumption of tobacco
protección	protection	no hay protección contra esa enfermedad fatal|there is no protection against that fatal illness
vencer	to overcome, conquer	puedes ayudarme a vencer el miedo de serpientes|you can help me to overcome my fear of snakes
devolver	to return, give back	la respuesta pareció devolverle a su hermano el buen humor|the answer seemed to return his brother to good humor
agradecer	to thank for	le agradezco muchísimo su presencia aquí|I thank you so much for your presence here
occidental	occidental, Western	El artista occidental fue el primero a visitar China.|The Western artist was the first to visit China.
poema	poem	le escribe un poema diario a su novia|he writes a poem to his girlfriend every day
encender	to turn on	yo tenía que encender las luces del comedor|I had to turn on the lights in the dining room
contrato	contract, agreement	en marzo firmó un contrato con esta casa discográfica|in March he signed a contract with that record company
lágrima	tear, teardrop	tenía lágrimas en los ojos|she had tears in her eyes
noviembre	November	la época de primavera y verano, desde el mes de noviembre a marzo|the spring and summer seasons, from November to March
carga	load, charge, cargo	muchos cuadros tienen mucha carga emocional en sus imágenes|the images in many paintings have a significant emotional charge
educativo	educational	el trabajo educativo se desarrolla por un profesor individual|educational work is carried out by an individual teacher
arrancar	to start (machine), uproot	abordó su auto, arrancó el motor diesel|he got in his car and started the diesel motor
doña	courtesy title (f), Mrs.	todos conocían bien a su madre, doña Blanca Vergara|everyone knew his mother, Mrs. Blanca Vergara
inicio	beginning, start	es el inicio de una nueva etapa en nuestra vida musical|it is the beginning of a new era in our musical life
citar	to cite, quote	sabe lo que dijiste; citó datos y fuentes|he knows what you said; he quoted dates and sources
oposición	opposition	abogaba por una ceremonia simple, en oposición a la Iglesia católica|he advocated for a simple ceremony, in opposition to the Catholic Church
marco	frame, mark, setting	se componía de grandes espejos de marcos dorados|it consisted of large gold-framed mirrors
médico	medical	¡Es un emergencia médica!|It’s a medical emergency!
bosque	forest	se dirigió al pequeño bosque de pinos fronterizo a la casa|he headed toward the pine forest bordering the house
nombrar	to name, appoint	fue nombrado dictador en el 82 a.C|he was named dictator in ad 82
montar	to ride, mount, assemble	vieron que yo montaba bien a caballo|they could see how well I rode horses
empleo	work, job, occupation	busca empleo en el registro de ofertas de trabajo|look for a job in the help wanted ads
emoción	emotion, excitement	fueron momentos de gran tensión y emoción|they were moments filled with much tension and emotion
edición	edition, publication	Es un libro que en su primera edición sólo tenía unas cincuenta páginas.|It’s a book that in its first edition only had around fifty pages.
sumar	to add up, amount to	los diputados sumaron 64 votos en favor|the deputies added up 64 votes in favor
primo	cousin	los hijos de mis tíos son mis primos|the children of my aunt and uncle are my cousins
obligación	obligation	mi obligación es criar a un niño educado|it is my obligation to raise a well-mannered child
acudir	to attend, go to, frequent	Alberto dejó la casa y acudió a recibirlos|Albert left the house and went to meet them
gestión	management, step, negotiation	hay deficiencias en la gestión de la economía|there are deficiencies in the management of the economy
atrever	to dare	esperó resignado, sin atreverse a salir|he waited resignedly, without daring to leave
concierto	concert, concerto	Dio un concierto final para sus admiradores.|He gave a final concert for his admirers.
asociación	association	pertenezco a una asociación o a una cofradía|I belong to an association or a fraternity
constitución	constitution	los derechos establecidos por la Constitución para nuestros ciudadanos|the rights established by the Constitution for our citizens
imperio	empire, fortune	leen de la grandeza del Imperio Romano|they are reading about the grandeur of the Roman Empire
estrategia	strategy	hay que desarrollar una estrategia de alianzas y de pactos|you have to develop a strategy of alliances and treaties
prometer	to promise	prometió que mañana cumpliría con su deber|he promised that tomorrow he would do his duty
preciso	precise, necessary	en el preciso instante en que la puerta resonó contra la pared|in the precise moment in which the door hit the wall
sexo	sex	se puede diagnosticar el sexo del feto antes del parto|you can determine the sex of a baby before it is born
montaña	mountain	el alpinista consideraba el desafío de la montaña severa|the mountaineer considered the challenge of the mountain as rigorous
elevar	to elevate, raise	trataban de elevar su voz sobre los demás|they tried to raise his voice above the rest
diálogo	dialogue, conversation	en el primer acto, hay un diálogo entre Don José y el principe|in the first act, there is a dialogue between Don José and the prince
correcto	correct, suitable	¡Cuidado! Que no es correcto besar en público.|Be careful! It’s not appropriate to kiss in public.
volar	to fly	volaba con piloto automático|he flew on autopilot
inmediatamente	immediately	pensé inmediatamente en ti|I immediately thought of you
categoría	category	la física entra en la misma categoría que la biología y la sociología|physics goes in the same category as biology and sociology
fútbol	soccer	Le gustan las artes y las actividades deportivas, como el fútbol.|He likes the arts and sporting activities, like soccer.
romano	Roman	era una regulación de la lengua latina en el imperio romano|it was a rule of the Latin language in the Roman Empire
soldado	soldier	vestido con el uniforme de soldado de la Guerra del Pacífico|dressed with the uniform of a soldier from the Pacific War
medicina	medicine	¿Por qué no se toma su medicina, señor? Se sentirá mucho major.|Why won’t you take your medicine, sir? You will feel much better.
playa	beach, seaside	estamos sentados en la playa y a lo lejos van pasando los barcos|we are seated on the beach and boats are passing in the distance
reino	kingdom, reign	el legado fue pasado al reino de León y, finalmente, a la Corona de Castilla|the legacy was passed to the kingdom of León, and finally to the Castillian crown.
zapato	shoe	todas las clases sociales llevaban sandalias o zapatos de madera|all the social classes wore wooden sandals or shoes
muestra	proof, sample, sign	en pocas semanas empezó a dar muestras de restablecimiento|in a few weeks he showed signs of recovery
intenso	intense, acute	estaban poseídos por un sueño muy intenso de independencia|they were possessed by an intense dream of independence
absolutamente	absolutely, completely	tu poder es absolutamente válido|your power is absolutely valid
total	(sum) total	la importancia de un eclipse total de sol|the importance of a total solar eclipse
campesino	peasant, farmer	la dramática situación de las familias mineras y campesinas|the dramatic situation of the mining and rural families
admitir	to admit	ella no quería admitir su culpabilidad|she did not want to admit her guilt
democracia	democracy	buscan la democracia y una auténtica representatividad|they seek democracy and an authentic representation
misión	mission, task	Su misión es educar a todos los niños a leer.|Her mission is to teach all the children to read.
exacto	exact, faithful, true	en ese momento, en ese exacto momento, no antes ni después|in that moment, that exact moment, not before or after
complejo	complex, complicated	Vivimos en el complejo militar por dos años.|We lived in the military complex for two years.
tren	train, convoy	el tren vuelve a parar en otra estación|the train returned and stopped in another station
deporte	sport	el béisbol, ya un deporte olímpico, se juega en muchos países|baseball, already an Olympic sport, is played in many countries
secreto	secret	¿Cuál es el secreto de la longevidad de su voz?|What is the secret to the longevity of his voice?
criterio	criterion	se puede tener criterio para saber lo que es bueno y lo que es malo|you can have standards to know what is good and what is bad
discurso	lecture, discourse, talk	en 1988 pronunció el discurso «Chopín en España»|In 1988 he delivered the lecture “Chopín in Spain”
agente	agent	había sido en sus buenos años agente especial de la Gestapo|he had spent his good years as a special agent for the Gestapo
fresco	cool, healthy, fresh	estar en un sitio respirando aire fresco|to be someplace breathing fresh air
soledad	loneliness, solitude	la soledad me asusta: quiero estar entre gente|solitude scares me: I want to be around people
planeta	planet	Marte es el planeta más próximo con una superficie visible|Mars is the closest planet with a visible surface
búsqueda	search	no es búsqueda porque ya se ha encontrado|no one is looking for it because it has already been found
pasión	passion, desire	se necesita mucha pasión para ser pintor|you need a lot of passion to be a painter
nube	cloud	una nube ocultó el sol|a cloud hid the sun
dudar	to (have) doubt	yo dudo de que el gobierno tenga la capacidad|I doubt that the government has the ability
dado	d. que: given that	todos ellos, en un momento dado, fueron rivales|all of them, at some point, were rivals
aproximadamente	approximately	los tres tenían aproximadamente la misma edad|the three of them were approximately the same age
indígena	indigenous, native	Es la hija de padres campesinos, con ancestro indígena.|She is the daughter of rural parents, with native ancestry.
atacar	to attack	nos atacó con igual o mayor violencia|he attacked us with equal or greater violence
aclarar	to clarify, clear up	hay que aclarar una cosa poco clara|you have to clarify something that’s unclear
perdonar	to forgive, excuse	Perdone que le despierte, Doctor.|Sorry to wake you, Doctor.
frontera	border, frontier	la frontera entre la Argentina y el Paraguay era el Río Paraguay|the border between Argentina and Paraguay was the Paraguay River
soportar	to endure, stand (something)	ya no puedo soportar estos disgustos|I can no longer endure these annoyances
rápidamente	rapidly, quickly	el bombero baja rápidamente por la escalera|the fireman quickly went down the ladder
cabello	hair	usted tiene el cabello largo y muy bonito|you have long and very beautiful hair
justo	just	justo cuando el ladrón estaba escalando la muralla|just when the thief was climbing the wall
amistad	friendship	un hombre muy profundo, fiel a la amistad y al amor|a man of great depth, faithful in friendship and love
profesión	profession, occupation	ejerció la profesión de abogado|he practiced the profession of law
copa	cup, glass, top (tree)	Ese equipo también participó en la Copa del Mundo de 1974.|That team also participated in the World Cup of 1974.
tienda	shop, store, tent	esa es la tienda que me gustaba mucho por la variedad de muebles|that is the store I liked a lot because of the variety of furniture
gas	gas	Son productores de carbón, gas natural, petróleo, y energía nuclear.|They are producers of coal, natural gas, oil, and nuclear energy.
evento	event	durante muchos años, el principal evento olímpico fue el pentatlón|for many years, the main Olympic event was the pentathlon
soltar	to release, loosen, let out	y mientas tomaba un trago, soltó una risa amarga|and while having a drink, he let out a bitter laugh
kilómetro	kilometer	¿Sabes cuánto es un kilómetro de distancia?|Do you know how much distance a kilometer is?
círculo	circle, club	la proporción entre el diámetro y la circunferencia de un círculo|the ratio between the diameter and the circumference of a circle
nervioso	nervous, uptight	el pobre anciano estaba temblando, nervioso|the poor old man was trembling, nervous
salvo	except for, but	todo ha envejecido salvo esa mirada|everything has aged except for that facial expression
atraer	to attract	queremos atraer la atención de las señoritas|we want to attract the attention of the ladies
callar	to be/make quiet	me costó mucho trabajo callarme, pero lo hice, no dije nada|it was very difficult being quiet, but I did it, I didn’t say anything
fiel	faithful, loyal	mi papá es muy fiel a mi mamá|my father is very faithful to my mother
maravilloso	wonderful, marvelous	era un hombre maravilloso, encantador, una mente abierta|he was a wonderful, charming, and open-minded man
vivienda	housing, dwelling	la distancia de la vivienda a los centros de trabajo|the distance from his home to the business areas
mecanismo	mechanism	que establezcamos un mecanismo para decidir la reforma del Estado|we should establish a mechanism to decide state reform
pago	payment	se habían retrasado en el pago del alquiler|they were late in their rent payment
comité	committee, commission	el tema debe ser aprobado por elcomitéde investigación|the topic should be approved by the research committee
preocupación	worry, concern	su cara expresaba preocupación y tristeza|her face expressed her worry and sadness
hundir	to sink, submerge	tuvo ganas de hundir la cabeza bajo el agua|he wanted to dunk my head underwater
actor	actor	había logrado un notable éxito como dramaturgo y actor teatral|he had achieved notable success as a playwright and stage actor
inmenso	immense, vast, huge	busqué esconderme entre unas inmensas rocas|I attempted to hide between some huge rocks
cifra	figure, number, amount	han triplicado la cifra de exportación|they have tripled the amount of export
esquina	corner	desapareció en la esquina sin mirar atrás|he disappeared around the corner without looking back
municipio	municipality, town	el gobierno y elmunicipiocasi no nos apoyan|the government and the township barely support us
conclusión	conclusion, end	la reflexión terminaba en una conclusión poco optimista|the discussion ended with a conclusion that was not very optimistic
trasladar	to move, transfer	debido a su salud, se traslada a vivir en Viña|because of his health, he transferred to Viña
emitir	to emit, give (off)	Raúl lo siguió sin emitir una palabra|Raul followed him without uttering a word
posterior	rear, backside	muévete al asiento posterior del automóvil|get in the back seat of the car
facultad	faculty, ability	es mucho más fácil enseñar en la facultad de educación|it is much easier to teach in the department of education
auto	auto, car	sale más caro irse en auto que en bus|it turns out to be more expensive to go in car than by bus
escaso	scarce, very little	el gobierno ha ofrecido el escaso incremento del 2%|the government has offered the small increase of 2%
inventar	to invent, make up	mi sobrina siempre inventa cuentos fantásticos|my niece always makes up fantasy stories
excelente	excellent	se obtienen excelentes resultados en pocos días|they obtain excellent results in a few days
opinar	to think, be of the opinion	no quisiera opinar ni entrar en una controversia|he did not want to give his opinion or enter into a controversy
disposición	disposal, disposition	tendrá a su disposición todos los ingredientes para la cena|he will have at his disposal all the ingredients for dinner
ajeno	not belonging to, detached	estás en el mundo, pero ajeno al mundo|you are in the world, but detached from the world
personalidad	personality, celebrity	mostró la doble cara de su personalidad|he showed his two-faced personality
definitivo	definitive, conclusive	ese adiós fue definitivo porque nunca volví a hablar con ella|that goodbye was final because I never spoke to her again
intervenir	to intervene	estoy esperando el momento apropiado para intervenir|I am waiting for the appropriate moment to intervene
humanidad	humanity, mankind	voy a educar a la humanidad por medio de la música|I am going to go educate humanity through music
perseguir	to persecute, pursue, chase	lo persiguieron por sus ideas|he was persecuted for his beliefs
coincidir	to coincide, agree	se entienden, a pesar de no coincidir siempre|they understand each other in spite of not always agreeing
nuevamente	anew, again	empezaron nuevamente las peleas con ella|they started up their fight with her again
rama	branch, bough, limb	el mono saltó de la rama|the monkey jumped from the branch
instituto	institute	Está en colaboración con el Instituto Getty de Estados Unidos.|He is in collaboration with the Getty Institute of the United States.
herramienta	tool	la brújula magnética sirve como una herramienta direccional|the magnetic compass serves as a directional tool
grabar	to record, engrave	no olvides de grabar el discurso en su magnetófono|don’t forget to record the speech on your recorder
perfectamente	perfectly	con un aspecto perfectamente sereno|with a perfectly serene attitude
avance	advance, progress	explicó cómo eso significaba un avance para la civilización|he explained why that meant an advance for the civilization
entrevista	interview, meeting	en la segunda entrevista, no se puede decir «nunca»|in the second interview, never say “never”
tardar	to delay, take long	el tren se tardó doce horas en llegar a Roma|the train was delayed for twelve hours before arriving in Rome
vamos	come on	Vamos, que ahora tenemos un control perfecto.|Come on, now we have complete control.
apartar	to move away, separate	se apartó del rebaño para seguir su propio camino|he separated from the flock and followed his own path
mezclar	to mix	en sus ojos se mezclaban la alegría y la preocupación|his eyes showed a mixture of happiness and worry
volumen	volume	aporta un volumen de agua de 34 litros por segundo|the volume of water it produces is 34 liters per second
lento	slow	hubo de sufrir con paciencia el correr lento de las horas|he had to patiently suffer the slow passage of time
nariz	nose	respira por tu nariz y tu boca durante yoga|breathe through your nose and your moth during yoga
investigar	to investigate	me propuse investigar la menor anormalidad|I decided to investigate the smallest abnormality
peligroso	dangerous	era peligroso caminar en la oscuridad|it was dangerous to walk in the darkness
derecha	right, right hand	el museo está a la derecha del mercado|the museum is to the right of the grocery store
adulto	adult, grown-up	Los niños se adaptan mejor que los adultos.|Children adapt better than adults.
saludar	to greet, say hello	«Buenos días», saludó Emilio|“Good morning,” greeted Emilio
techo	roof	es una casa clásica campesina, con techo de tejas|it is a traditional country house with a tile roof
moneda	coins, currency	tendría una moneda—de veinte centavos, nada más|she had a coin—twenty cents and nothing more
temprano	early	Es demasiado temprano para dar un diagnóstico.|It is too early to give a diagnosis.
percibir	to perceive, notice	pudo percibir la dulzura de su aroma|he was able to sense the sweetness of its aroma
beso	kiss	dame un beso antes de salir|give me a kiss before you leave
bolsa	bag, purse, stock exchange	le extendía a su amiga la bolsa con hielos y la botella|he handed the bag of ice and the bottle to his friend
fijo	fixed, steady	no hay nada fijo ni decidido en este cuarto|nothing is fixed or decided in this room
aun	even (though), still	era popular, aun sin publicar sus obras principales|he was popular, even though he hadn’t published his principle works
lejano	distant	en un futuro no muy lejano, te enamoraré|in a not so distant future, I will win your heart
vacío	empty, vacant	Me parece un sueño y un espacio vacio.|It seems like a dream and empty space.
quinto	fifth	el quinto mes de ese año, o sea mayo|the fifth month of that year, or May
ingresar	to join, deposit, admit	debía ingresar a la milicia o a la iglesia|he should join the milititary or the church
sesenta	sixty	contó no treinta sino sesenta segundos|he counted not thirty, but sixty seconds
relato	tale, story	la historia surgió como un relato natural, objetivo|the story emerged as a natural and objective narrative
ése	that one (m), [ésa (f)]	se es el único que no está aquí|that one is the only one that is not here
besar	to kiss	la besa en las mejillas|he kisses her on the cheeks
publicación	publication	la publicación de su libro ha sido retrasado|the publication of his book has been delayed
cerebro	brain	¿Qué se sabe sobre la neuroanatomía del cerebro humano?|What is known about the neuroanatomy of the human brain?
conferencia	conference, lecture	lo anunciamos en una gran conferencia de prensa|we announced it at a big press conference
practicar	to practice	para practicar otros deportes de montaña y de aventura|to practice other mountain and adventure sports
ingreso	entrance, admission, income	todas las niñas dan su examen de ingreso a la universidad|all of the girls give their entrance exams to the university
comparar	to compare	es posible comparar la forma oral y escrita|it is possible to compare the written and verbal forms
evolución	evolution, development	hablan de Darwin y de varias teorías sobre la evolución de la especie|they speak of Darwin and various theories about the evolution of species
falso	false	hay preguntas de verdadero o falso|there are true or false questions
droga	drug	las drogas adictivas como la nicotina y la cocaína son comunes|addictive drugs like nicotine and cocaine are common
promover	to promote	pudieron promover una mayor asistencia de público|they were able to promote greater public asistance
adentro	inside	allí adentro estaba uno de los salones de té|inside over there was one of the tea rooms
universo	universe	aún el universo entero, con sus miles de galaxias|even the entire universe, with its thousands of galaxies
llegada	arrival	para celebrar el V Centenario de la llegada de Colón a América|to celebrate the 500th anniversary of the arrival of Columbus in America
registrar	to register, record	se dedicaron a registrar y a conservar la herencia folclórica|they dedicated themselves to recording and conserving the folk heritage
proceder	to proceed, start	vamos a proceder como una nación distinta|we are going to proceed as a different nation
pájaro	bird	parece un pájaro volando en el cielo|it looks like a bird flying in the sky
poderoso	powerful	organizó un poderoso ejército de 300.000 hombres|he organized a powerful army of 300,000 men
vaso	(drinking) glass, vase	el vaso todavía tenía vino tinto|the glass still had red wine in it
laboral	labor, industry	agravará el conflicto laboral con huelga indefinida|the labor conflict was aggravated by an indefinite strike
colombiano	Colombian	en los ríos de la selva tropical colombiana|in the rivers of the Colombian tropical rainforest
biblioteca	library	este manuscrito está en la Biblioteca Nacional|this manuscript is in the National Library
consiguiente	por c.: consequently	es mucho más agresiva y, por consiguiente más peligrosa|it is much more aggressive, and consequently more dangerous
alzar	to lift, raise	alzó la cara y tuvo una mirada de pálido desprecio|he raised his head and had a feeble look of contempt
garantizar	to guarantee	el nuevo gobierno garantiza su seguridad personal|the new government guarantees your personal security
comportamiento	behavior, conduct	su comportamiento es muy extraño|her behavior is very strange
plano	plane, map, level	En el plano de Berlín podrás ver la localización de los museos.|On the map of Berlin you will find the location of the museums.
ausencia	absence	basta para determinar la presencia o ausencia de cierto elemento|sufficient to determine the presence or absence of a certain element
electrónico	electronic	esa tienda vende juguetes electrónicos|that store sells electronic toys
fase	phase, stage	la primera fase del proyecto se finalizó en junio|the first phase of the project ended in June
agarrar	to grasp, catch	me agarró de la mano|she grabbed me by the hand
espectáculo	spectacle, show	el teatro no es sólo espectáculo, sino también cultura|the theater is not only performance, but also culture
selección	selection, choice	la selección musical es excelente|the musical selection is excellent
etcétera	etcetera	aproveché para comprar azúcar, leche, pan, etc.|I took the opportunity to buy sugar, milk, bread, etc.
oscuridad	darkness	brillaron en la oscuridad como luces|they shone in the darkness like lights
intervención	intervention	le prometió su intervención ante cualquier emergencia|he promised his intervention in the face of any emergency
arquitectura	architecture	alquiló un lugar, con una arquitectura verdaderamente fascinante|he rented a place with truly fascinating architecture
procedimiento	procedure, proceedings	hemos establecido un procedimiento para negociar|we have established negotiation methods
doler	to hurt	me están empezando a doler las heridas otra vez|my wounds are beginning to hurt again
animar	to cheer up	sonríe tratando de animar un tanto la situación|he smiled trying to cheer up the situation a bit
iniciativa	initiative	estaba dispuesto a no tomar ninguna iniciativa|he was inclined to not take any initiative
colección	collection	conserva una colección de periódicos del siglo XIX|he has a collection of newspapers from the 19th century
ámbito	sphere, space	en el ámbito nacional hay una gobernabilidad garantizada|in the national sphere there is a guaranteed government
confundir	to confuse	la geografía siempre se me confunde|geography always confuses me
químico	chemical	estos productos químicos emiten burbujas de gas|these chemical products emit gas bubbles
evidente	evident, obvious	es evidente que no va a ayudarme|it is obvious that he is not going to help me
democrático	democratic	Quieren un gobierno democrático, defensor de las libertades cívicas.|They want a democratic government that defends civil liberties.
correo	mail, post (office)	lo primero que hizo Jose fue mandar por correo esta invitación|the first thing Jose did was to send this invitation through the mail
unido	united	tenemos un candidato fuerte, tenemos un Partido unido|we have a strong candidate, we have a united Party
representación	representation	asistió en representación del presidente|he attended on the president’s behalf
prohibir	to prohibit, forbid	se prohibe fumar aquí|smoking is prohibited here
increíble	incredible, unbelievable	tenía una elocuencia increíble; podía hacerlo reír o llorar|he had an incredible elocution; he could make someone laugh or cry
polvo	dust, powder	con la mano limpió el polvo de uno de los cristales|she cleaned the dust from one of the windows with her hand
delito	crime, offense	se está acusando a mi cliente de un delito muy grave|he is accusing my client of a very serious crime
ruso	Russian	el pueblo ruso tiene que seguir haciendo cola para comprar pan|the Russian people still have to stand in line to buy bread
saludo	greeting	Saludos, Juanjo. // Buenos días, José Luis.|Greetings, Juanjo. // Good morning, José Luis.
ocultar	to hide	cubría el rostro para ocultar sus ojos|she covered her face to hide her eyes
quemar	to burn	voy a cortar mucha leña y quemar mucho carbón este invierno|I am going to cut a lot of firewood and burn a lot of coal this winter
hueso	bone	bebe leche para huesos fuertes|drink milk for strong bones
jueves	Thursday	aquí el jueves es el día de moda, el domingo no se trabaja|Thursday is fashion day here, on Sunday we don’t work
perspectiva	perspective	ésta es una buena reforma desde la perspectiva del mercado oficial|this is a good reform from the perspective of the official market
interrumpir	to interrupt	suspiró en silencio para no interrumpir la concentración|he sighed in silence so not to interrupt his concentration
tribunal	court	este es el tribunal que nos va a juzgar|this is the court that is going to judge us
guardia	guard, watch, lookout	era jefe militar de la Guardia Pretoriana|he was the military boss of the Praetorian Guard
confiar	to trust, confide	No confío en sus intenciones.|I don’t trust his intentions.
crédito	credit, reputation	pero se le puede pagar con la tarjeta de crédito|but you can pay for it with a credit card
principalmente	principally, mainly	esto es lo que principalmente nos ha preocupado|this is what has worried us the most
valle	valley	las aguas que discurren a lo largo de un valle|the waters that run along the the valley
oído	hearing, ear	cosas que ella conocía sólo por el tacto, el oído, o el olfato|things that she knew only by touch, hearing, or smell
conducta	conduct, behavior	no encontraba en su conducta algo que mereciese un golpe tan brutal|I did not find anything in his conduct that deserved such a savage blow
accidente	accident, irregularity	¡Solamente fue por accidente!|It was only by accident!
compra	shopping, buy, purchase	salimos mi mamacita y yo a hacer compras al Centro|my mother and I left to go shopping downtown
brindar	to offer	perderán los privilegios que les brindaba el antiguo sistema|they will lose the privileges that the old system offered them
modificar	to modify	y modificó radicalmente su actitud|and he radically modified his attitude
debate	debate	se ha agudizado el debate sobre la efectividad de las investigaciones|the debate has gotten sharper regarding the effectiveness of the research
facilitar	to facilitate	el objetivo era facilitar el desarrollo social y económico|the objective was to facilitate social and economic development
encerrar	to shut (in)	definían espacios para encerrar sus caballos|they established places to keep their horses in
acontecimiento	event, happening	la cena fue acontecimiento memorable|dinner was a memorable event
colgar	to hang (up)	le colgó al cuello el relicario para la buena suerte|he hung the locket around her neck for good luck
ignorar	to be unaware	no puedo ignorar el heroísmo del pueblo paraguayo|I cannot disregard the heroism of the Paraguayan people
felicidad	happiness	Yo creo que la felicidad viene de dentro, no viene de fuera, ¿no?|I believe that happiness comes from within, it doesn’t come from without, right?
arena	sand	sus pies descalzos juegan con la arena|plays with the sand in her bare feet
mentira	lie	para verificar qué había de verdad y de mentira en esos juegos|to verify what was truth and what was a lie in those games
argumento	argument, plot	ha escrito relatos breves con su argumento muy bien determinado|she has written short stories with a definite plot
clima	climate	el clima era tropical, húmedo, con vegetación abundante|the climate was tropical, humid, with abundant vegetation
lavar	to wash	primero iría a lavar toda la ropa|first I would go to wash all of the clothes
anciano	old person	conservaba sus encantos, en realidad no se sentía anciana|she retained her charm, in reality she didn’t feel old
influir	to (have) influence	Era impotente para poder influir de una manera positive.|He was unable to influence things in a positive way.
gordo	fat, thick	yo no sé cómo estoy gorda porque no como nada|I don’t know how I am fat because I don’t eat anything
sugerir	to suggest, hint at	su intención era sugerir unas ideas|his intention was to suggest a few ideas
electoral	electoral	la campaña electoral se encontraba en su apogeo|the electoral campaign was in full swing
experimentar	to experience, experiment	experimentó un amor remozado, vibrante e impulsivo|he experienced a renewal of love, vibrant and impulsive
reloj	clock, watch	el reloj de la torre daba las doce|the clock on the tower struck noon
listo	ready, clever, smart	en la mesa estaba listo mi desayuno|my breakfast was ready on the table
paisaje	landscape	un paisaje extraño: una montaña, un río, y árboles con flores|a strange landscape: a mountain, a river, and trees with flowers
norteamericano	North American	escucharon el discurso del presidente norteamericano|they heard the North American president’s speech
abrazar	to hug, embrace	la abrazó fuerte y la besó|he hugged her tight and kissed her
sección	section, cut	dedicó una página entera en la sección de deportes a los ganadores|he devoted an entire page in the sports section to the winning team
traje	suit, dress, costume	vestido con mi traje marinero, la gorra en una mano|dressed in my sailor suit, my hat in my hand
independencia	independence	para festejar el cumpleaños de la Independencia de la Patria|to celebrate the birthday of the independence of the mother country
breve	brief, short	les ruego que no pronuncien discursos largos, sino breves|please do not give long speeches, but rather short ones
individual	individual	es un trabajo individual que todo debemos hacer|it’s an individual job that we all have to do
segundo	second	espérame un segundo|wait just a second
equivocar	to be wrong	me equivoqué; jamás volví a ver mi dinero|I was wrong; I never saw my money again
investigador	researcher, investigator	soy investigador para un laboritorio farmacéutico|I am a researcher for a pharmaceutical laboratory
normalmente	normally	sí, normalmente es un tipo bastante práctico|yes, he is normally a pretty useful guy
vestido	dress	usaba un vestido blanco de novia|she was wearing a white wedding dress
confesar	to confess, admit	Fernando nunca me confesó si era cierto o no|Fernando never confessed if it was true or not
discusión	discussion, argument	entraríamos en una discusión final sobre el particular|we would enter into a final discussion on the subject
once	eleven	eran las once y media|it was 11:30
cristal	glass, crystal, window	se rompió el cristal de la ventana|the window glass broke
permanente	permanent	vivían en permanente lucha con las cuentas|they lived in a permanent battle with their bills
urbano	urban, city, urbane	el hombre ha empezado a vivir en grandes núcleos urbanos|man has begun to live in great urban centers
gozar	to enjoy	gozaban de un privilegio político|they enjoyed a political privilege
palacio	palace	la familia que vivió en aquel palacio tenía que ser riquísima|the familiy that lived in that palace had to be really rich
infantil	of children, childlike, infantile	tenía un rostro infantil, lleno de luz, mejillas sonrosadas|he had a childlike face, full of light, rosy cheeks
costo	price, cost, expense	el costo de la vivienda social en Colombia es altísimo|the cost of living in Colombia is extremely high
firma	company, signature, signing	afirma que hay contactos con la firma Sony|he confirms that there are contacts with the company Sony
órgano	organ	el estómago es un órgano que sirve para la digestión|the stomach is an organ that is used for digestion
limpio	clean	procuraba mantener limpio el uniforme, para que fuera blanco|he tried to keep the uniform clean, so that it stayed white
científico	scientist	los científicos acometerán importantes investigaciones sobre biología|the scientists will undertake important investigations in biology
acusar	to accuse	no puedo mentir para acusar a mis amigos|I cannot lie and tell on my friends
limpiar	to clean	se limpian los labios con las servilletas|they clean their lips with the napkins
privar	to deprive (of)	le priva al hombre de su libertad|the man was deprived of his liberty
puente	bridge	pasa un puente sobre el abismo|he crosses a bridge over the pit
signo	sign, mark, symbol	su signo del Zodíaco coincide con el signo afortunado|his zodiac sign coincides with the lucky sign
tuyo	yours (sg/+fam)	es tuyo, te lo cedo|it’s yours, I give in
carretera	highway, road	Hay 3.000 km de carreteras, de los que el 46% está pavimentado.|There are 3,000 km of highways, of which 46% are paved
orquesta	orchestra, dance band	es director musical de la orquesta philharmonia|he is the musical director of the philharmonic orchestra
hierro	iron	construyeron un puente moderno de hierro|they constructed a modern bridge made of iron
inteligencia	intelligence	no tiene su inteligencia ni su intención, pero sí más conocimientos|he didn’t have her intelligence or intention, but he had more knowledge
salón	hall, room	en el salón social hay eventos culturales, hay asambleas|in the assembly hall there are cultural as well as general assembly events
femenino	feminine, female	hay sustantivos que son femeninos en español que usan el artículo definido masculino|there are feminine nouns that use the masculine definite article
ciclo	cycle	ahora, todo el ciclo iba a comenzar de nuevo|now, the whole cycle would begin again
aparato	apparatus, device	un sismómetro es un aparato que simplemente detecta las ondas|a seismometer is a device that simply detects waves
dibujo	drawing, sketch	la de Van Gogh es un dibujo hecho con pluma de caña y tinta sepia|Van Gogh’s is a drawing done with a quill and sepia ink
revolucionario	revolutionary	era un ciudadano militante del partido revolucionario|he was a militant citizen of the revolutionary party
gato	cat	Esto es ya el juego del gato y el ratón.|This is already a game of cat and mouse.
perdón	forgiveness, pardon	hizo la señal de la cruz y pidió perdón por sus pecados|he made the sign of the cross and asked forgiveness for his sins
capítulo	chapter	este capítulo debe leerse cuidadosamente|this chapter should be read carefully
cero	zero, naught, nil	la temperatura bajó menos cero esta mañana|the temperature dropped below zero this morning
deuda	debt	iba a ganar este dinero para pagar mi deuda|I was going to earn that money to pay my debt
ilusión	illusion, hope, dream	fue ilusión todo ese romance|this romance was all an illusion
honor	honor, honesty	tengo el honor de presentar ante la Cámara el proyecto de ley|I have the honor of presenting the law project before the chamber
oferta	offer, bid, supply	es una oferta tentadora, yo le aconsejo que la acepte|it is a tempting offer, I advise you to accept it
montón	lot of, heap, pile	se casó y tuvo un montón de hijos|she got married and had a lot of children
auténtico	authentic	es un auténtico campeón|he is a true champion
capa	layer, coat	la capa de ozono que protege la vida de la radiación ultravioleta|the ozone layer that protects life from ultraviolet radiation
vuelo	flight	el pájaro detuvo su vuelo en medio del aire|the bird stopped his flight in midair
resistir	to resist, endure	soy fuerte y puedo resistir mucho|I am strong and can endure a lot
pasear	to go for a walk, ride	me gustaba pasear por ese lugar abierto|I liked to go for a walk around that open area
delante	(in) front (of), ahead	el caballo marchaba delante y a la derecha|the horse marched ahead and to the right
revisar	to check, revise, inspect	el médico revisó el vendaje de las manos|the doctor checked the bandage on his hands
código	code	cada célula contiene un código genético|every cell has a genetic code
disminuir	to decrease, diminish	debemos combatir la pobreza y disminuir la desigualdad|we should fight poverty and decrease inequality
habitual	usual, habitual, customary	lo habitual es dejar propina|it is customary to leave a tip
presentación	presentation, introduction	es autor teatral tan conocido que no necesita presentación|he is such a well-known theatrical author that he doesn’t need an introduction
vuestro	your (pl/+fam)	vuestra boda me hizo llorar|your wedding made me cry
descansar	to rest	sin descansar tuvimos que correr por el parque|without resting we had to run to through the park
nacimiento	birth, origin	el nacimiento de mi primer hijo fue una bendición|the birth of my first child was a blessing
gris	gray, gloomy	Vio una larga nube gris y parecía humo.|She saw a large gray cloud and it looked like smoke.
judío	Jew	Jesús mismo es conocido como un judío|Jesus himself is known as a Jew
inútil	useless	yo trataba de calmarlas pero era inútil|I tried to calm them down but it was useless
estimar	to estimate, hold in esteem	el problema es el de estimar resultados válidos|the problem is estimating valid results
largo	a lo l.: throughout, length	los peces crecen a lo largo de sus vidas|fish grow throughout their lives
posteriormente	afterwards	vamos a ver qué pasó, posteriormente, con el teatro literario|we are going to see what happened, afterwards, with the literary theater
absurdo	absurd	es absurdo pretender que todo sea perfecto|it is nonsense to pretend that everything is perfect
respirar	to breathe	es difícil respirar en esta ciudad por la contaminación|it is difficult to breathe in this city because of pollution
ubicar	to find, locate	no le costó mucho trabajo ubicar su dirección|he didn’t have a hard time finding your address
dominio	power, control	intentaba extender su dominio e influencia|he attempted extending his power and influence
eterno	eternal	le juró amor eterno|she promised him eternal love
presupuesto	budget	hay un presupuesto de doscientos millones anuales para el edificio|there is a two hundred million dollar annual budget for the building
división	division	es un criterio de especialización y de división del trabajo|it is a criterion of specialization and division of labor
metal	metal	algunos metales se vuelven superconductores|some metals become superconductors
efectivo	effective	¿Cuál es el tratamiento más efectivo?|What is the most effective treatment?
apretar	to squeeze, tighten, compress	Eduardo apretó el jugo de la naranja|Eduardo squeezed the juice from the orange
resistencia	resistance, opposition	fue combatido por la resistencia popular|he was opposed by popular resistance
acceder	to consent, agree, accede	decidí acceder a su invitación|I decided to accept her invitation
operar	to operate	la economía china operó bajo un tipo de sistema feudal|The Chinese economy operated under a type of feudal system
empleado	employee	Nunca da regalos a los empleados que allí trabajaban.|He never gives gifts to the employees that work there.
variar	to change, vary	me gusta variar la ruta al trabajo|I like to change the route I take to work
previo	previous	los cambiaron sin previo aviso|they changed them without prior notice
aventura	adventure	era una historia de heroísmo y muerte, de acción y aventura|it was a history of heroism and death, of action and adventure
capitán	captain, chief	este capitán era comandante de la flota|this captain was commander of the fleet
otorgar	to give, grant, award	su jefe le prometió otorgar un aumento salarial|her boss promised to give her a raise in salary
precioso	beautiful, precious	un lugar precioso, lleno de jardines con flores|a beautiful place, full of flower gardens
asimismo	as well, also, moreover	puedo asimismo guiarte en tus actividades inmediatas|I can guide you as well in your current activities
fino	fine, delicate	caía un fino polvillo|a fine dust fell
humo	smoke	el humo del fuego oscurecían el cielo|the smoke from the fire blackened the sky
apagar	to turn off, extinguish	¿Puedes apagar la música por favor?|Can you turn off the music please?
consultar	to consult	el gobernador me consultó de algo|the governor consulted me on something
justo	fair, just	ganar una causa justa que nos beneficia a todos|to win a just cause that benefits everyone
enamorar	to fall in love	jamás me imaginé que me iba a enamorar tanto de un hombre|I never imagined that I would fall so much in love with a man
borde	edge	Siéntate en el borde de la cama.|Sit on the edge of the bed.
aparición	appearance, apparition	sistemas que contribuyen a la aparición de la enfermedad|systems that contributed to the appearance of the sickness
regreso	return	tomamos el tren de regreso en la tarde|we boarded the return train in the afternoon
reclamar	to demand, require	«Por favor, déme diez relojes», reclamó una mujer.|“Please give me ten watches,” demanded a woman.
obrero	worker, laborer	descubrieron las condiciones miserables de vida de los obreros|they discovered the miserable living conditions of the workers
escalera	stairs, ladder	bajaban por la escalera del segundo piso|they went down the stairs from the second floor
cura	priest (m), cure (f)	esta enfermedad no tiene cura|this disease does not have a cure
universal	universal	crearon una declaración universal de los derechos humanos|they created a universal declaration of human rights
latino	Latin	la lengua latina es el raíz de las lenguas romances|the Latin language is the root of the romance languages
suave	soft, gentle, mild	se sentía un viento suave de otoño|he felt a soft autumn wind
efectivamente	in fact, actually, indeed	veremos si efectivamente se justifica la ayuda|we will see if in fact the help is justified
judicial	judicial	la citación judicial significaba mero cumplimiento de trámites|the judicial citation meant mere compliance with procedures
amenazar	to threaten	agarró su revólver para amenazar al ladrón|he grabbed his gun to threaten the thief
motor	engine, motor	Martín encendió el motor y aceleró|Martin started the engine and accelerated
acostar	to put/go to bed	vete a acostar para que mañana te levantes temprano|go on to bed so that tomorrow you can wake up early
arrojar	to throw, fling	arrojó el vaso de rosas al piso|she flung the vase of roses to the floor
triunfo	triumph, victory	para nosotros el poder no será un triunfo sino un sacrificio|for us the power will not be a victory, but a sacrifice
brillante	brilliant, shiny, sparkling	dejando entrever un sol brillante y frío|giving a glimpse of a brilliant and cold sun
vacío	emptiness, void	el salto en el vacío, es generalmente un salto hacia la muerte|a jump into the air, is generally a jump towards death
bolsillo	pocket	sacó una libretita del bolsillo|he pulled a small notebook out of his pocket
negativo	negative, pessimistic	otro aspecto negativo es la libertad controlada|another negative aspect is controlled freedom
repente	de + r.: suddenly	de repente nos tiramos al agua|suddenly we threw ourselves into the water
identidad	identity	ellos sufrieron de una quiebra de la identidad nacional|they suffered from a collapse of national identity
alrededor	surrounding area, vicinity	entró y dio una mirada a su alrededor|he went inside and took a look around
plato	plate, dish	te daban un plato lleno de papas fritas|they gave you a plateful of French fries
municipal	municipal, town	el consejo municipal convocó a una reunión urgente|the municipal council called an urgent meeting
caliente	hot, warm, spirited	quieren comer un poco de comida caliente|they want to eat some hot food
curioso	curious, strange	lo curioso era que también hablaban en yiddish|it was curious that he also spoke Yiddish
gasto	expense, expenditure	me daría también una suma mensual para mis gastos menores|he would also give me a monthly sum for my minor expenses
invierno	winter	en invierno la gente suele tener miedo, el frío es tremendo|in winter people are usually scared, the cold is terrible
pantalón	pants, trousers	hoy he ido con pantalones cortos, a jugar al tenis|today I came with shorts on, to play tennis
variedad	variety	se podía sembrar y cosechar una gran variedad de frutos|you could sow and reap a great variety of fruits
miércoles	Wednesday	vendría solamente los lunes, los miércoles, y los viernes|he would come only on Mondays, Wednesdays, and Fridays
impulsar	to push, promote, drive	sus palabras de ánimo me impulsaron a viajar|his words of encouragement motivated me to travel
cansado	tired, tiresome	estoy cansada y quiero dormir|I am tired and I want to sleep
figurar	to appear, represent, figure (in)	mi nombre no figuraba en la lista|my name didn’t appear on the list
consumir	to consume, take in	no debía consumir tanto sal|he shouldn’t consume so much salt
instalación	installation, facilities	existe un proyecto de instalación de videocámaras|there is a project for the installation of video cameras
cuidado	care, carefulness	mira, tú tienes que tener cuidado con tu forma de expresarte|look, you need to be careful with the way you express yourself
reina	queen	sentaba como una reina en su trono|she sat like a queen on her throne
experto	expert	pronto se convirtió en un experto en armas y explosivos|before long he became an expert in weapons and explosives
asomar	to appear, show, stick (out)	la jovencita se asomaba detrás de los visillos de la sala|the young woman appeared from behind the curtains of the room
apreciar	to appreciate	yo pude apreciar sus méritos|I could appreciate his merits
riqueza	riches, wealth	El museo nacional tiene las viejas riquezas del imperio egipcio.|The national museum has ancient treasures from the Egyptian empire.
votar	to vote	habla de la voluntad para ir a votar en las elecciones|he is talking about wanting to vote in the elections
rincón	corner, nook	encontré mis llaves en un rincón oscuro del dormitorio|I found my keys in a dark corner of the bedroom
curiosidad	curiosity, quaintness	la curiosidad de saber hasta qué punto podía ser verdad|the curiosity to know how much was true
partida	game, match, departure	juega una partida de ajedrez en el parque|he plays a game of chess in the park
naturalmente	naturally	los paraguayos son naturalmente músicos|the Paraguayans are naturally musical
mental	mental	la actividad mental que expresa una aguda realidad psíquica|the mental activity that expresses an acute psychic reality
agencia	agency, branch	es un empleado de la Agencia de Modelos «Cuerpo Perfecto»|he is an employee of the Modeling Agency “Perfect Body”
actuación	performance, acting	celebró una actuación pública en el teatro Victoria del Paralelo|he celebrated a public performance in the Victoria del Paralelo theater
tasa	rate, fee, levy	la tasa de mortalidad era más alta que la tasa de nacimientos|the mortality rate was higher than the birth rate
manifestación	protest, manifestation	la policía acabará de disolver esa manifestación en la plaza|in the end, the police will break up the protest in the plaza
busca	search, hunt	están a la busca de nuevos mercados|they are searching for new markets
rodilla	knee	estaba de rodillas en la iglesia durante toda la noche|he was on his knees at the church during the whole night
convenir	to be agreeable, be convenient	no conviene que me vean en un consultorio de esos|it is not advisable to be seen in that type of office
interpretación	interpretation, interpreting	de desarrollar su propia interpretación sobre lo que habían estudiado|to develop their own interpretation about what they had studied
diputado	deputy, member	para ser diputado hay que ser político|to be a deputy you have to be a politician
lentamente	slowly	avanzó muy lentamente escalera arriba|he advanced very slowly up the stairs
empresario	manager, entrepreneur	el empresario recibió la oferta de los sindicatos|the businessman received the offer from the unions
ruta	route	el esposo tomó su ruta y llegó al destino|the husband followed his route and arrived at the destination
empujar	to push, shove	empujó con una mano el portón de madera|he pushed the wooden front door with one hand
destinar	to assign, appoint	el dinero se destinaba a pagar para tu educación|the money was set aside to pay for your education
pintor	painter	el pintor practica también la escultura|the painter also creates sculptures
criticar	to criticize	podíamos criticar todo lo que no nos guste|we could criticize everything that we didn’t like
archivo	archive, file, filing cabinet	el viejo documento se conserva en el Archivo Nacional|the old document is conserved in the National Archive
caracterizar	to characterize, portray	Tiene el egoísmo innato que caracteriza a la raza humana.|He has the innate selfishness that characterizes the human race.
pantalla	screen, monitor	la pantalla de la computadora está apagada|the computer monitor is turned off
llave	key, faucet, wrench	saqué la llave y abrí la puerta|I took out the key and opened the door
sucio	dirty, filthy, underhanded	éste no era un sucio crimen de amor y celos|this was not a messy crime of love and jealousy
ánimo	zest, spirit, heart	con ese deseo, con ese ánimo, con ese vehemente sentir de las gentes|with that desire, that mood, that unthinking feeling of the people
conversar	to converse, talk	iban a tomar el té y a conversar de libros|they were going to have tea and talk about books
carro	car, cart	¿Por qué hay un carro en mi lugar?|Why is there a car in my parking space?
alimentar	to feed, support	la lejanía y la nostalgia alimentan la imaginación|distance and nostalgia feed the imagination
tremendo	tremendous, dreadful, huge	el no tener donde vivir es un problema tremendo|not having a place to live is a dreadful problem
dulce	sweet	será una mujer muy dulce y tierna|she must be a very sweet and affectionate woman
armar	to arm, put together	se armaban con cañones en el castillo|they were armed with canons in the castle
consciente	conscious, aware	el pueblo está muy consciente de sus acciones|the people are very aware of his actions
impacto	impact	Martín sintió el impacto del terremoto|Martin felt the impact of the earthquake
roca	rock	tiró una roca al bosque para ahuyentar los animales|he threw a rock into the forest to frighten away the animals
contemporáneo	contemporary	en el mundo contemporáneo, los problemas son globales|in the modern world, problems are global
gastar	to spend (money)	tuve que gastar todo lo que tenía para alquilarlas|I had to spend all I had to rent them
cola	line, queue, tail	yo era la primera de la larga cola de carros|I was the first in the long line of cars
crítico	critical	Hay en ella la conciencia crítica sobre la situación social.|She has in her a critical conscience concerning the social situation.
columna	column, spine	estas columas sostiene el techo|these columns support the roof
escala	scale, ladder, rank	iniciador de luchas políticas de escala nacional|initiator of the political struggle at the national scale
humor	mood, humor	permaneció silencioso sin conseguir apreciar su sentido de humor|he remained silent, not able to appreciate his sense of humor
esencial	essential	ni me parece esencial ni lo considero un requisito previo|it is not essential nor do I consider it a prerequisite
camisa	shirt	no usábamos traje, nada más que camisa y pantalón|we did not wear suits, just shirts and pants
muro	(outer) wall, rampart	siempre nos encontramos en el muro por el mar para ver el anochecer|we always meet at the wall by the sea to watch the sunset
rueda	wheel	no incluía jeeps, remolques, ni vehículos de ruedas|it does not include jeeps, trailers, nor wheeled vehicles
sustancia	substance, essence	esta película no tiene mucha sustancia|this movie doesn’t have much substance
testigo	witness	soy testigo directo de tal falsedad|I am a direct witness to such falsehood
botella	bottle, flask	pedí una botella de agua mineral|I asked for a bottle of mineral water
aguantar	to endure, put up with	fue muy duro y papá tuvo que aguantar muchas cosas|it was very hard and dad had to put up with a lot of stuff
estatal	state, government-owned	se privatizó la empresa estatal de teléfonos|the state telephone company was privatized
comunista	communist	Mis profesores tenían ideas comunistas.|My professors had communist ideas.
denunciar	to denounce	querían denunciar sus atrocidades|they wanted to denounce their atrocities
fumar	to smoke	en vez de fumar, masca el tabaco|instead of smoking, he chews tobacco
descender	to descend	descendió de la cabina y empezó a cruzar la pista|he descended from the cab and began to cross the highway
ejecutar	to execute, carry out	practica para ejecutar con perfección su obra|he practices in order to perform his work with perfection
inclinar	to bow, tilt, incline	Marta inclinó ligeramente la cabeza con el debido respeto|Marta slightly bowed her head with due respect
chileno	Chilean	se puede esquiar en las montañas chilenas casi todo el año|you can ski in the Chilean mountains almost year round
acariciar	to stroke, fondle, caress	el esposo acarició el cabello de la esposa|the husband caressed his wife’s hair
espiritual	spiritual	la vida espiritual puede ser una fuente de paz interior|the spiritual life can be a source of inner peace
justificar	to justify, excuse	no quiero justificar ninguna acción criminal|I don’t want to excuse any criminal action
entorno	environment, surroundings	Es sumamente susceptible a las influencias del entorno musical.|He is extremely susceptible to the influences of the musical environment.
húmedo	humid, damp	bajé las ventanillas y entró un aire húmedo al carro|I lowered the car windows and the humid air entered the car
sustituir	to substitute, replace	sustituyó a los militares por agentes de la policía|he substituted the soldiers with police agents
verdaderamente	truly	les saca el empleo a los que verdaderamente necesitan|it takes away jobs from those that truly need them
llamado	call, calling	esto es como un llamado de Dios para ejecutar obras caritativas|this is like a calling from God to carry out charitable works
amenaza	threat	me acostumbré a obedecerles bajo la amenaza de terribles castigos|I was used to obeying them under the threat of terrible punishment
jornada	(working) day, shift	entró en casa después de una jornada laboral especialmente agotadora|he went home after an especially exhausting work day
únicamente	only	me dedico únicamente a mi arte|I am dedicating myself only to my art
perdido	lost	no todo estaba perdido y era posible conseguir un empleo|not all was lost and it was still possible to find employment
rayo	ray, beam, lightning	los primeros rayos de sol iluminaron el cuarto|the first rays of sunlight illuminated the room
preferible	preferable	¿No es preferible aliarse con él?|Isn’t it preferable to ally yourself with him?
potencia	power, potential	tienen miles de proyectiles estratégicos, son una potencia nuclear|they have thousands of strategic missiles, they are a nuclear power
conformar	to conform	Olivia no se conformó fácilmente con la ausencia de Lucía|Olivia was not okay with the absence of Lucia
semejante	similar, such, alike	Es una situación muy semejante a la española, ¿no?|It is a very similar situation to the Spanish one, right?
vidrio	glass, pane	los primeros objetos de vidrio se fabricaron en el Medio Oriente|the first glass objects were produced in the Middle East
imaginación	imagination, fantasy	creí que era mi imaginación y no presté mucha atención|I believed that it was my imagination and I did not pay much attention
oración	prayer	¿Cuántas palabras hay en esta oración?|How many words are in this sentence?
sobrevivir	to survive, outlive	la capacidad de las personas para sobrevivir a las tragedias es increíble|the capacity of people to survive tragedies is incredible
reflexión	reflection	será motivo de profunda reflexión y análisis|it will be cause for profound reflection and analysis
pelear	to fight, struggle	fueron a pelear y a dar su vida|they went to fight and give their life
corredor	broker, corridor, runner	El corredor de propiedades nos ayudó a encontrar una casa nueva.|The real estate broker helped us find a new home.
relativo	relative	no de forma absoluta, sino como un índice relativo|it’s not an exact figure, but a relative rate
esposo	husband, spouse	Permítame presentarte a mi esposo de 50 años, Ramon Silva.|Allow me to introduce you to my husband of 50 years, Ramon Silva.
fruto	fruit, result	esta invención es fruto de dieciocho años de trabajo|this invention is the result of 18 years of work
gloria	glory, fame	un gran compositor obtiene la gloria durante su vida|a great composer gains fame during his life
dimensión	dimension, size	el arte ha introducido una dimensión más humana en la vida moderna|art has introduced a human dimension to the modern world
correspondiente	corresponding	trae todos los documentos correspondientes a la cita|bring all of the pertinent documents to the meeting
escoger	to choose	resignamos a escoger entre ser buenas o ser malas|we are resigned to choosing between being good and being bad
externo	external, outward	el cambio fue sólo externo, por dentro seguía igual|the change was only external, inside remained the same
violento	violent	los bárbaros del norte eran violentos|the northern barbarians were violent
junta	meeting, conference, seam	el jefe había convocado a una junta con sus hombres de confianza|the boss had called a meeting with his trusted men
familiar	relative	mis familiares siempre pasan una semana en la playa|my relatives always spend a week at the beach
claro	of course, clearly	¡Claro! Así está mucho major.|Of course! That’s a lot better.
conforme	in agreement with	como artista no estoy conforme con la sociedad|as an artist I am not in agreement with society
fruta	fruit	me gustan frutas como piña, sandía, naranja, papaya, y plátano|I like fruits like pineapple, watermelon, orange, papaya, and banana
protagonista	protagonist, main character	era la cruel protagonista de su propia historia|she was the cruel protagonist of her own story
tropa	troops, forces	el soldado era de la tropa revolucionaria|the soldier was from the revolutionary forces
descubrimiento	discovery	el descubrimiento de una estrella nueva es un momento emocionante|the discovery of a new star is an exciting moment
sacerdote	priest	un consagrado sacerdote organizó el viaje del Papa|a devoted priest organized the Pope’s trip
ligero	light (in weight), slight	se siente ligero, ingrávido y, de pronto, otra vez pesado|feels light, weightless, and then heavy again
avenida	avenue	la YMCA está en la avenida l6|the YMCA is on 16th Avenue
reconocimiento	recognition, acknowledgment	suponen reconocimiento de méritos musicales|they presuppose a recognition of musical merit
respectar	to concern	controla tus reacciones en lo que respecta a tu comportamiento|control your reactions regarding your behavior
típico	typical	una de esas típicas leyendas chilenas|one of those typical Chilean legends
excepción	exception	me pregunto si soy la excepción a la regla|I ask myself if I am the exception to the rule
ingeniero	engineer	James Watt, el ingeniero escocés, perfeccionó el motor a vapor|James Watt, the Scottish engineer, perfected the steam engine
pobreza	poverty, lack, scarcity	la pobreza y la desigualdad son problemas antiguas|poverty and inequality are old problems
bar	(snack) bar, café	se acomodó en el bar y encendió su primer cigarrillo|he sat at the bar and lit his first cigarette
setenta	seventy	en mayo, cumpliré los setenta años|in May, I will be seventy years old
significativo	significant, meaningful	fue un proyecto muy famoso y muy significativo|it was a very famous and significant project
fabricar	to manufacture	contrató a gente para fabricar y vender el producto|he hired people to manufacture and sell the product
quejar	to complain	se quejaba de dolencias de viejo|he complained about the pains of aging
procurar	to try, seek	el juez procuraba hacer algo sin lograrlo|the judge tried to do something without acheiving it
cariño	love, affection	un santo cuya vida simboliza el amor, el cariño, y la generosidad|a saint whose life symbolized love, affection, and generosity
lucir	to show (off), shine	lucía un viejo y arruinado traje|he wore an old and ruined suit
débil	weak	una ampolleta eléctrica echaba una débil luz sobre nosotros|an electric bulb cast a weak light over us
calcular	to calculate, figure out	lo ha pensado bien y ha calculado cada palabra|he has considered it carefully and has figured out every word
oler	to smell	¿No hueles el humo?|You don’t smell the smoke?
contento	happy, content	estoy contento, verdaderamente feliz de verte de nuevo|I am happy, truly happy to see you again
continente	continent	el continente africano ha tenido muchos cambios climáticos|the African continent has had a lot of climate changes
conceder	to grant, concede	Era la eficacia suficiente para conceder lo deseado.|It was sufficiently effective to grant what was desired.
anual	annual, yearly	tiene un presupuesto anual de cien millones de pesetas|he has an annual budget of 100 million pesetas
alcance	reach, scope	su teoría está fuera del alcance intelectual normal|his theory was outside the normal intellectual scope
monte	mountain	Un sueño mío es esquilar los montes más altos del mundo.|A dream of mine is to climb the world’s tallest mountains.
ceder	to give way, yield	necesitaremos ceder mucho para llegar a un acuerdo|we will need to yield a lot to come to an agreement
peseta	peseta (money)	lo mismo hicieron con la peseta española y la lira italiana|they did the same with the Spanish peseta and the Italian lira
jurídico	legal, juridical	Es necesario instituir un cuerpo legislativo y jurídico más formal.|It is necessary to establish a more formal legislative and judicial body
tarjeta	card	le pagaremos con tarjeta de crédito|we will pay him with a credit card
temblar	to tremble, shake	un tremendo impacto que hizo temblar la tierra|a terrible impact that shook the earth
colonia	colony, cologne	Estudiamos la lucha por la independencia de las colonias de España.|We are studying the fight for independence of the Spanish colonies.
sano	healthy, wholesome	era un animal sano, fuerte, y hermoso|he was a healthy, strong, and beautiful animal
plástico	plastic	Utiliza un plástico más duro.|It uses a harder plastic.
registro	register, record	no se hizo registro de donde fueron enterrados|there was no record of where they were buried
combinar	to combine	Combina los huevos con la leche y después añade la harina.|Combine the eggs with the milk and then add the flour.
firme	firm, steady	tenemos la firme convicción de reconocer errores|we have a firm dedication to recognizing errors
condenar	to convict, condemn	les condenó a vivir el resto de sus vidas en la cárcel|they were condemned to live the rest of their lives in prison
ochenta	eighty	crecí en la época de los ochenta|I grew up in the eighties
liberar	to free, liberate	tomar las armas y liberar al país|to take up arms and liberate the country
tensión	tension, stress, strain	nada me parecía serio, a pesar de la tensión y el anormal silencio|I did not take anything seriously, even though there was tension and abnormal silence
divino	divine	consúltalo con la Divina Providencia|check with Divine Providence
herida	wound	es muy importante para proteger lasheridasde infecciones|it’s very important to protect your wounds from infection
sesión	session, meeting	he convocado esta sesión extraordinaria para estudiar el problema|I have called this extraordinary meeting to study the problem
conectar	to connect, plug in	lo sintonizó, y conectó los auriculares|he tuned in and connected the headphones
evidentemente	evidently, obviously	quienes evidentemente no eran médicos, aunque habían fingido serlo|who evidently were not doctors, even though they had pretended to be
oh	oh	¡Oh! Sí, soy tuya.|Oh! Yes, I am yours.
fila	line, row, file	extendió de un extremo a otro una inmensa fila|there was an extremely long line that extended from one side to the other
contexto	context	hay que situarlo en un contexto más simple|it must be placed in a simpler context
hilo	thread, yarn, wire	la manipulación del hilo de seda fue un proceso secreto|the handling of silk thread was a secret process
vergüenza	embarrassment	sentían vergüenza de cantar en voz alta enfrente de otros|they felt embarrassed about singing aloud in front of others
administrativo	administrative	es la capital y el centro político y administrativo de Italia|it is the capital, and the political and administrative center of Italy
engañar	to trick, deceive	sólo como una ilusión, para engañar a la mente|only as an illusion, to trick the mind
raza	race, lineage	fue el primer presidente de raza negra de la República de Sudáfrica|he was the first black president of the Republic of South Africa
cáncer	cancer	esperamos una cura para el cáncer en unos años|we hope for a cure to cancer in a few years
juntar	to bring together	nos reunimos para juntar la plata para comprar la lotería|we gathered in order to put our money together to buy the lottery ticket
caída	fall, drop, falling	puede durar tres meses pero la caída de Sadam es una caída inevitable|it may last three months but the fall of Sadam is inevitable
regalo	gift, present	fue regalo de mi esposo en mi cumpleaños|it was a gift from my husband for my birthday
castellano	Castilian, Spanish	Vivir para ver, dice el viejo refrán castellano.|Live to see, says the old Castilian proverb.
angustia	anguish, distress	el público se dispersa bajo los paraguas, con sentimientos de angustia|the audience dispersed under their umbrellas, with feelings of distress
elaborar	to make, develop	hice fuego y logré elaborar un café pasable|I lit a fire and was able to make an acceptable cup of coffee
pronunciar	to pronounce	Me gusta su manera de pronunciar el castellano.|I like his way of pronouncing Castellano.
templo	temple, church	siempre vamos al templo para rezar|we always go to the temple to pray
peruano	Peruvian	la cultura Inca es fascinante, y la arquitectura es deslumbrante|the Incan culture is fascinating, and the architecture is stunning
tristeza	sadness	me hizo sentir mal su tristeza|his sadness made me feel bad
huevo	egg	entierran los huevos en nidos que construyen en la tierra|they bury their eggs in nests that they construct under ground
ala	wing, flank	El quetzal es un pájaro que tiene las alas brillantes.|The quetzal is a bird that has shiny wings.
novia	girlfriend, bride	su hija tiene novio y se va a casar muy pronto|his daughter has a boyfriend and she is going to get married very soon
agradable	nice, pleasant	sin duda era un hombre agradable y sensible|without a doubt, he was a pleasant and sensible guy
socialista	socialist	durante el gobierno socialista, la atención sanitaria era gratis|during the socialist government, healthcare was free
cultivo	cultivation, crop	el cultivo de plantas originó también la destrucción de la vegetación|the cultivation of plants also caused the destruction of vegetation
juzgar	to judge	no debes juzgar una persona por su apariencia|you shouldn’t judge a person by their appearance
suma	sum, amount, summary	rehusa gastar tal suma de dinero|he refused to spend such an amount of money
cita	appointment, date, quotation	nos gustaría tener una cita con usted|we would like to make an appointment with you
completar	to complete	voy a completar mi carrera con un curso de filosofía|I am going to complete my career with a philosophy course
resolución	resolution	anunció a sus padres su resolución de hacerse doctor|he announced his resolution to become a doctor to his parents
examen	examination, exam +o	yo tuve un examen de matemáticas en la primera hora esta mañana|I had a math exam in first period this morning
patrón	employer, landlord, patron saint	tu patrón tiene más responsabilidades cada día|your boss has more responsibilities every day
azúcar	sugar	le echaban un poquito de azúcar y era muy refrescante|they sprinkled a little sugar on it and it was very refreshing
distribución	distribution	quiere controlar personalmente la distribución de sus libros|he wants to personally control the distribution of his books
composición	composition, makeup, essay	para conocer la composición de las estructuras de DNA|you should know the composition of DNA structures
diseñar	to design, develop	se han diseñado técnicas que emplean haces de láser|they have designed techniques that use laser beams
alcalde	mayor	el alcalde del pueblo, de buena gana, los casó|the mayor of the town gladly married them
facilidad	ease, facility	es un hombre inteligente con una gran facilidad de expresión|he is an intelligent guy with a great ease of expression
inferior	lower, inferior	bajó a la parte inferior del puente|he stepped down to the lower part of the bridge
convocar	to convene, summon	convocó a una conferencia en el salón de baile|he called a conference in the dance hall
fracaso	failure, collapse	la realidad ha demostrado el fracaso del comunismo|reality has demonstrated the failure of comunism
infancia	infancy, childhood	prefiero no hablar de mi infancia ni de los años de orfandad|I prefer not to talk about my childhood nor of my years in the orphanage
habilidad	ability, skill, talent	no tengo habilidad para tocar el jazz|I do not have the talent to play jazz
misterio	mystery	el libro más vendido en la librería es una novela de misterio|the bestselling book at the bookstore is a mystery novel
japonés	Japanese	tuve una grabadora diminuta, japonesa para la entrevista|I had a tiny Japanese recorder for the interview
solitario	solitary, lonely	Son gente solitaria que daría lo que fuera por tener a alguien.|They are lonely people that would give anything to have someone.
adelantar	to move forward	vamos a tener que adelantar la fecha|we are going to have to move the date forward
justamente	just, exactly	es justamente porque me tienen confianza|it is exactly why they trust me
pecado	sin	¿Viste la película de los siete pecados capitales?|Did you see the movie about the seven deadly sins?
orilla	shore, edge	yo iba a pasar mis vacaciones a la orilla del mar|I was going to spend my vacation at the seashore
cotidiano	daily	los retratos de los habitantes de la capital en su devenir cotidiano|portraits of the inhabitants of the capital in their daily life
pedazo	piece, bit	le da un pedazo de pan al pato|he gives a piece of bread to the duck
símbolo	symbol	el árbol era el símbolo de nuestro amor|the tree was the symbol of our love
bebé	baby	el bebé nació sano y robusto|the baby was born healthy and robust
incrementar	to increase	en poco tiempo incrementó la producción de hielo|in a short amount of time the production of ice increased
primario	primary	la producción del sector primario continúa siendo muy importante|production from the main sector continues to be very important
efectuar	to carry out, cause to happen	no se atrevía a efectuar ningún movimiento|he dared not make any movement
taller	workshop, shop	trabaja en un taller de automóviles|he worked in a workshop for cars
ensayo	essay, rehearsal	desea escribir un ensayo sobre la República Argentina|he wants to write an essay about the Argentine Republic
favorecer	to favor, help	la relajación favorece tu capacidad de concentración|relaxation helps your ability to concentrate
regional	regional	es importante aprender las lenguas regionales y las extranjeras|it is important to learn regional and foreign languages
petróleo	oil, petroleum	buscan gases licuados, petróleo y gas natural|they are looking for liquid gases, petroleum, and natural gas
traducir	to translate	la posibilidad de traducir una lengua con toda exactitud|the possibility of translating a language exactly
continuo	continuous	durante cinco años contínuos lo conocí|I knew him over a continous five-year period
boliviano	Bolivian	el gobiernobolivianodenunciaron la existencia de una conspiración|the Bolivian government denied the existence of a conspiracy
baile	dance, ball	le encanta practicar el baile flamenco|she loves to practice the flamenco dance
tiro	throw, shot	se puede marcar un gol directamente con un tiro libre|you can score a goal directly from a free kick
dominicano	Dominican	se culpó al dictadordominicanode los años 30 a los 60|the Dominican dictator of the ’30s to ’60s was blamed
cárcel	jail, prison	la cárcel es para los ladrones|prison is for thieves
detrás	behind	pueden estar detrás de ese árbol|they could be behind that tree
borrar	to erase	es casi como borrar lo que se ha escrito con tinta|it is almost like erasing what has been written in ink
secundario	secondary	empecé a aprender español en la escuela secundaria|I began to learn Spanish in high school
carecer	to be without	Es una experiencia difícil, ¿por qué carecer de ayuda?|It’s a difficult experience, why do it without help?
crimen	crime, murder	luchamos contra la delincuencia y el crimen|we fought against delinquency and crime
liberal	liberal	él era más salvaje que un liberal o un comunista|he was more savage than a liberal or a communist
canto	singing, chant	mezclaban canto y baile español en coreografías muy simples|they combined Spanish singing and dancing to create very simple choreography
disponible	available	leía mucho porque tenía mucho tiempo disponible|he read a lot because he had a lot of free time
coronel	colonel	mi padre era coronel para el ejército de los Estados Unidos|my father was a colonel for the United States Army
invadir	to invade, overcome	decidieron no invadir otros territorios|they decided not to invade other territories
oponer	to oppose	nuestro grupo se opone a este proyecto|our group is opposed to this project
deportivo	sports, sporty	oigo el bramido cercano de un coche deportivo|I hear the roar of a sports car nearby
caballero	gentleman, knight	es buena costumbre que los caballeros les den la acera a las damas|it is a good custom that the gentlemen give way to the ladies on the sidewalk
sabio	wise, learned	las desgracias le hacen a uno sabio e inteligente|misfortunes make a person wise and intelligent
laboratorio	laboratory	Está en un laboratorio donde se procesaba los vídeos.|He is in the laboratory where the videos used to be processed.
oriental	Eastern, oriental	¿Cuál es su interés por la filosofía oriental y el misticismo?|What is your interest in Eastern philosophy and mysticism?
músico	musician	Puso una marcha de Souza, el músico favorito del pueblo americano.|He played a Souza march, the favorite music of the American people.
ampliar	to enlarge, increase, expand	era el momento de ampliar el negocio, buscar nuevos mercados|it was the moment to expand the business, to look for new markets
dama	lady, dame	vieron a una dama muy elegante desde un balcón|they saw a very elegant woman from a balcony
material	material	lo constituye una persona y no un objeto material|that makes him a person and not a material object
ciego	blind	ha tenido una fe ciega en aquella criatura|she has had blind faith in that child
oficio	job, occupation, function	nuestro oficio es remover las ruinas y recolectar trastos|our job is to remove wrecks and collect pieces of junk
frecuente	frequent	es muy frecuente ahora el divorcio por cosas sin importancia|divorce over unimportant things is very frequent now
sede	headquarters, seat	cinco asociaciones, dos con sede en Madrid|five associations, two with headquarters in Madrid
grueso	thick	el grueso de la colección está formado por las obras realistas|the bulk of the collection is made up of realist pieces
gol	goal	salió campeón por ungolel otro rival|the other rival became champion by one goal
concentrar	to concentrate	la actualidad mediática concentra sus focos sobre este libro|today’s media concentrates its focus on this book
tejido	fabric, tissue	el tejido de sociedad es débil ahora|the fabric of society is weak now
rendir	[se] to give in; to render	habría caído de rodillas para rendir tributo a la obra|she would have fallen to her knees to render tribute to the work
alternativa	alternative	a todos no les queda otra alternativa que buscar la solución política|everyone has no other alternative than to look for a political solution
claramente	clearly	hemos entendido claramente su mensaje|we have clearly understood your message
renunciar	to give up, renounce	no debemos renunciar a esa idea excelente|we shouldn’t give up on this excellent idea
anuncio	advertisement, announcement	Presentaremos el proyecto con un anuncio de nuestro patrocinador.|We will present our project with an advertisement from our sponsor.
encuesta	poll, survey, inquiry	según los resultados de la encuesta, realizada en 35 ciudades|according to the survey results, conducted in 35 cities
admirar	to admire	para quedarse en el parque y admirar los desteñidos colores|to stay in the park and admire the faded colors
disparar	to shoot (at)	Los sargentos son los que me enseñaron como disparar una pistol.|The sergeants are the ones who taught me how to shoot a gun.
múltiple	multiple, many	la pintura es infinita, múltiple, cambiante|artwork is infinite, multifaceted, and ever-changing
alegre	happy, lively, cheerful	era muy simpática, muy, muy divertida, muy alegre|she was very nice, very, very fun, and very happy
piano	piano	composición de conciertos para piano y orquesta|concert compositions for piano and orchestra
virtud	virtue, quality	es una gran virtud ser disciplinado|it is a great virtue to be disciplined
salto	jump, hop, skip	al dar un salto maravilloso, me quebré la pierna|after an amazing jump, I broke my leg
tela	cloth, fabric	no había tela para los uniformes porque se acabó el algodón|there wasn’t cloth for the uniforms because they ran out of cotton
ave	bird	creo que estos huevos son de ave|I believe that those are bird eggs
asamblea	assembly	esto será objeto de una discusión en la Asamblea Nacional|this will be the topic for discussion in the National Assembly
permiso	permission, permit	Víctor me dio permiso para hacer ciertos recortes|Victor gave me permission to make certain cuts
ancho	wide	en esa época era una avenida muy ancha|in those days it was a very wide avenue
mancha	stain, spot	es una mancha que no sale con el detergente|it is a stain that doesn’t come out with detergent
pata	leg, paw	casi se golpeó la rodilla con una de las patas de la mesa|he nearly hit his knee on one of the table legs
preparado	prepared	no estaba preparado para la sorpresa de esa noche|I wasn’t prepared for that night’s surprise
equilibrio	balance	hay que encontrar el equilibrio entre el contenido y la forma|you have to find a balance between content and form
núcleo	nucleus, core	la iglesia se convirtió en el núcleo espiritual de sus vidas|the church became the spiritual center in their lives
oreja	ear	aprendí a escuchar, a abrir mis orejas, en lugar de hablar|I learned to listen, to open my ears, instead of talking
asiento	seat, chair	le ofreció el asiento a una persona mayor|he offered his seat to an elderly person
profundidad	depth, profundity	tiene por lo menos, un metro de profundidad|it has a depth of a least a meter
atractivo	attractive	lo que hace atractiva a una mujer es su entendimiento|what makes a woman attractive is her understanding
jurar	to swear, take an oath	le juro que soy estudiante, mire mi credencial|I swear that I am a student, look at my credentials
preparación	preparation, training	Hay nuevas perspectivas en la preparación de vacunas contra el sida.|There are new prospects in the preparation of anti-AIDS vaccines.
aceite	oil	los ponen a cocer y los sirven con aceite de oliva|cook them and serve them with olive oil
árabe	Arab	en la encrucijada de tres mundos: el árabe, el judío y el cristiano|at the crossroads of three worlds: the Arab, the Jew, and the Christian
distrito	district, area	Esta casa se ubica en eldistritode Cayma.|This house is located in the district of Cayma.
Internet	Internet	permite el acceso de los jóvenes a la Internet|it allows Internet access to young people
cantante	singer	los cantantes estuvieron espléndidos y la orquesta también|the singers were wonderful and the orchestra as well
patria	native land, fatherland	ha regresado a la patria de su niñez|she has returned to the country of her childhood
león	lion	los animales carnívoros, tales como leones y hienas|carnivorous animals, like lions and hyenas
sabor	taste, flavor, sensation	al despertar, tuvo cierto sabor amargo en los labios|upon waking, he had a certain bitter taste in his mouth
derivar	to derive, come (from)	con el vocabulario que se deriva del capitalismo|with the vocabulary that is derived from capitalism
definitivamente	definitely, finally	¿Visión? ¿Delirio? No; definitivamente no.|Visions? Delirium? No; definitely not.
global	global, overall	constituyen una nueva visión global de nuestro planeta Tierra|they set up a new global vision of our planet Earth
atmósfera	atmosphere, environment	tiene la atmósfera mística de un templo|it has the mystical atmosphere of a temple
reserva	reservation, reserve	abandonando toda reserva, le puso delante la realidad desnuda|abandoning all discretion, he gave him the naked truth
divertir	to amuse, entertain	la primera función del teatro es entretener y divertir|the main purpose of theater is to entertain and amuse
gobernar	to govern	gobernar no es solamente administrar un Estado|to govern is not only to manage a state
cuerda	cord, rope	el hombre echó la cuerda al árbol|the man threw the rope around the tree
entrega	delivery	la entrega del proyecto es el cumplimiento del contrato|delivery of the project is the fulfillment of the contract
satisfacción	satisfaction	te presentamos con satisfacción y con orgullo|we present you with satisfaction and pride
cadáver	corpse, body	por encima de mi cadáver|over my dead body
ópera	opera	Es bueno sin ser ni una ópera ni una comedia musical.|It is good without being either an opera or a musical comedy.
magnífico	magnificent, splendid	dije que era bueno y hasta magnífico|I said that it was good, splendid even
brillar	to shine, twinkle, be outstanding	esperaba ver brillar ese diamante lujoso|I hoped to see that luxurious diamond shine
milagro	miracle	escapó de milagro a cuatro tiros de revólver|he miraculously escaped four revolver shots
académico	academic	obtuvo su título académico en la Escuela de Bellas Artes|he got his academic degree at the School of Fine Arts
negociación	negotiation	el gobierno ha emprendido una negociación directa con el MRTA|the government has launched a direct negotiation with the MRTA
paseo	walk, ride	Vamos a dar un paseo por la plaza del pueblo.|We are going for a walk around the town square.
palma	palm tree, palm	en ocasiones las escribían en hojas de palma|sometimes they wrote them on palm leaves
aprendizaje	learning, apprenticeship	Es un entorno bueno de aprendizaje.|It is a good learning environment.
publicidad	advertising, publicity	ha logrado una de las campañas de publicidad más exitosas|he has achieved one of the most successful advertising campaigns
meta	goal, aim, purpose	mi última meta es llegar a ser intérprete|my ultimate goal is to become an interpreter
impulso	impulse, momentum	lo que realmente me dio el impulso fue una cosa muy curiosa|what really gave me momentum was something very curious
acumular	to accumulate, amass	deseosos de acumular una fortuna para el hijo|eager to accumulate a fortune for their son
onda	wave, ripple	el agujero negro emite grandes cantidades de ondas de rayos X|the black hole emits large quantities of X-ray waves
llover	to rain	siempre llueve en Londres, todo el mundo lo sabe|it always rains in London, everyone knows that
invertir	to invest	¿En qué debo invertir el dinero?|What should I invest my money in?
definición	definition	la definición del diccionario generalmente parece correcta|the dictionary definition generally seems correct
madrugada	dawn, daybreak	estudiaron toda la noche hasta la madrugada|they studied all night until dawn
torre	tower	Vivo en un altillo con vista de la torre Eiffel.|I live in a loft with a view of the Eiffel Tower.
tabla	chart, board, table, plank	memorizar la tabla de los elementos era inútil|memorizing the periodic table was useless
perfil	profile, outline	en las figuras ópticas se puede ver una copa o el perfil de una cara|in the optical illusion, you can see a cup or the profile of a face
práctico	practical, skillful	esperar años hasta ver los resultados prácticos de sus hallazgos|to wait years to see the practical results of his findings
disciplina	discipline, subject	imponía la disciplina escolar|he imposed school discipline
móvil	mobile	los ejecutivos tienen coches, teléfonos móviles, y un chalet|the executives have cars, mobile phones, and a cottage
notable	outstanding, noteworthy	este libro posea una calidad estética notable|this book has a significant aesthetic quality
especializado	specialized, skilled	tenemos un servicio especializado en innovación|we offer a specialized service in innovation
significado	meaning	¿Qué significado tiene? ¿Qué importancia le da usted a esto?|What meaning does it have? What importance is it to you?
salario	salary, wages	Les interesa aumentar el salario mínimo de los trabajadores.|They are interested in increasing the minimum wage of the workers.
inicial	initial	un artículo periodístico firmado con las iniciales D.M.|a newspaper article signed with the initials D.M.
criatura	creature, child	es una criatura, solamente un bebé|he is a small child, only a baby
pista	clue, track, trace	dará una pista definitiva para resolver esta cuestión|he will give a a final clue to resolve this matter
lago	lake	Thoreau construyó una cabaña al lado del lago de Walden|Thoreau built a cabin on the edge of Lake Walden
digno	worthy	es digno de toda consideración|he is worthy of all consideration
rumbo	direction, course, bearing	¿Y por qué no marcharse rumbo a América?|And why not leave and head in the direction of America?
probable	probable	es probable que se la abandone por completo|it is probable that he will abandon her completely
cigarrillo	cigarette	se sentaba, fumando cigarrillo tras cigarrillo|he was sitting, smoking cigarette after cigarette
orgullo	pride	siente el orgullo de ser hija del presidente|she is proud of being the president’s daughter
contratar	to hire, contract	tuvo que contratar a otra empleada|he had to hire another employee
instrucción	instruction	fue sometido a una intensa instrucción militar|he was subjected to intense military instruction
desempeñar	to carry out, fulfill	tengo tan arduas tareas que desempeñar en el manejo de la casa|I have so many difficult tasks to carry out in managing this home
misa	(religious) Mass	me levanté para ir a la misa del domingo|I got up to go to Sunday Mass
repartir	to divide, deliver, distribute	son nueve panes a repartir entre diez hombres|there are nine pieces of bread to distribute between ten men
desconocer	to not know, not recognize	todavía se desconoce una solución al problema|he still doesn’t know a solution to the problem
corrupción	corruption	un problema grande hoy es la corrupción de menores por la televisión|a big problem today is the corruption of minors through the television
barato	inexpensive	todo era muy barato y la gente vivía con más comodidades|everything was very inexpensive and the people lived with more conveniences
asustar	to frighten, scare	le gritó sólo para asustar a su hermanito|he screamed only to frighten his little brother
pesado	heavy, boring, tiresome	el silencio se hizo igual de pesado que el aire|the silence became as heavy as the air
inteligente	intelligent	era muy inteligente y lo había comprendido todo|he was very intelligent and had understood everything
padecer	to suffer	un riesgo elevado de padecer enfermedades coronarias|an elevated risk of suffering from coronary illnesses
mezcla	mixture, blend	era una mezcla de amor y felicidad|it was a mixture of love and happiness
penetrar	to penetrate, come in	por la ventana abierta penetra el aire fresco|the fresh air comes in through the open window
inspirar	to inspire, inhale	era capaz de inspirar y alentar una ambición de grandeza|he was able to inspire and encourage an ambition toward greatness
adaptar	to adapt	el adaptó a los tiempos actuales|he adapted to modern times
colectivo	collective, joint	no podemos ayudarles a superar su miedo individual y colectivo|we can’t help them overcome their individual and joint fears
agitar	to shake, move	el viento agita sus hojas|the wind shook its leaves
evidencia	evidence, certainty	las huellas en el piso no eran suficiente evidencia|the footprints on the floor were not sufficient evidence
finalizar	to end, finalize	faltaban como treinta minutos para finalizar el partido|they still had thirty minutes to finish the game
automóvil	automobile	era un automóvil Chevrolet último modelo de la década del 50|it was a Chevrolet, the last model from the 1950s
venezolano	Venezuelan	Además de ser colombiano es venezolano.|In addition to being Colombian he’s Venezulan.
caro	expensive, difficult, dear	Trescientos pesos es muy caro. Mi marido no tiene dinero.|Three hundred pesos is very expensive. My husband doesn’t have money.
episodio	episode, incident	yo les contaré un episodio de mi propia vida|I will tell them of an incident from my own life
cuarto	fourth	un veinticinco por ciento, la cuarta parte, está cubierta de bosques|twenty five percent, a fourth of the land, is covered in forest
recientemente	recently	Actuaron como si se conocieran recientemente.|They acted as if they had met just recently.
rasgo	feature, trait	es el primer rasgo saliente de la actitud hispánica|it is the most salient feature of the Hispanic attitude
latinoamericano	Latin American	es una situación común a todo el cine latinoamericano y español|it is a situation common to all Latin American and Spanish cinema
rezar	to pray, recite	era costumbre rezar el rosario antes de acostarse|it was customary to recite the rosary before going to bed
concurso	competition, gathering	el cuento ganó un primer premio en un concurso latinoamericano|the story won first prize in a Latin American contest
deber	duty, obligation	todos tenemos el deber de alimentar esa luz de esperanza|we all have a duty to nurture the light of hope
elevado	elevated, high, lofty	existía un elevado índice de pobreza y analfabetismo|there was an increased incidence of poverty and illiteracy
odiar	to hate	odiaba a los liberales; los persiguió|he hated the liberals; he persecuted them
calificar	to grade, rate, qualify	para hacer una evaluación y calificar los resultados, necesitamos datos|we need facts in order to do an evaluation and to rate the results
especialista	specialist	son especialistas en ambos botánica y genética|they are specialists in both botany and genetics
gobernador	governor	hablan el presidente y el gobernador al público|the president and the governor speak to the public
escritura	writing, scripture	ejerce una escritura apenas legible|his writing is barely legible
concentración	concentration, gathering	la visita de Leah no perturbó en absoluto mi concentración|Leah’s visit did not disturb my concentration at all
promesa	promise	necesitamos cumplir la promesa que hicimos|we need to fulfill the promise we made
centrar	to center, focus, base (on)	todo se centraba alrededor de la novela|everything is centered around the novel
detectar	to detect	también pudimos detectar problemas con los procesos|we could also detect problems with the processes
cultivar	to cultivate, produce	¿Cómo pueden cultivar si no tienen tierra?|How can they farm if they don’t have land?
fortuna	fortune, fate	a los seis meses, su fortuna pasaba de quinientos mil pesos|at six months, his fortune passed five hundred thousand pesos
productor	producer	entre los principales productores de vino del mundo|among the main wine producers in the world
adivinar	to guess, solve	no podía adivinar lo que él iba a hacer|I could not guess what he was going to do
vosotros	you (subj-pl/+fam)	pero vosotros, sois más inteligentes|but you all are more intelligent
síntoma	symptom	los celos eran síntoma de amor|jealousy was a symptom of love
vital	vital, lively, essential	era de vital importancia|it was of vital importance
transcurrir	to occur, take place	¿Cuántos días podrían transcurrir para que llegaran?|How many days would it take for them to arrive?
habitar	to inhabit	la casa donde habita una mujer es un hogar|the house where a woman lives is a home
rumor	rumor, murmur	Había más rumores no confirmados e información caótica.|There were more unconfirmed rumors and confusing information.
colaborar	to collaborate, work together	colabora con sus empleadores en pequeños detalles|he works together with his employers on small details
observación	observation	ella está siempre al día en la observación de la política contemporánea|she is always up to date in her observation of contemporary politics
amante	lover	es su amante y le trae flores todos los días|he is her lover and brings her flowers every day
odio	hatred	él tenía mucho odio en su corazón|he had a lot of hatred in his heart
diablo	devil	muchas religiones tienen una forma del diablo|many religions have a form of the devil
alianza	alliance	necesitamos una alianza entre todas las fuerzas políticas|we need an alliance between all political factions
sed	thirst	tengo mucha sed y no me vendría mal un vasito de agua|I am very thirsty and I could use a small glass of water
extraer	to extract, take out	extrajo el tapón y lleno el envase con sidra|I take out the plug and fill the container with cider
valorar	to value	este hombre no valora su riqueza|this man doesn’t value his wealth
sagrado	sacred	el rito sagrado de un mito inmemorial|the sacred rite of an unforgettable myth
dibujar	to draw, sketch	no sé dibujar ni una mesa|I don’t even know how to draw a table
fundación	foundation	propuso la inmediata fundación de otro club con el mismo nombre|he proposed the immediate foundation of another club with the same name
emprender	to undertake, embark on	¿Qué le costaba emprender un viaje a Europa?|What does it cost to undertake a trip to Europe?
consulta	consultation, advice	Decidieron la cuestión en consulta con los otros miembros del tribunal.|They decided the matter in consultation with the other members of the tribunal.
cinta	tape, ribbon, film, strip	apaga el televisor y saca la cinta de vídeo|turn off the television and take out the videotape
posiblemente	possibly	en este aspecto, posiblemente no haya tantas diferencias|in this respect, there may not be so many differences
creencia	belief	cada cual tiene el derecho de tener sus propias creencias|everyone is entitled to have their own beliefs
turno	turn, shift; en t. a: around	grita con fervor cuando le toca el turno de decir su frase|he shouts enthusiastically when it is his turn to say his phrase
tráfico	traffic, trade	él está preso por tráfico de autos robados|he is in jail for trafficking stolen cars
compuesto	composite, mixed	ambas entidades, protón y neutrón, están compuestas de quarks|both particles, proton and neutron, are composed of quarks
sacudir	to shake, jolt	sacudió la arena de la toalla|he shook the sand off of his towel
protesta	objection, protest	había una protesta en contra de ese concepto|there was a protest against that concept
abrazo	hug, embrace	le dieron un abrazo estrecho y cariñoso|they gave him a big hug
igualmente	equally	era igualmente cariñosa con ella y con los niños|he was equally caring with her and with the children
desgracia	misfortune, bad luck	se emborracha y condena a su familia a la desgracia económica|he gets drunk and condemns his family to economic hardship
funcionamiento	functioning, operation	el funcionamiento de las máquinas|the functioning of the machines
palo	stick, pole	Nos faltan tres palos de hierro para terminar la construcción.|We need three iron rods to finish the construction.
aéreo	aerial, air	Escribió una política de transporte marítimo y aéreo.|He wrote a policy for sea and air transport.
fundamentalmente	fundamentally, basically	Fundamentalmente, este es un problema para un doctor.|Fundamentally, this is a problem for a doctor.
cómodo	comfortable, convenient	no es cómodo, es molesto|it is not comfortable, it is bothersome
reproducir	to reproduce, repeat	cada una de estas flores reproduce un color diferente|each one of these flowers produces a different color
secar	to dry	se secó el sudor de la frente con un pañuelo|he wiped the sweat from his forehead with a handkerchief
lujo	luxury	no podía permitirse el lujo de comprometerlo|he could not allow himself the luxury of such a commitment
delgado	thin, skinny	su cuerpo era delgado pero bien proporcionado|his body was thin, but well proportioned
héroe	hero	describe las hazañas de un héroe de la cultura escandinava, Beowulf|it describes the deeds of a Scandanavian hero, Beowulf
silencioso	quiet, silent	todo quedó silencioso y sombrío|everyone remained silent and sullen
consumidor	consumer	ojo con lo que venden y compran los consumidores|watch out for what the consumers buy and sell
comprometer	to compromise	él no quería comprometer su carrera abogando por un preso político|he didn’t want to compromise his career by defending a political prisoner
fiscal	fiscal, treasury	una enorme presión fiscal sobre los trabajadores agrícolas|a huge economic pressure on agricultural workers
vela	candle, sail, vigil	llevaba un candelabro con una sola vela|he carried a candelabra with only one candle
testimonio	testimony, evidence	el testimonio de la familia fue elemental|the family’s testimony was essential
estrecho	narrow	para caminar por serenas y estrechas calles|to walk through the quiet and narrow streets
proteína	protein	ingerir más proteína te podría ayudar|it would help you to consume more protein
locura	madness, insanity	¡Todo a la vez! Pero, ¡Qué locura!|All at once! But, what madness!
alegrar	to be/make happy	Se alegró de verlo libre.|He was happy to see him free.
sillón	armchair, seat	se sienta en el sillón junto al sofá|she is sitting in the armchair next to the sofa
tesis	thesis, exposition	ella pasó seis meses pensando en el tema de su tesis|she spent six months thinking about the topic for her thesis
íntimo	close, intimate	ese hombre era tu íntimo amigo|that man was your close friend
presidencial	presidential	obtuvo la nominación presidencial por el Partido Demócrata|he won the presidential nomination of the Democratic Party
adolescente	adolescent	alucinados por ese apetito adolescente que todo lo devora|amazed by the adolescent appetite, that devours everything
talento	talent, skill	de mi abuela heredé el talento artístico|I inherited my grandmother’s artistic talent
extensión	extension, area, expanse	lo que equivale a doce veces la extensión de España|that which is equivalent to twelve times the area of Spain
distribuir	to distribute, deliver	esa carta se distribuye a todos los demás|that letter was distributed to everyone else
satisfecho	satisfied	estoy muy satisfecho con el resultado|I am very satisfied with the result
nuclear	nuclear	son víctimas potenciales de un desastre nuclear|they are potential victims of a nuclear disaster
horizonte	horizon	a lo lejos, la línea del horizonte separa el cielo del mar|in the distance, the line of the horizon separates the sky from the sea
recurrir	to resort to	no saben recurrir a su propia iniciativa|they do not know how to resort to their own initiative
virgen	virgin	la contaminación de sus ríos y ecosistemas vírgenes|the contamination of its rivers and virgin ecosystems
retrato	portrait, photograph	Me fascinan las facetas de la pintura goyesca: el retrato, el arte religioso.|I am fascinated by the facets of Goyan paintings: the portrait, and the religious art.
claridad	clearness, clarity	la claridad de un diamante determina su valor|a diamond’s clarity determines its worth
izquierdo	left (opposite of right)	el lado izquierdo simboliza la muerte|the left side symbolizes death
fórmula	formula	aprendan la siguiente fórmula matemática: a² + b² = c²|learn the following mathematical formula: a² + b² = c²
pelota	ball	¿Sabes dónde está la pelota de fútbol?|Do you know where the soccer ball is?
existente	existing	acumulaba el 80% del oro existente en el mundo|he accumulated 80% of the world’s existing gold
precisar	to do exactly, specify	entendía sus intenciones sin precisar palabras|I understood his intentions without specifying words
solucionar	to solve, settle	decidió solucionar el problema de una manera muy inteligente|he decided to solve the problem in a very intelligent way
alrededor	about, around, round	Alrededor de 1992 encontré un maravilloso manual.|Around 1992 I found a wonderful manual.
componente	component, ingredient	los quarks son los componentes fundamentales de la materia|quarks are the fundamental components of matter
dormitorio	bedroom, dormitory	se escondió debajo de una cama en otro dormitorio|he hid under the bed in another bedroom
denuncia	accusation	no dudaron en presentar denuncia contra el presidente del gobierno|they didn’t hesitate to lodge a complaint against the president of the government
fábrica	factory, manufacture	en la fábrica se producen cosas de plástico|they produce plastic items in that factory
respectivo	respective	debe cada uno hacer su respectivo trabajo|everyone should do his respective job
toro	bull	las corridas de toros son una parte importante de la tradición|the running of the bulls is an important part of the tradition
prolongar	to extend, prolong	el paisaje se prolonga hasta el horizonte|the landscape extends to the horizon
delicado	delicate	la fabricación de vidrio es un proceso delicado y exigente|the manufacture of glass is a delicate and demanding process
cerveza	beer, ale	bebía una cerveza en la mesa de mi amigo|he was drinking a beer at my friend’s table
reaccionar	to react	el agua reacciona con los minerales|the water reacted with the minerals
estómago	stomach	comenzó a sentir unos fuertes punzadas de hambre en el estómago|he began to feel strong hunger pangs in his stomach
enterrar	to bury	lo enterró bajo las raíces de un cerezo|he was buried under the roots of a cherry tree
nieto	grandchild	Mi hijo Roberto es el nieto de mis padres.|My son Robert is the grandchild of my parents.
dictar	to dictate, announce	la imparcialidad del tribunal sabrá dictar el veredicto más justo|their impartiality means the jury will be able to pronounce the most just verdict
sombrero	hat, sombrero	me daba cuenta del sombrero que llevaba en la cabeza|I noticed the hat he was wearing on his head
creador	creator	Es el creador de este gran Proyecto.|He is the creator of this great project.
técnico	technician	el técnico me dijo que necesito reemplazar el filtro de aire|the technician told me I needed to replace my air filter
progreso	progress	está haciendo un gran progreso en la lucha contra el narcotráfico|there is great progress in the fight against drugs
academia	academy	estudiamos en la academia|we study at the academy
vientre	womb, belly	se lleva un bebé en el vientre por nueve meses|you carry a baby in the womb for nine months
apariencia	appearance, aspect	miraban fijamente, sin apariencia de sorpresa|they stared intently, without the appearance of surprise
alcohol	alcohol	el tabaco y el alcohol matan más que la heroína|tobacco and alcohol kill more people than heroin does
sacrificio	sacrifice	habrá sacrificios financieros para construir una nueva escuela|there will be financial sacrifices in order to build a new school
danza	dance	aprendía la danza folklórica cuando estaba en Perú|I learned the folk dance when I was in Peru
compositor	composer	eres mi compositor y cantante favorito|you are my favorite composer and singer
concepción	conception	presupone una concepción de la realidad|he presupposes a conception of reality
seno	breast, bosom, cavity	la madre la abrazó contra su seno|the mother held her close to her breast
terror	terror, horror	me asustan las películas de terror|horror movies scare me
bomba	bomb, explosion, pump	con el lanzamiento de la primera bomba atómica sobre Hiroshima|with the launch of the first atomic bomb over Hiroshima
seguro	insurance	no va a pagar ni el Seguro de Invalidez y Vida, ni el Seguro de Salud|I am not going to pay for disability and life insurance, nor health insurance
arquitecto	architect	el arquitecto de ese edificio estudiaba el arte moderno|the architect of that building studied modern art
entusiasmo	enthusiasm	me llenó de alegría, entusiasmo y deseos de trabajar|I was filled with happiness, enthusiasm, and a desire to work
desprender	to detach, release, remove	desprendió la etiqueta de su camisa|he removed the tag from his shirt
murmurar	to murmur, whisper, mutter	él me volvió a mirar y murmuró: gracias|he turned to look at me and murmured: thank you
adiós	goodbye	¡Adiós, hasta luego, Marisa!|Goodbye, see you later, Marisa!
armado	armed	el conflicto armado de 1994 trajo para nosotros dos impactos|the armed conflict of 1994 impacted us in two ways
colaboración	collaboration	enseñó el curso en colaboración con otro profesor|he taught the course in collaboration with another professor
exceso	excess	me sentí enfermo por el exceso de estrés|I felt sick from an excess of stress
liga	league, elastic band	jugaron para determinar al campeón de la Liga nacional|they played each other to determine the champion of the national league
mapa	map	enseñó el mapa de casi toda la superficie del planeta|he showed the map of almost the entire world’s surface
ceremonia	ceremony	jamás olvidaría la ceremonia de graduación|I would never forget the graduation ceremony
pasillo	hall, corridor	nos encontrábamos en un pasillo estrecho, de unos quince metros|we found ourselves in a narrow corridor, about fifteen meters long
inquietud	restlessness, anxiety	tiene la intranquilidad e inquietud de niño|he has the restlessness and curiosity of a child
agrícola	agricultural, farming	Tenemos los elementos vitales: tierra agrícola, agua y aire.|We have the vital elements: farmland, water, and air.
ejecutivo	executive	Es una parte de la primera Comisión Ejecutiva bipartite.|He is a part of the first bipartisan Executive Commision.
limitado	limited	tienen aplicaciones limitadas, debido a su pobre resistencia|they have limited applications, given their poor resistance
postura	posture, position, attitude	parecía preocupado y trataba de adoptar una postura natural|he appeared worried but tried to adopt a natural attitude
presidencia	presidency	en 1958, Jruschov obtuvo la presidencia|Jruschov obtained the presidency in 1958
conservador	conservative	el partido conservador perdió las siguientes elecciones|the conservative party lost the next elections
proyectar	to project	Proyecta las imágenes en la pared para que todos puedan verlas.|Project the images on the wall so that everyone can see them.
paquete	package, packet	saca un paquete de pañuelos y se limpia la mancha|she takes out a package of tissues and cleans the stain
margen	edge, margin, border, brink	Siempre hay un margen de error.|There is always a margin of error.
camión	truck, van, tanker	viajamos de México hasta Chicago en camión|we traveled from Mexico to Chicago in a truck
creciente	growing, increasing	hay una tendencia todavía claramente creciente|there is still a clear growing trend
guía	guide, leader	ha viajado dos veces a ese país como guía de un tour|he has traveled twice to that country as a tour guide
galería	gallery, balcony	nos sentamos en la galería del teatro municipal|we sat in the balcony of the municipal theater
conexión	connection, relationship	en estrecha conexión con otros países no-alineados|in a close connection with other countries that were not part of the alliance
agotar	to exhaust, wear out, run out	El tiempo se agota. ¡Necesitamos tener prisa!|Time is running out. We need to hurry!
prender	to turn on, apprehend	no veía nada y no quería prender la linterna|I didn’t see anything and I didn’t want to turn on the lantern
dispositivo	device, mechanism	En dispositivos móviles como smartphone, tablets, etc.|In mobile devices such as smartphones, tablets, etc.
organizado	organized	es un estudiante disciplinado y organizado|he’s a disciplined and organized student
verso	verse, poem	escribió el último verso del último poema de su último libro|he wrote the final verse of the last poem of his final book
bañar	to bathe, take a bath	prefiere bañarse antes de acostarse|he prefers to take a bath before bed
abarcar	to encompass, comprise	este capítulo abarca solamente un siglo|this chapter only covers one century
fantasía	fantasy, fancy	empieza a confundir la fantasía con la realidad|she begins to confuse fantasy with reality
establecimiento	establishment	Estudia el establecimiento de conexiones nerviosas entre las células.|He studies the establishment of nervous connections between cells.
complicado	complicated, complex	algo más se presentía, más hondo y complicado|something more was expected, deeper and more complex
mueble	(piece of) furniture	Solamente es mueble roto, sillas sin sus patas.|It is only broken furniture, chairs without legs.
dieta	diet	tengo problemas de digestión y debo hacer dieta|I have digestion problems and I have to go on a diet
trato	treatment, manner, agreement	exigente pero cortés en el trato con los músicos|demanding but polite in the teatment of the musicians
leyenda	legend	en la leyenda griega, Prometeo trajo el fuego a la tierra|in the Greek legend, Prometheus carried fire to Earth
borracho	drunk	si alquien está borracho y no puede caminar, se cae|if someone is drunk and they can’t walk, they fall down
vengar	to take revenge, avenge	trataba de vengarse de la persona que le había robado de la mamá|he tried to take revenge on the person who had stolen from his mother
soviético	Soviet	la intervención del ejército soviético en Afganistán|the intervention of the Soviet army in Afghanistan
señorita	young woman	quedó viuda muy joven, o sea, prácticamente una señorita solterona|she became a widow very young, or practically a young spinster
huella	trace, track, footstep	voy a borrar toda huella de tu nombre en esta casa|I am going to erase all traces of your name in this house
corregir	to correct, rectify	vamos a corregir algunos errores|we are going to correct some errors
suspender	to suspend, hang, fail	tuvieron que suspender las transmisiones de radio|they had to suspend radio transmissions
media	average; a m.: halfways	Nunca llevo las medias que coinciden.|I never wear matching socks.
legislativo	legislative	las fuerzas políticas representadas en el sistema legislativo|political forces represented by the legislative system
fallar	to fail, miss	una cosa que no falla es infalible|a thing that doesn’t fail is foolproof
intensidad	intensity, force	va a defendernos con la misma intensidad|he is going to defend us with the same intensity
paciencia	patience	necesitamos tener paciencia y esperar|we need to have patience and wait
derrota	defeat, loss	le infligió una gran derrota a su enemigo|he inflicted a great defeat on his enemy
garganta	throat, gorge	tiene la garganta muy seca; un caramelo de limón lo aliviará|he has a very dry throat; a lemon drop will make it feel better
favorito	favorite	su metal favorito para las joyas era el oro|his favorite metal for jewelry was gold
ambiental	environmental	contaminación ambiental debido a sustancias químicas tóxicas|environmental pollution caused by toxic chemical substances
concebir	to conceive, understand	concibió el plan para alcanzar su propósito|he conceived of a plan to achieve his purpose
misterioso	mysterious	el arte tiene algo misterioso dentro de su verdadera esencia|art has something mysterious in its true essence
evaluación	evaluation, assessment	La evaluación se realiza mediante los criterios y las pautas establecidas.|The assessment was based on established criteria and standards.
mejilla	cheek	le dio un sonoro beso en la mejilla|she gave him a loud kiss on the cheek
garantía	guarantee, warranty	hay que hacerlo con absoluta garantía de los derechos fundamentales|you have to do it with an absolute guarantee of fundamental rights
clavar	to nail	va a clavar su estandarte en lo alto de nuestra trinchera|he is going to stick your banner on top of our entrenchment
vocación	vocation, calling	pero su vocación no era de maestro, ni de obrero, ni de técnico|but his vocation was not a teacher, nor worker, nor technician
combatir	to fight against	es necesario evitar y combatir al materialismo|it is necessary to avoid and fight against materialism
seleccionar	to select	voy a seleccionar entre toda mi clientela a cien personas|I am going to select ome hundred people from all of my clients
tragedia	tragedy	evitemos una tragedia humana de enormes proporciones|let’s avoid a human tragedy of enormous proportions
promedio	average, middle	un promedio de 12 horas de luz diaria da mejor producción|an average of 12 hours of light per day leads to better production
feo	ugly, nasty, rude	Las casas viejas en este barrio son feas.|The old houses in this neighborhood are ugly.
mando	command, authority	vamos a darte el mando para defender la paz|we are going to give you the authority to protect the peace
infinito	infinite	La infinita fuente de información que supone la Red.|The infinite fount of information that is found on the web.
titular	headline, holder	Escribir titulares que capten la atención.|Writing headlines that capture the attention.
pálido	pale, ghastly, faded	Es un hombre pálido que nunca sale de la casa.|He is a pale man who never leaves his house.
oculto	hidden, occult	Es muy esotérico; como ciencias ocultas.|It is very esoteric; like the hidden sciences.
tonto	stupid, dumb	siempre me pareció algo tonto y sin sentido|it always seems foolish and senseless to me
transformación	transformation	la transformación es esencialmente un cambio de la sociedad|transformation is essentially a societal change
circular	to circulate, go around, flow	un espacio circular con un techo que es como una rueda|a circular space with the ceiling like a wheel
satisfacer	to satisfy	mi explicación no les sastisfizo|my explanation did not satisfy them
provenir	to come from, be from	nacer sin madre es como provenir de un laboratorio|to be born without a mother is like being made in a laboratory
lógico	logical	todo había sido tan natural, tan lógico|everything had been so natural, so logical
herido	wounded (person)	los heridos murieron como moscas|the injured died like flies
fácilmente	easily	los misterios no pueden explicarse fácilmente|mysteries cannot easily be explained
inclusive	including, even	hay para todos los gustos, inclusive motivos infantiles|there is something for everyone, including children’s themes
ideal	ideal (goal)	Un ideal nos guía desde hace un largo tiempo.|One ideal has guided us for a long time.
alterar	to alter, modify	no tenemos derecho a alterar el plan del jefe|we don’t have the right to modify the boss’s plan
computadora	computer	aprendemos a hacer diseño asistido por computadora (CAD/CAM)|we learned how to do computer-assisted design (CAD/CAM)
gota	drop	nunca ha bebido una gota de alcohol|she has never drunk a drop of alcohol
sudor	sweat, perspiration	gruesas gotas de sudor corren por su cuerpo|big drops of sweat run down his body
virus	virus	estas personas sufrirán el contagio del virus|these people will suffer infection of the virus
escritorio	desk, bureau	le gusta mantener el escritorio de la oficina limpio|she likes to keep a clean desk in her office
habla	speech, talking	Borges estudió muy profundamente el habla de Buenos Aires|Borges deeply studied the speech of Buenos Aires
personalmente	personally	yo voy a estar controlándolo personalmente|I am going to watch over it personally
dignidad	dignity	tenía la intención de enfrentarlo con su dignidad aún intacta|he had the intention of confronting it with his dignity still intact
profundamente	profoundly, deeply	procuro estudiar más profundamente la realidad|I try to study reality more deeply
tecnológico	technological	es una nueva iniciativa en desarrollo tecnológico|it is a new initiative in technological development
broma	joke	puede ser una cruel broma de mis compañeros de niñez|it could be a cruel joke of my childhood friends
maravilla	wonder, marvel	Machu Picchu es una de las siete maravillas del mundo|Machu Picchu is one of the seven wonders of the world
característico	characteristic	un tipo de cáncer muy específico, característico de estas edades|a very specific type of cancer, characteristic of the modern age
esencia	essence	para penetrar la esencia de la música, para trascender el sonido|to penetrate the essence of music, to transcend the sound
transportar	to transport, carry	Maneja un vehículo que servía para transportar al enfermo.|He drives a vehicle that serves to transport sick people.
estallar	to break out, explode, start	los soldados se prepararon mucho antes de estallar la guerra|the soldiers were prepared long before the war broke out
socio	member, partner	se ha hecho socio del Club de Solteros|he has become a member of the Singles Club
conquistar	to conquer, win (over)	Mi esposo me logró conquistar.|My husband managed to win me over.
nocturno	nocturnal, evening	la oscuridad del mar nocturno ciega los ojos|the eyes are blinded by the darkness of the nighttime sea
enlace	link, connection, bond	el enlace matrimonial era esencial para los dos|the marriage bond was essential for the two of them
mierda	shit, crap, excrement	Siguió las huellas del conejo y encontró mierda cerca del agujero.|He followed the rabbit tracks and found a bit of excrement by the hole.
catorce	fourteen	¿Cómo es posible trabajar catorce horas al día?|How is it possible to work fourteen hours a day?
apertura	opening, beginning	desde la primera apertura de aquél libro, estaba enganchado|from the first opening of that book, I was hooked
desesperado	desperate, hopeless	estaba desesperado y tenía sed en el medio del desierto|I was desperately thirsty in the middle of the dessert
constitucional	constitutional	la separación constitucional entre Iglesia y Estado|the constitutional separation of Church and State
formal	formal, polite	construyeron una sala formal para las visitas|they built a formal room for visitors
oeste	west	nos mudamos al Oeste, o más precisamente, a Colorado|we are moving out west, or more specifically, to Colorado
obedecer	to obey	voy a obedecer a mi padre; voy a cumplir con su deseo|I am going to obey my dad; I will abide by his wishes
sentencia	(legal) sentence, judgment	el juez confirma una sentencia de culpabilidad|the judge confirmed a guilty sentence
acomodar	to be/make comfortable	ella se acomodó entre los almohadones y leyó|she got comfortable among the cushions and read
sólido	solid, strong	no tenía ningún argumento sólido para contestarle|I did not have a strong argument to answer him
sobrar	to be too much, left over	no nos quería cobrar porque le sobraba plata|he doesn’t want to charge us because he had extra money
guiar	to guide, lead, steer	trata de guiar nuestro destino hacia lugares más cuerdos|he tries to lead us toward destinations that are more reasonable
nave	spacecraft, ship	la nave espacial Apolo está en su misión a la Luna|the spaceship Apollo is on its mission to the Moon
interesado	(self-) interested	tú estabas muy interesada en las ruinas de Tiahuanacu|you were very interested in the ruins of Tiahuanacu
ola	wave, billow	el sonido era un poco como las olas del mar|the sound was a little like the waves of the sea
porcentaje	percentage	recibe un porcentaje de comisión|he receives a percentage of commision
localizar	to locate, find, localize	Regresamos para localizar el lugar donde María perdió su reloj.|We returned to find the spot where Maria lost her watch.
visitante	visitor	era como si la casa se hubiera llenado de visitantes|it was as if the house had filled with visitors
explotar	to explode, exploit	explotó una bomba en el medio del desierto|a bomb exploded in the middle of the desert
sueldo	salary, pay	me pagó mi sueldo y me despidió|he paid me my salary and fired me
eficaz	effective	no es una medicina eficaz para las enfermedades|it is not an effective medicine for sick people
descanso	rest, interval, break	hacen un pequeño descanso después de haber leído veinticuatro hojas|they took a small break after having read twenty-four pages
expulsar	to expel, throw out	los ingleses expulsaron a los portugueses de Ormuz en 1622|the English expelled the Portuguese from Ormuz in 1622
hábito	habit	era un hábito que se repetía invariablemente en cada ocasión|it was a habit that was repeated on every occasion
euro	euro	ha invertido 184 millones de euros|he has invested 184 million euros
avisar	to inform, announce	tu padre ya me avisó que él llegó hoy|your father already informed me that he arrived today
pasaje	fare, passage, lane	le venden al hombre el pasaje a Paris|they sell the man a ticket to Paris
espectador	spectator, onlooker	era un espectador escondido, un testigo sin nombre|he was a hidden spectator, a witness without a name
promoción	promotion	la misión de promoción de la salud y la curación de la enfermedad|the task of promoting health and curing diseases
costado	side, flank	entraba por una pequeña puerta a un costado del edificio|he went in through a small door at the side of the building
doctrina	doctrine, teachings	los teólogos musulmanes conocían la doctrina de la teología cristiana|Muslim theologians knew the teachings of Christian theology
exportación	export, exportation	por la importación de lana y la exportación de hilo y telas|for the importation of wool and the exportation of thread and fabric
anteriormente	previously	pidió perdón por la actitud que había tenido anteriormente|he apologized for his attitude that he previously had
defecto	defect	el Telescopio Espacial Hubble tiene un defecto de fabricación|the Hubble Space Telescope has a manufacturing defect
preocupado	worried, concerned	el Conde estaba preocupado y necesitaba tomar una decisión|the Count was worried and needed to make a decision
bandera	flag	la bandera de la región está compuesta por tres franjas horizontales|the flag of the region is composed of three horizontal bars
agricultura	agriculture, farming	la agricultura es una parte muy importante de la economía local|agriculture is a very important part of the local economy
pisar	to step on	No pises en el césped, por favor.|Don’t step on the grass, please.
curar	to cure	los milagros estaban curando a los enfermos|the miracles were curing the sick
corona	crown	colocaba la corona de laurel a los emperadores romanos|he placed the laurel crown on Roman emperors
doblar	to bend, turn	tienes que doblar la esquina que sigue|you have to turn the next corner
gubernamental	governmental	ha habido desacuerdos entre ambas agencias gubernamentales|there have been disagreements between both governmental agencies
partícula	particle	la colisión de las partículas de rayos cósmicos con los átomos|the collision of particles of cosmic rays with atoms
extremo	extreme	nada poseían salvo la extrema pobreza|they had nothing except extreme poverty
atrapar	to trap, catch	el fuego los atrapó adentro|the fire trapped them inside
ascender	to ascend, be promoted	Ascendió a Manuel después de 10 años.|They promoted Manuel after 10 years.
sospechar	to suspect, suppose	pensó o sospechó que el ladrón era también un hombre|he thought or suspected that the burglar was also a man
comparación	comparison	se ha hecho una comparación entre Calderón y Shakespeare|a comparison has been made between Calderón and Shakespeare
noventa	ninety	tendría cerca de noventa años de edad|he must have been around ninety years old
cesar	to cease, stop	yo llenaba los vasos de cerveza sin cesar|I filled the glasses with beer without stoping
eco	echo, response	oímos el eco de sus voces en el cañón|we heard the echo of their voices in the canyon
escolar	school, scholastic	regresaban para el final del curso escolar|they returned for the end of the school year
parlamento	parliament, dialogue	convocó al parlamento el jueves con el objetivo de votar la respuesta|parliament convened on Thursday in order to vote on the response
regular	to regulate, adjust	son competentes para autorizar, regular, y controlar el transporte|they are capable of authorizing, regulating, and controling transportation
divertido	funny, amusing	ahí tengo una foto muy divertida donde yo estaba toreando|I have a really funny photo there where I was bullfighting
desierto	desert	Viven en un lugar desolado en el medio del desierto.|They live in a desolate place in the middle of the desert.
novedad	latest news, newness	¿Qué novedades ha habido durante mi ausencia?|What is the latest news from my absence?
incremento	increase, raise	necesita un incremento del 37% el primer año|it needs an increase of 37% in the first year
foro	forum	Para desbloquear el foro y continuar viendo los mensajes.|In order to unblock the discussion forum and continue seeing the messages.
redondo	round	una luna inmensa, redonda, amarilla, brillaba en el cielo|a giant, round, yellow, shining moon in the sky
castigo	punishment, penalty	van a recibir castigo por sus actos tan malos|they are going to receive a punishment for their bad actions
abordar	to board, get in/on	los pasajeros van a abordar el avión en diez minutos|the passengers will board the plane in ten minutes
boda	marriage, wedding	celebramos la boda de mi hermana en la iglesia|we are celebrating my sister’s wedding in the church
castigar	to punish	mis padres solamente nos castigan cuando somos muy malos|my parents only punish us when we are very bad
prisa	hurry	tenía prisa por llegar a casa|he was in a hurry to get home
civilización	civilization	encontraron objetos que pertenecían a la civilización de Teotihuacán|they found objects that belonged to the Teotihuacán civilization
tragar	to swallow	estaba en el océano y me hundía y tragué mucha agua|I was in the ocean and I sank and swallowed a lot of water
depósito	deposit, sediment	lo utilizaba como depósito para guardar los libros viejos|he used it as a warehouse to save the old books
basura	garbage, rubbish	se dedica a recoger basura en la playa|she works to collect trash on the beach
escándalo	scandal	el divorcio sería un escándalo enorme|divorce would be an enormous scandal
tranquilidad	tranquility, peace	hay tranquilidad; hay sensación de que las cosas funcionan bien|there is serenity, there is a sense that things work well
conveniencia	convenience, usefulness	a veces modifican sus reglas sólo por conveniencia|sometimes they modify their rules only as a convenience
genético	genetic	señalaba un marcador genético para la enfermedad de Huntington|it showed a genetic marker for Huntington’s disease
combinación	combination	yo creo que es una combinación de las dos cosas|I believe that it is a combination of two things
liberación	liberation	Celebraron la liberación del territorio de la dominación alemana.|They celebrated the liberation of the territory from German dominance.
pintado	painted	todo estaba pintado del color anaranjado|everything was painted orange
biblia	Bible	La Biblia es un libro cargado de sabiduría y revelación.|The Bible is a book that is loaded with wisdom and revelation.
digital	digital	Los estudiantes ingresaron a los medios ofrecidos en el archivo digital.|The students registered for the media available through digital archives.
llanto	crying, weeping	oyeron el llanto de un bebé|they heard the crying of a baby
mentir	to (tell a) lie	está obligado a mentir o a callar la verdad de cosas terribles|he is forced to lie or hide the truth about terrible things
sindicato	trade union	crearon partidos políticos y sindicatos de trabajadores|they created political parties and workers’ unions
aeropuerto	airport	prohibió el aterrizaje del Concorde en el aeropuerto Kennedy|the landing of the Concord jet was prohibited at Kennedy Airport
fallecer	to pass away (to die)	lamentablemente, falleció de un ataque al corazón|sadly, he passed away from a heart attack
vegetal	plant, vegetable	hay que freír las papas en 2 cucharadas de aceite vegetal|you should fry the potatoes in 2 tablespoons of vegetable oil
lamentar	to regret	lamentaba la muerte de mi gran amigo|I mourned the death of my best friend
desplazar	to replace, move, shift	en la ventana, la claridad desplaza a las sombras|in the window, the light replaces the shadows
beneficiar	to benefit	el aire marino benefició la salud de mi hermano|the ocean air benefited my brother’s health
complicar	to complicate, make difficult	el trabajo se complicaba por las inadecuadas herramientas que tenía|the work was complicated by the inadequate tools that were available
marino	marine, naval	Tenemos que proteger los arrecifes de coral y el hábitat marino.|We have to protect the coral reefs and the marine habitat.
rabia	rage	sus acciones me dan rabia|his actions put me in a rage
fantástico	fantastic, unreal	esta obra habla del mundo imaginario y fantástico soñado por Mozart|this piece tells of the imaginary and fantastic world dreamed by Mozart
escultura	sculpture, carving	posando al lado de un escultura de Cupido apuntando con su flecha|posing next to a sculpture of Cupid aiming his arrow
manejo	handling, management	Nececitamos más manejo de los recursos institucionales y humanos.|We need better management of institutional and human resources.
combate	combat, battle, fight	los Habsburgo españoles abandonaron el combate contra el turco|the Spanish Habsburgs gave up the fight with the Turkish
incapaz	incapable	es haragán, incapaz de moverse por nada|he is a lazy guy, incapable of moving for any reason
difundir	to spread (out)	Las noticias comenzaron a difundirse por todos los rincones.|The news began to spread to every corner.
tumba	tomb, grave	la viuda se sentó al borde de la tumba|the widow sat at the edge of the grave
exclusivo	exclusive	nos llevó a una playa privada, casi exclusiva para nosotros|she took us to a private beach, almost exclusive to us
multitud	multitude	somos una multitud de gentes honradas|we are a crowd of honest people
aspirar	to aspire, want	todo el mundo aspiraba a ello y quería conseguirlo en dos días|everyone wanted it and wanted to get it in two days
evaluar	to evaluate, assess	una persona que sea capaz de evaluar cuál es el probable efecto|a person that is capable of evaluating what is the likely outcome
suelto	loose	se me cayó el diente suelto|my loose tooth fell out
contigo	with you	¿Viene contigo mi papá?|Is my dad coming with you?
fantasma	ghost, phantom	se vuelve transparente, como fantasmas que se escurren|it becomes transparent, like ghosts that slip away
copia	copy	me ha dicho que soy una copia exacta de mi padre|she has told me that I am an exact copy of my father
agudo	sharp, acute	tiene un agudo espíritu crítico, no soporta el desorden|he has a sharp critical spirit that doesn’t put up with disorder
violar	to violate, trespass, rape	le intentó violar el contrato|he tried to violate the contract
mágico	magic, magical	Me encantan los cuentos mágicos de magos, dragones y unicornios.|I love magical stories with wizards, dragons, and unicorns
procedente	coming (from)	llega hoy a Madrid procedente de Los Angeles|he is arriving in Madrid today, coming from Los Angeles
horrible	horrible	Me contó un cuento horrible y lamentable.|He told me a horrible and sad story.
doméstico	domestic	es la mujer que contrataron para las tareas domésticas|she is the woman that they hired to do the household chores
horario	schedule, timetable	depende de los horarios del vuelo|it depends on the flight schedule
calentar	to warm, heat	¡Cómo calienta hoy el sol!|The sun is really hot today!
depositar	to deposit, place, store	va al banco a depositar unos miles de pesos|he is going to the bank to deposit a few thousand pesos
conquista	conquest	se buscaba unificar ambos imperios e intentar la conquista de Europa|the effort was made to unify both empires and try to conquer Europe
flotar	to float, flutter	la hacen muy ligera, lo suficiente para flotar en el agua|they made it very light, so it could float on the water
exclusivamente	exclusively	la economía no depende exclusivamente del trabajo|the economy does not depend exclusively on employment
parecer	opinion, looks	y, lo que—a mi parecer—es más importante|and, that which—in my opinion—is most important
despierto	awake	en la mañana escuchamos al bebé bien despierto|in the morning we heard the baby already awake
reto	challenge, defiance	Era famoso por su fama de duelista, su aire altanero de reto y desdén.|He was famous for his reputation as a duelist, his haughty air of defiance and contempt.
ridículo	ridiculous, absurd	había propaganda ridícula, pero los comunistas eran así|there was ridiculous propaganda, but the communists were like that
desastre	disaster	soy un desastre, no estoy capacitada para opinar de nada|I am a disaster, I am not capable of giving an opinion on anything
utilización	use, utilization	sobre la utilización de todos los recursos a su alcance|concerning the use of all the resources available
requisito	prerequisite, requirement	¿Cuáles son los requisitos? // Bueno, cinco años de studio.|What are the requirements? // Well, five years of study.
originar	to give rise (to), cause	Mi error originó una tragedia.|My error gave rise to tragedy.
encabezar	to head, lead (off)	el cuento que encabeza la selección|the story that begins the selection
optar	to choose, opt for	a pesar de todo, optó por lo peor|in spite of everything, he chose the worst one
extenso	extensive, large	la extensa tierra pertenecía a mis padres|the extensive land belonged to my parents
gen	gene	Es la manipulación de los genes para lograr alteraciones en animals.|It’s the manipulation of genes in order to make alterations in plants and animals.
índice	index, forefinger	un país pequeño, pobre, con un índice de desarrollo humano bajísimo|a small, poor country with a very low index of human development
dorado	golden, gold-plated	El árbol tenía adornos de marfil, bronce dorado y cobre.|The tree had ornaments of ivory, golden bronze, and copper.
cena	dinner	voy a poner la mesa para la cena|I am going to set the table for dinner
consideración	consideration, regard	que someteremos a la consideración del Consejo Político|that we will submit for consideration to the Political Counsel
plataforma	platform, springboard	el operador de cámara maneja la plataforma móvil|the camera operator controlled the mobile platform
castillo	castle	los nobles y sus criados vivían en castillos|the nobility and their servants lived in castles
semilla	seed	cada una de esas leyendas contiene una semilla de verdad|every one of these legends contains a seed of truth
rural	rural, country	ha cambiado de una población rural a una población urbana|it has changed from a rural population to an urban population
miseria	misery, wretchedness	hay que resolver el hambre y la miseria|we have to resolve hunger and misery
turismo	tourism	Mallorca, una de las mecas del turismo europeo|Mallorca, one of the meccas of European tourism
humilde	humble, modest	no corresponde a una gran mansión, sino a una humilde casa|it is not fitting for a great mansion, but rather a humble house
vendedor	salesperson	es el vendedor de pescado que va de casa en casa|he is the fish vendor that goes door to door
té	tea	Siguen un código de salud que les prohibe consumir té, café y Tabaco.|They follow a health code that prohibits the consumption of tea, coffee, and tobacco.
supremo	supreme	las leyes de derechos humanos se finalizaron en la Corte Suprema|human rights laws were cemented by the Supreme Court
examinar	to examine, inspect	tras examinar la joya con una lupa|having considered the jewel with a magnifying glass
orientación	orientation, direction	echó en una mochila sus instrumentos de orientación y sus mapas|he threw his orienteering instruments and maps into a backpack
relativamente	relatively	esta distinción es relativamente reciente; no es anterior al siglo XIX|this distinction is relatively recent; it is not from before the 19th century
varón	male, man	¿Su bebé es niña o varón?|Is your baby a girl or a boy?
visible	visible	Capella es la estrella más visible de esta formación|Capella is the most visible star in this constellation
productivo	productive, profitable	nuestro olivar es menos productivo que los de otras zonas|our olive grove is less productive than the ones from other regions
cerro	hill	el Partenón está erigido en una especie de pequeño cerro|the Parthenon is standing on a kind of small hill
reflexionar	to reflect, consider on	he podido reflexionar sobre el concepto moral|I have been able to reflect on the moral concept
muñeca	doll, wrist	tiene una muñeca que es bien bonita, que es otra Barbie|she has a doll that is very pretty, that is another Barbie
diferenciar	to differentiate, distinguish	hay que diferenciar el chiste del chisme|we have to know the difference between a joke and gossip
huelga	strike, protest	se puso en huelga de hambre durante diez días|she went on a hunger strike for ten days
reducción	reduction	Hay una verdadera reducción de la oferta y demanda de drogas ilegales.|There is a genuine reduction in supply and demand for illegal drugs.
seguidor	follower, supporter, fan	Mencio, uno de los principales seguidores de Confucio|Mencius, one of Confucius’s main followers
residencia	residence	el Palacio Buckingham es la residencia de la reina en Londres|Buckingham Palace is the queen’s residence in London
instancia	instance	por su última instancia, quería un bistec con papas|for his final request, he wanted a steak and potatoes
sierra	mountain range, saw	atravesaron la sierra buscando una salida al mar|they crossed the mountain range looking for an outlet to the sea
asesinar	to murder, assassinate	está en la cárcel por asesinar a alguien|he is in jail for murdering someone
seguida	en s.: right away, at once	no pude dormir durante dos días seguidos|I couldn’t sleep for two days in a row
propietario	owner	el propietario de la joyería ha sufrido un robo|the owner of the jewelry store has been robbed
autónomo	autonomous	y luego el niño ya autónomo, ya libre, parado sobre sus dos pies|and later the child was independent, free, and standing on his own two feet
lección	lesson	le enseñaba una lección de cómo vivir y cómo sobrevivir|she taught them a lesson on how to live and how to survive
reemplazar	to replace	afirmaba que nada podía reemplazar al verdadero azúcar|I agreed that nothing could replace real sugar
apellido	last name	¿Cuál es su nombre? ¿Y su apellido?|What is your name? And your last name?
alimentación	feeding, food	su alimentación es además pobre en ácidos grasos saturados|their diet is also low in saturated fatty acids
uña	nail, fingernail, toenail	me afilo las uñas, me lustro los dientes, me perfumo el aliento|I file my nails, I brush my teeth, and I freshen my breath
proporción	proportion	no tiene población en proporción a su territorio|it doesn’t have a population in proportion to its territory
docente	teacher	¿Qué puedo hacer yo como docente ante este alumno que tengo?|As a teacher, what can I do with this student I have?
estadio	stadium	quieren edificar un monumental estadio de fútbol|they want to build a monumental football stadium
oriente	East	Fernando de Magallanes buscaba una ruta al Oriente|Fernando de Magallanes searched for a route to the East
auxiliar	aide, auxiliary	las enfermeras, auxiliares de enfermería, y voluntarios|the nurses, nurses’ aides, and volunteers
filósofo	philosopher	Hegel era filósofo alemán, máximo representante del idealismo de 1770 a 1813|Hegel was a German philosopher, the greatest representative of idealism from 1770 to 1813
cansar	to tire, annoy	se fue porque se cansó de Juan, ya no le aguantaba|he left because he got tired of John, and couldn’t stand him any more
torneo	tournament	es el torneo en el que se puede apreciar si los tenistas han mejorado|it’s the tournament that shows whether or not the tennis players have improved
sufrimiento	suffering	Siempre hay sufrimiento durante una Guerra.|There is always suffering during a war.
eje	axis, shaft, crux	las fuerzas del Eje fueron derrotadas en Normandia|The Axis forces were defeated at Normandy
captar	to capture, attract	como si quisiera captar la simpatía|as if I wanted to attract sympathy
vincular	to conenct, link, bind	hay que vincular la punta de metal a la de plástica|you have to connect the metal point to the plastic one
amanecer	daybreak, dawn	el día amaneció nublado y en la mañana hizo frío|it was cloudy at dawn and in the morning it was cold
preso	prisoner	podría estar preso en un calabozo extraño|I could be imprisoned in some strange dungeon
inaugurar	to inaugurate, start	llegó el momento de inaugurar la nueva presidente|the moment came to inaugurate the new president
descargar	to unleash, unload	se calló porque no tenía sentido descargar su furia|he said nothing because it didn’t make sense to unleash his fury
remedio	alternative, cure, solution	al final no tuvieron más remedio que ceder|in the end, they did not have an alternative to offer
estúpido	stupid, idiotic	son cosas tan estúpidas, cosas que no tenían ningún sentido|they are such stupid things, things that don’t make any sense
comprensión	understanding	asintió con un ademán de comprensión y entendimiento|he assented with a gesture of understanding and comprehension
bienestar	well-being, welfare	su existencia dependía en la salud y el bienestar de mucha gente|its existence depended on the health and well-being of many people
comedor	dining room	quite la mesa, recoja el comedor y friegue los platos|clear the table, clean up the dining room, and wash the dishes
humedad	humidity	No me gustan sus altas temperaturas y su incómoda humedad.|I don’t like the high temperatures and the uncomfortable humidity
realización	fulfillment, realization	Los sueños son la realización de deseos insatisfechos.|Dreams are the realization of unsatisfied desires.
reflejo	reflection	no he mirado mi reflejo en un espejo hace media docena de años|I have not seen my reflection in a mirror for half a dozen years
jaja	ha ha	los ateos tenemos fe en que no existe dios—jajaja|we atheists have faith that God doesn’t exist—ha ha ha
cortina	curtain, screen	las paredes necesitan pintura, las cortinas están desteñidas|the walls need painting, the curtains are faded
pluma	pen, feather	toma la pluma y escribe en el libro de visitas|take the pen and write in the visitors’ book
solicitud	request, application	hice solicitud para dos días de vacaciones|I made a request for two days off
embarazo	pregnancy	tuvo un embarazo muy fácil, sin náuseas|she had an easy pregnancy, without nausea
océano	ocean	abarcaba desde el océano Atlántico hasta el río Mississippi|it encompassed an area from the Atlantic Ocean to the Mississippi River
recuperación	recovery, recuperation	su milagrosa recuperación después de largas enfermedades|his miraculous recovery after a long sickness
deslizar	to slide, glide, slip	el hielo les hizo deslizar hacia atrás|the ice made them slide backwards
noble	noble	yo nunca sería capaz de hacer algo tan noble|I would never be able to do such a noble thing
maldecir	to curse, insult	hace de mi una mejor persona el no engañar ni maldecir|it makes me a better person when I don’t cheat or swear
constar	to consist of, comprise	el observatorio consta de cuatro telescopios|the observatory consists of four telescopes
grasa	grease, fat	un pedazo de grasa se extiende sobre la sartén caldeada|a lump of fat spreads across the hot skillet
forzar	to force	un ladrón que trató de forzar la puerta de su casa|a thief who tried to force open the door of their house
estancia	stay, stance, ranch	¿Qué ha aprendido de su estancia en esta ciudad?|What have you learned from your stay in this city?
prisión	prison, imprisonment	no pudo escaparse de la prisión burocrática|he couldn’t escape the bureaucratic prison
sábana	(bed) sheet	mi cuerpo reposó exhausto sobre la sábana limpia|I rested my exhausted body on the clean sheet
asesinato	murder, assassination	el asesinato de atletas israelíes durante los Juegos Olímpicos de 1972|the murder of the Israeli athletes during the 1972 Olympic Games
protestar	to protest, object	con tono exaltado se había puesto a protestar violentamente|with an impassioned voice he had begun to protest violently
criar	to bring up, rear	quiero criar a mi hija a pesar de que soy soltera|I want to raise my daughter even though I am single
fama	reputation, fame	la señorita Raquel tenía fama de ser una mujer dura|Ms. Rachel had a reputation for being a hard woman
especializar	to specialize, major in	bueno, uno se especializa en letras, biología o matemáticas|okay, one can specialize in the arts, biology, or math
ordenador	computer	se puede acceder desde otro ordenador si su PC o Mac no funciona|you can access your PC or Mac from another computer to see if it’s working correctly
mito	myth	el mito es una explicación imaginativa y fantástica del hombre|myth is an imaginative and fantastic explanation by man
expansión	expansion, spreading	Es importante sobre todo en períodos de expansión económica.|It is especially important during periods of economic expansion.
metálico	metallic	oyeron el sonido metálico de la campana|they heard the metallic sound of the bell
lástima	shame, pity	¡Qué lástima! Pensé que ya estaban aquí.|What a shame! I thought that they were already here.
logro	success, achievement	son grandes ejemplos de los logros artísticos de aquella dinastía|they are great examples of the artistic achievements of that dynasty
horror	horror, atrocity	¡Se me rompió mi vestido, que horror!|My dress ripped, what a nightmare!
deshacer	to undo, destroy, take apart	es difícil deshacer una decisión mal tomada|undoing a poorly made decision is difficult
derrotar	to defeat, beat	pero no lograba derrotar mis dudas|but I could not conquer my doubts
lógica	logic	mi manera de ser tiende a la razón, a la lógica, al pensamiento|I’m inclined to reason, to logic, and to thought
colega	colleague	hablando animadamente con colegas de su edad|speaking excitedly with friends own of his age
aislado	isolated	vive aislado del mundo|he lives isolated from the world
restaurante	restaurant	vamos a cenar en un restaurante del Centro|we are going to eat in a restaurant downtown
valioso	valuable, precious	Manuel le entregó el valioso rosario de oro|Manuel handed him the precious golden rosary
mineral	mineral, ore	llegan a Guatemala a extraer recursos minerales|they come to Guatemala to extract minerals
cálculo	calculation, calculus	además, ya hizo su aritmética y su cálculo de costos|moreover, he already did his arithmetic and calculation of costs
recorrido	journey, itinerary, route	el recorrido por Perú fue fantástico|the journey around Peru was fantastic
vacaciones	vacation	iba a pasar vacaciones en Viña del Mar|I was going to spend my vacation in Viña del Mar
mandato	mandate, order, command	fueron obedientes al mandato del jefe|they were obedient to the command of the boss
veinticinco	twenty-five	¡Tiene veinticinco años y todavía no sabe lo que es el amor!|Twenty-five years old and he still doesn’t know what love is!
incendio	fire, conflagration	pegó fuego a la casa vieja|he set fire to the old house
conductor	driver, conductor	el conductor del autobus gritó los nombres de las paradas|the driver of the bus yelled out the names of the stops
artificial	artificial	los fotógrafos usan luz artificial para iluminar las escenas|photographers use artificial light to illuminate scenes
mediodía	noon, midday	deban celebrarse a mediodía o a primera hora de la tarde|they should celebrate at midday or at one in the afternoon
guerrero	warrior, soldier	muchos guerreros pueden morir en la guerra|many warriors die in war
hielo	ice	todo esto ya es agua y nieve, el hielo se está fundiendo|all of this is water and snow, the ice is melting
audiencia	audience, hearing	agradeció los aplausos de la audiencia|she acknowledged the applause from the audience
posesión	possession	están en posesión de armas ilegales|they are in possession of illegal weapons
emperador	emperor	durante el reinado del emperador romano Constantino el Grande|during the reign of the roman emperor Constantine the Great
asignar	to assign, allocate	la profesora asignó cada estudiante a un escritorio específico|the teacher assigned each student to a specific desk
educar	to educate	el objetivo principal es educar a la gente|the main goal is to educate the people
mero	mere	aquellas palabras no eran un mero sermón de púlpito|those words were not just a sermon from the pulpit
prever	to foresee, anticipate, forecast	no podíamos prever cuál sería nuestro destino|we couldn’t foresee what our destiny would be
involucrar	to involve	Podemos involucrarnos todos a combatir la corrupción.|We can all get involved in fighting corruption.
expectativa	expectation, hope, prospect	pueden crear falsas expectativas en los pacientes|they can create false expectations in patients
homenaje	homage, tribute	rindió homenaje a la patria|he paid tribute to the fatherland
gratuito	free, arbitrary, gratuitous	la enseñanza primaria era gratuita y obligatoria|primary education was free and compulsory
policial	police	hay una investigación policial del delito|there is a police investigation of the crime
ejecución	performance, execution	eliminar los obstáculos que impidieran la ejecución de este plan|get rid of the obstacles that hindered the execution of this plan
entrabar	to obstruct	no me voy a entrabar en discusiones sobre si me invitan o no|I’m not going to get stuck in arguments about whether they invite me or not
barra	bar, rod, rail	Está reforzado por el borde superior con una barra metálica.|It is reinforced on top with a metal bar.
designar	to designate	se desginaron Salvador para el cargo|Salvador was designated as the position
aparentemente	apparently	pasó una pareja aparentemente feliz|he passed an apparently happy couple
pico	y p.: and a bit; beak, peak	a través de estos cuarenta y pico años|over these forty or so years
tormenta	storm	el calor tardío y el cielo plomizo amenazan tormenta|the recent heat and the heavy sky threaten a storm
herencia	inheritance, legacy	ese anillo era una herencia de su bisabuela nórdica|that ring was an inheritance from her Nordic grandmother
ejecutivo	executive, manager	el ejecutivo se sintió obligado a responder a cada asunto laboral|the executive felt obligated to respond to each labor issue
picar	to bite, sting, itch	Está preguntándose qué bicho la picaba.|She is wondering what bug stung her.
estimular	to stimulate, encourage	yo no escribo para estimular la imaginación de nadie|I do not write to stimulate the imagination of anyone
mortal	mortal, lethal, deadly	es enemigo mortal de la Sociedad de Prensa Libre|it is the mortal enemy of Society of Freedom of the Press
aliento	breath, courage, spirit	podrían haber dado un nuevo aliento de vida a esta ciudad magnífica|they could have given a new lease on life to this magnificent city
iluminar	to illuminate, light up	un rayo de sol poniente vino a iluminar la vieja mesa|a ray of light from the setting sun illuminated the old table
exclamar	to exclaim	Qué voy a hacer, exclamó el hombre en estado de shock|“What am I going to do,” exclaimed the man, in a state of shock
sencillamente	simply	la leo porque sencillamente me gusta|I read it simply because I like it
solar	solar	miraba los efectos de la luz solar sobre la densa niebla|he watched the effects of the sunlight on the dense fog
catedral	cathedral	estudiaba la architectura gótica de la catedral|he studied the Gothic architecture of the cathedral
impresionar	to impress	a mí no me impresionó tanto la escena final|the final scene did not impress me much
príncipe	prince	el heredero es su hijo mayor, Carlos, príncipe de Gales|the heir is his eldest son, Charles, prince of Wales
pensión	boarding house	vivía en una pensión con actrices y bohemios|I lived in a boarding house with actresses and bohemians
coro	choir, chorus	es un tenor que cantaba en el coro con acompañamiento de orquesta|he is a tenor that sang in the chorus with orchestral accompaniment
pelea	fight, quarrel	esa pelea entre nosotros nunca se resolverá|that fight between us will never be resolved
bloque	block	Viven en el bloque de apartementos en la calle San Fernando.|They live in the apartment building on San Fernando street.
renovar	to renew, renovate	trataban de dormir un poco para renovar sus fuerzas|they tried to sleep a little to renew their strength
dictadura	dictatorship	denunciaron al gobierno de Castro como una dictadura totalitaria|they denounced Castro’s government as a totalitarian dictatorship
orgulloso	proud, arrogant	era orgulloso como un pavo real|he was as proud as a peacock
cuchillo	knife	se le cortó el dedo con cuchillo afinado|he cut his finger with the sharp knife
longitud	length, longitude	los marineros se fijaron en su latitud y longitud|the sailors watched their latitude and longitude
joder	to f**k, screw (around/up)	¡Joder! ¡No es tan complicado!|F**k! It’s not that complicated!
agujero	hole, opening	había un agujero en la capa de ozono, situado sobre el antártico|there was a hole in the ozone layer, situated above the Antarctic
masivo	mass, massive	hay una masiva protesta en la plaza mayor hoy|there is a massive protest in the main plaza today
anotar	to annotate, jot, note	anota lo que encontró en el primer papel blanco|he wrote down what he found on the first blank page
doloroso	painful	como parecía ser un tema doloroso para él, no le pregunté nunca|as it seemed to be a painful subject for him, I never asked him
sumamente	extremely, highly	su esposo es un hombre sumamente ocupado|her husband is an extremely busy man
hacienda	ranch	desde el corral de la hacienda llegaban ruidos de gansos|the noise of the geese came from the corral of the ranch
romántico	romantic	Tiene un alma muy romántico.|He has a very romantic soul.
constantemente	constantly	ese niño debe ser vigilada constantemente|that child must be constantly watched
trece	thirteen	once, doce, trece . . . ¡Este reloj está loco de remate!|eleven, twelve, thirteen . . . This watch is completely crazy!
opuesto	opposite, contrary	huía hacia la orilla opuesta|he fled to the opposite bank
destrucción	destruction	la contaminación y la destrucción de la naturaleza es casi inevitable|pollution and the destruction of nature is almost inevitable
pariente	relative	no tenía amigo ni pariente en quien confiar|I didn’t have a friend or a relative in whom I could trust
brotar	to sprout	había visto brotar y crecer cada una de sus plantas|he had seen each and every one of his plants sprout and grow
guitarra	guitar	Yo soy músico. Toco el clarinete y la guitarra.|I am a musician. I play the clarinet and the guitar.
inmóvil	immovable, motionless	él está ahí, quieto, inmóvil|there he is, still, motionless
amable	kind, nice, friendly	con una amplia, amable sonrisa y cálidas palabras de felicitación|with a wide, friendly smile and warm words of congratulations
separación	separation	no hay separación de poderes, es una monarquía absoluta|there is no separation of powers, it is an absolute monarchy
grabación	recording	una nueva grabación de los «cinco conciertos» de Beethoven|a new recording of the “five concerts” of Beethoven
fingir	to feign, pretend	era capaz de engañar y fingir inocencia|he was capable of deceiving and pretending to be innocent
celebración	celebration	la llegada de la primavera era una celebración especial|the arrival of spring was a special celebration
necesariamente	necessarily	no implica necesariamente un desacuerdo|it does not necessarily imply a disagreement
calma	calm, lull	entretanto, necesitas calma y paciencia|meanwhile, you need calm and patience
descripción	description	¿Podría hacer una descripción del pueblecito ese?|Could you give a description of that village?
músculo	muscle	consiste en flexionar los músculos de tu cuerpo, para relajarlos después|it consists of flexing the body’s muscles, so that you can relax them later
dependencia	dependence, dependency	Ese país tiene una dependencia fuerte en petróleo.|That country has a major dependence on oil.
rendimiento	yield, output, efficiency	trabaja para mejorar el rendimiento de las plantaciones agrícolas|he works in order to improve the performance of the agricultural plantations
cuadra	(city) block	el auto estaba estacionado a dos cuadras de la casa|the car was parked two blocks from the house
recomendación	recommendation	tomé en serio la recomendación del médico: ejercicio moderado|I took the doctor’s recommendation seriously: moderate exercise
impresionante	impressive, astonishing	es un libro impresionante, por la grandeza épica de algunos relatos|it is an impressive book due to the epic greatness of some of the stories
medicamento	medicine, drug	no quiero tomar todos esos medicamentos que el doctor me recetó|I don’t want to take all these medicines that the doctor prescribed
asistencia	attendance, assistance	habría reunión familiar y mi asistencia era importante|I had a family reunion and my attendance was important
rogar	to implore, pray, ask	quisiera rogarle que nos preste su valiosa ayuda|he wanted to ask him to lend us his valuable assistance
fiebre	fever, excitement	una fiebre me hizo arder la cabeza|a fever made my head burn
aproximar	to come near, closer	se aproximó al mostrador e hizo su pedido|she came up to the counter and made her request
respiración	respiration, breath	Su respiración es rítmica. ¿Duerme?|Her breathing is rhythmic. Is she sleeping?
explotación	exploitation, cultivation	lamentamos la explotación del hombre por otro|we regret the exploitation of one man by another
despacho	office, study	ayer entró el expediente de divorcio en el despacho del juez|yesterday he submitted the divorce decree to the judge’s office
clasificar	to classify, sort, file	no podemos clasificar esta obra ni como novela corta, ni como cuento|we cannot classify this work as either a short novel or a story
dieciocho	eighteen	a los dieciocho años se fue de su hogar|when she was eighteen, she left home
emocional	emotional	pueden originar estrés emocional y vergüenza|they can cause emotional stress and embarrassment
voluntario	voluntary, volunteer	fue un exiliado voluntario de su patria|he was a voluntary exile from his country
brasileño	Brazilian	Ese hombre allí se llama Chris; es brasileño y muy guapo.|That man over there is named Chris; he is Brazilian and very handsome.
enfrentamiento	confrontation	se produce a través de un enfrentamiento con el enemigo más próximo|it takes place through a confrontation with the closest enemy
primavera	spring, springlike	la primavera es la estación más bella|spring is the most beautiful season
imprimir	to print	imprimió una copia, la empaquetó y se la mandó a su editor|he printed a copy, packaged it, and sent it to his editor
cintura	waist	este vestido me queda grande de cintura|this dress is too big for me around the waist
adicional	additional	además de esto hay un ingrediente adicional|besides that, there is an additional ingredient
experimento	experiment	hizo el experimento con partículas físicas|he did the experiment with particle physics
ajustar	to adjust, tighten	ajustó un botón de la chaqueta|he adjusted a button on his jacket
mediado	mid, middle	a mediados de abril volví del trabajo|I will return from work in the middle of April
elegante	elegant, smart, stylish	Era una casa muy elegante, rodeada de un gran parquet.|It was a very stylish house, surrounded by a large park.
falda	skirt	lleva la falda a la altura de las rodillas|she is wearing a knee-length skirt
defensor	defender	practicaba la abogacía y era defensor de pobres|he practiced law and was the defender of the poor
sensible	sensitive, sentient	tiene el alma fuerte, sensible a todas las emociones del amor|she has a strong soul, sensitive to all emotions of love
ansiedad	anxiety	el sentimiento de separación genera una gran ansiedad|the feeling of separation causes great anxiety
operativo	operative, operational	Este formato se puede utilizar en cualquier sistema operative.|This format can be used in any operating system.
competir	to compete	sabe que tiene que competir con calidad y variedad|he knows that he has to compete with quality and variety
proclamar	to proclaim	en 1810 se proclamó la independencia de Ecuador|in 1810 independence was proclaimed in Ecuador
orgánico	organic	el estilo orgánico está derivado de formas naturales|the organic style is derived from natural forms
excesivo	excessive	el coche corría a excesiva velocidad|the car drove at excessive speed
motivar	to motivate, cause	Es lo que motivó su protesta.|It is what motivated their protest.
infierno	hell, inferno	había un calor de infierno allí|it was hot as hell in there
excepto	except (for)	no sabía nadie, excepto ella|nobody knew, except for her
infección	infection	la infección degeneró en gangrena|the infection turned into gangrene
ciudadanía	citizenship, citizens	a nivel municipal ayudan a la ciudadanía con programas especiales|at the local level, special programs help the citizenry
intercambio	exchange, interchange	Soy parte de un club internacional de intercambio de postales antiguas.|I belong to an international antique stamp club.
poético	poetic	es una interesante descripción, llena del lenguaje poético|it is an interesting description, full of poetic language
barba	beard	Está disfrazado con una peluca y una barba, para no ser reconocido.|He is disguised in a wig and a beard so that he won’t be recognized.
hueco	hole, cavity	ambos derivados del latín «cavea» («sitio hueco» o «cueva»)|both come from the Latin “cavea” (“hollow place” or “cave”)
modificación	modification, alteration	proponen una modificación de la ley|they are proposing a modification of the law
cooperación	cooperation	abre el camino a nuevas formas de cooperación|he opens the path for new types of cooperation
resaltar	to emphasize	hay que resaltar el valor de estos pilotos|you have to emphasize the bravery of those pilots
aconsejar	to advise, counsel	le aconsejó que conservara la calma y leyera un libro|he advised her to keep calm and read a book
patrimonio	patrimony, inheritance	perdió su patrimonio personal en la caída del mercado|he lost his personal inheritance in the stock market crash
tapar	to cover, wrap	no gritó porque Pablo le había tapado la boca con la mano|he didn’t scream because Pablo had covered his mouth with his hand
masculino	masculine, manly, male	aunque la palabra «el problema» termina en «A», es un sustantivo masculino|even though the word “el problema” ends in an “A,” it is a masculine noun
selva	forest, jungle	hay tucanes y guacamayos en la selva tropical|there are toucans and macaws in the tropical rainforest
asociado	associated	con todos los problemas asociados a esa decisión|with all the problmens associated with that decision
esquema	outline, diagram, plan	no hay ninguna decisión porque no hay un esquema de privatización|no decision has been made because there is still not a privatization outline
cansancio	tiredness, weariness	estoy muerta de cansancio|I am dead tired
aporte	contribution	la humanidad espera nuestro aporte a la civilización y a la cultura|humanity awaits our contribution to civilization and culture
panorama	panorama, landscape	el desierto era un panorama desolador|the desert was a desolate scene
cuero	leather, skin	Está lleno de pequeñas piezas de cuero, plástico, madera y metal.|It is filled with small pieces of leather, plastic, wood, and metal.
vaca	cow	¿Qué productos se hacen con la leche de las vacas?|What products do you get from cows’ milk?
primitivo	primitive	se sitúan estéticamente entre lo primitivo y lo refinado|they are situated aesthetically between the primitive and the refined
tronco	trunk, torso	el árbol crecía, le salían más ramas del tronco joven|the tree grew, more branches came out of the young trunk
integración	integration	la aeronáutica acelera el ciclo de integración global|aeronautics is accelarating the cycle of global integration
privilegio	privilege	por años he tenido el privilegio de ser su confidente|for years I have had the privilege of being his confidant
especialidad	specialty, specialized field	le preguntan sobre su especialidad y profesión|they asked him about his specialization and profession
musulmán	Moslem, Muslim	en un país musulmán lapidan a una mujer por adulterio|in a Muslim country a woman is stoned for adultery
ahogar	to drown, choke, flood	desafortunadamente se ahogó durante la inundación|unfortunately he drowned during the flood
totalidad	whole, totality	un incendio destruyó en su totalidad el convento|a fire destroyed the whole convent
abundante	abundant, plentiful	la zona húmeda tiene abundante vegetación|the humid zone has abundant vegetation
infraestructura	infrastructure	Me preocupa la infraestructura de la ciudad y el crecimiento commercial.|I’m worried about the city’s infracstructure and commercial growth.
administrar	to administer, manage	sus hijos sabían administrar el negocio|his children knew how to manage the business
bebida	drink, beverage	los pacientes que consumen más de un refresco por día son más gordos|the patients that consume more than one soda per day are fatter
enfoque	focus, approach	es un enfoque muy científico sobre la historia|it is a very scientific approach to history
sensibilidad	sensitivity	la sensibilidad es inherente a la naturaleza humana|sensitivity is inherent in human nature
revés	al r.: backwards, upside down, inside out	¿Qué le parece si hacemos las cosas al revés?|How about if we do things backwards?
cumplimiento	fulfillment, compliment	tiene el objeto de implementar el cumplimiento de la nueva legislación|his objective is implementing compliance of the new legislation
particularmente	particularly, personally	los problemas eran particularmente los de su época|the problems were particularly those of his time
feria	fair, festival	se dirigía a la feria que todos los domingos se realizaba en el pueblo|he was headed to the fair that the town had every Sunday
avanzado	advanced	tenía el solicitante un cáncer muy avanzado|the applicant had a very advanced cancer
evolucionar	to evolve, develop	Homo sapiens evolucionaron hace 500.000 años|Homo sapiens evolved 500,000 years ago
uniforme	uniform	dibujó edificios de igual altura y uniforme arquitectura|he drew buildings of equal height and uniform architecture
brillo	shine, twinkling, sparkle	es como si tuviera el brillo de los ojos extinguidos|it is as if the the sparkle had gone from her eyes
limitación	limitation	Es un hombre con grandes sueños pero obvias limitaciones.|He is a man with great dreams but obvious limitations.
decreto	decree, order	la universidad fue creada por un decreto público|the university was created by a public decree
vigilar	to watch over, guard	debemos tomar precauciones porque la policía nos está vigilando|we should be careful because the police are watching us
reducido	reduced, limited	fue después de eso que quedé así, enérgico e inspirado|it was after that, that I felt so energetic and inspired
ternura	tenderness	me miró con ternura|she looked at me with tenderness
fortalecer	to fortify	el rey tomó medidas para fortalecer su autoridad|the king took measures to strengthen his authority
lesión	injury, wound, harm	trataba de desinfectar la lesión con un algodón chorreando alcohol|he tried to disinfect the wound with a cotton ball dripping with alcohol
trozo	piece, chunk	le corta en pedacitos un trozo de carne para que los coma|he cut the piece of meat into small bits to eat them
imitar	to imitate, copy, mimic	Goethe se propuso imitar la libertad estilística de Shakespeare|Goethe set out to imitate the stylistic freedom of Shakespeare
desesperación	desperation, exasperation	era una desesperación no poder darles la solución justa|it was exasperating to be unable to give them a just solution
tabaco	tobacco, cigarette, cigar	el tabaco es el ingrediente principal en cigarrillos|tobacco is the main ingredient in cigarettes
ejemplar	copy, issue	Howard es un esposo ejemplar|Howard is an exemplary husband
culto	worship, cult	por eso es que el culto a Dionisio estaba tan perseguido|that is why the cult of Dionysus was so persecuted
petición	request, petition	Anita estuvo indecisa en aceptar su petición de matrimonio|Anita was indecisive in accepting his marriage proposal
exhibir	to exhibit, show off	ningún proceso puede exhibir una gama tan amplia de aplicaciones|no process can display such a wide range of applications
morder	to bite	el perro me mordió la pierna|the dog bit my leg
psicológico	psychological	el niño tenía muy pocos estímulos psicológicos y sensoriales|the child had few psychological and sensory stimuli
mina	mine	parece la entrada a una mina de carbón|it looks like the entrance to a coal mine
gigante	giant	tienen gran variedad de tamaños, desde gigantes a pequenãs|they have a great variety of sizes, from gigantic to small
bola	ball, sphere	¿Puedes ver mi futuro en la bola de cristal?|Can you see my future in the crystal ball?
telefónico	telephone	Es el primer cable telefónico submarino transoceánico del mundo.|It is the world’s first transoceanic underwater telephone cable.
campeón	champion	como deportista fue campeón sudamericano de baloncesto|as an athlete, he was a South American basketball champion
tesoro	treasure, thesaurus	Miraba las mi puntos de oro de las estrellas, como un tesoro intocable.|He looked at the thousand points of light of the stars, like an untouchable treasure.
rival	rival	su primer rival no tardó en lanzar un grito de combate|his first opponent did not take long to launch a battle cry
traducción	translation	es una traducción al inglés de una versión latina|it is a translation to English from a Latin version
enfocar	to focus	permite enfocar una imagen sobre la película|it allows you to focus on a single image on the film
turista	tourist	me hospedé como un turista en un pequeño hotel de la playa|I stayed as a tourist in a small hotel on the beach
barro	clay, mud	lo mezclaron con arena y formaron un barro rico en compuestos orgánicos|they mixed it with sand and formed a clay rich in organic compounds
culpable	guilty	me siento culpable de lo que pasó|I feel guilty for what happened
comandante	commander, commanding officer	el Comandante era un ex teniente, expulsado del Ejército|the commander was an ex lieutenant thrown out of the army
definido	definite	tenía la sensación de andar hacia algo definido y concreto|I had the sensation of walking into something definite and concrete
variable	variable, changeable	puede tener una duración variable (días o meses)|it can have a changeable duration (days or months)
noticias	news	¿Porqué no mandas noticias breves de lo que está pasando?|Why don’t you send brief news accounts about what is happening?
absorber	to absorb, soak up	Es incapaz aún de absorber la magnitud de su fracas.|He is still unable to absorb the magnitude of his failure.
porqué	reason, cause	en ese momento entiendió el porqué de la celebración|in that moment he understood the reason for the celebration
multiplicar	to multiply	el ruido del disparo se multiplica millones de veces|the noise of the shot was multiplied millions of times
pendiente	slope, descent, earring	había perdido sus pendientes de perla|she had lost her pearl earrings
coalición	coalition	Nos acompaña una gran coalición de países en contra del terrorismo.|We are joined by a large coalition of nations against terrorism.
copiar	to copy	las imágenes se hacían difíciles de copiar o dibujar|the images made it difficult to copy or draw
caña	cane, reed	la caña del bambú crece siempre hacia arriba|the bamboo cane grows ever upward
presa	dam, prisoner (f)	la construcción de una presa aquí formará un lago allí|the construction of a dam here will form a lake over there
desafío	challenge, provocation	se burlaban de él como un desafío personal|they mocked him as a personal challenge
encendido	turned on, burning	las luces están encendidos|the lights are turned on
seda	silk	su blusa de seda flotando en el aire|her silk blouse floated in the air
consenso	consensus, consent	El acuerdo o consenso común dirige el poder colegiado.|The authority of the association comes from agreement or common consent.
obispo	bishop	el papa tiene muchos títulos: obispo de Roma, vicario de Cristo, etc.|the Pope has a lot of titles: Bishop of Rome, Vicar of Christ, etc.
localidad	town, locality	vive en una localidad situada al otro lado de la frontera|he lives in a town on the other side of the border
chocar	to crash into, collide with	oigo el ruido de la bola al chocar contra la pared|I hear the sound of a ball hitting the wall
radical	radical	he sido radical en mis ideas y actitudes|I have been radical in my ideas and attitudes
ligar	to tie, link, bind	el lazo que ligaba al perro se fue estrechando|the rope that tied the dog was stretched out
sonoro	loud, resounding	lo dijeron en voz alta y sonora que produjo una resonancia|they said it in a loud and resounding voice that produced resonance
exigencia	requirement, demand	el gobierno abolió la exigencia del visado para entrar en el país|the government abolished visa requirements for entering the country
variación	variation	presentan una gran variación en el tamaño y en el peso|they show a great variation in size and weight
cierre	zipper, closing	el cierre de la mochila reventó y se voló el contenido|the zipper on the backpack burst and the contents flew out
últimamente	lately, recently	Últimamente el frío de la noche ha matado mis flores.|Lately, the night cold has killed my flowers.
conveniente	convenient	en el momento oportuno y en el lugar conveniente|in the right place, at the right time
don	courtesy title (m), Mr., gift	buenos días, don Lopez|good morning, Mr. Lopez
pasajero	passenger	temo que el sueño pasajero nunca vuelva más|I am afraid that the fleeting dream will not return
nervio	nerve	los impulsos se transmiten de un nervio a otro|the impulses are transmitted from one nerve to another
rodar	to roll, run, scatter	las lágrimas siguieron rodando sobre sus mejillas|the tears continued rolling down her cheeks
clasificación	classification	ordenadas según el sistema de clasificación norteamericano|organized according to the North American classification system
biológico	biological	la madre biológica siempre tiene una conexión a su niño|the biological mother always has a connection to her child
fragmento	fragment, passage	se descubrió un pequeño fragmento de meteorito en el Pacífico|a small meteor fragment was discovered in the Pacific
rubio	blond, fair	es de la turista blanco y rubio de por allá|it belongs to the blond white tourist over there
sembrar	to sow, plant	siempre siembro 30 narcisos cada otoño|each fall I always plant 30 daffodils
combustible	fuel	algún tipo de combustible (como el gas) lo mantenía caliente|some type of fuel (like gas) keeps it warm
extrañar	to miss, long for	me iba a extrañar porque se había acostumbrado a mis visitas|she was going to miss me because she had become accustomed to my visits
igualdad	equality	exigimos igualdad de oportunidades para todo el mundo|we demand equality of opportunity for everyone
enseguida	immediately, at once	comprenderá enseguida por qué vengo por el patio|he will understand immediately why I’m coming through the patio
violación	violation, rape	la violación de la privacidad de los ciudadanos por el espionaje|the violation of citizens’ privacy through espionage
apostar	to wager, bet	a él nunca le gustó apostar en las carreras|he never liked to bet on the races
servidor	servant	él no era más que servidor de esos poderosos|he was no more than a servant to those powerful people
fomentar	to foster, promote, encourage	Hablaron con el afán de fomentar la cooperación entre las naciones.|They spoke with the aim of promoting cooperation among nations.
utilidad	usefulness, utility	¡Lo robarán todo y no será de utilidad para nadie!|They stole everything and it won’t be useful to anyone!
luminoso	bright, luminous	Miraban un cielo luminoso y claro.|They looked at the bright and clear sky.
duración	duration, length	el programa tiene duración de media hora|the program is a half hour in length
demonio	demon, devil	¿Dónde demonios habré dejado las llaves?|Where the devil have I left my keys?
acoger	to welcome, accept	Acogieron las noticias con sonrisas.|They accepted the news happily.
maduro	mature, ripe	mi hijo es muy maduro para su edad|my son is very mature for his age
villa	village, town	el atleta está en la villa olímpica|the athlete is in the Olympic Village
convicción	conviction	lo malo era que lo decía sin convicción alguna|the worst was that he said it without any conviction
severo	severe	era un hombre fuerte, de carácter firme y severo|he was a strong man, of firm and severe character
difusión	spread, diffusion	Estudia la difusión de la cultura clásica desde su centro en Roma.|She studies the spread of classical culture from its center in Rome.
subrayar	to underline, highlight, emphasize	quiero subrayar lo que requiere énfasis|I want to underline that which requires emphasis
arroz	rice	en Japón el arroz constituye la base de la alimentación|rice constitutes the foundation of the diet in Japan
emisión	broadcast, emission	las emisiones de radio eran para las noticias urgentes|the radio broadcast was for urgent news
criminal	criminal	adoptó un código criminal especial para controlar la situación|he adopted a special criminal code to control the situation
flujo	flow, tide, discharge	quieren alcanzar un flujo de agua de 20 metros por segundo|they want to achieve a water flow of 20 meters per second
calmar	to calm, soothe, relieve	para calmar su agitación se fue vistiendo sin prisa|in order to calm her nerves, she dressed herself without rushing
almuerzo	lunch	después, a las doce tenemos un almuerzo muy bueno, con jugo o fruta|afterwards, at noon, we are having a very nice lunch with juice or fruit
transmisión	broadcast, transmission	constituye otro medio de transmisión de señales a grandes distancias|it constitutes another mode of signal transmission across great distances
titular	to title, call	iba a titular mi cuento «El salto cualitativo»|I was going to title my story “The Qualitative Jump”
genial	brilliant, inspired	estoy leyendo un libro muy genial|I’m reading a really great book
estirar	to stretch, strain	iba a caminar un poco más, estirar las piernas|he was going to walk a little more, to stretch his legs
afirmación	statement, assertion	La mujer contaba su historia con mucha afirmacion.|The woman told her story in a very firm manner.
cualidad	quality, attribute	su obra posee una cualidad extática, casi religiosa|your work possesses an ecstatic quality, almost religious
cuestionar	to question	surgió un deseo de reexaminar y cuestionar las ideas|there arose a desire to reexamine and question the ideas
perfume	perfume	me encanta su olor del perfume|I love the smell of her perfume
abandonado	abandoned	en Nueva Orleans existen muchas casas abandonas|there are many abandoned houses in New Orleans
anoche	last night	anoche cenamos en mi restaurante favorito|last night we had dinner at my favorite restaurant
senador	senator	los diputados y los senadores eran nombrados por el ejecutivo|the deputies and the senators were named by the executive
abuso	abuse, misuse	eso era inhumano, un evidente abuso de autoridad|that was inhumane, an obvious abuse of authority
legislación	legislation	el gobierno aprobó la primera legislación sobre el medioambiente|the government approved the first legislation about the environment
suceso	event, incident	el suceso le había ocurrido poco antes de caer enfermo|the incident had occured shortly before he fell ill
anillo	(finger) ring	lleva un solo anillo de plata vieja en el índice|she wears only one old silver ring on her index finger
penal	penal	reformó el derecho penal o criminal|he reformed penal or criminal rights
esclavo	slave	no se sentía libre sino esclavo|he didn’t feel like a free man, but rather a slave
negociar	to negotiate, deal (with/in)	me dedico a negociar un acuerdo|I dedicated myself to negotiating a deal
aroma	aroma	percibió en el aire un aroma de tabaco habano|he noticed an aroma of cigar tobacco in the air
proseguir	to continue, carry on	permanecí un rato más para proseguir la conversación|I stayed a while longer to continue the conversation
remoto	remote, far-off	fui confinado a un cuarto remoto en el castillo|I was imprisoned in a remote room in the castle
penumbra	semidarkness, twilight	el cuarto queda en penumbra con una sola luz|with only one light, the room remains in semidarkness
espectacular	spectacular	Cenamos en un íntimo restaurante con espectacular vista al mar.|We had dinner in an intimate restaurant with a spectacular view of the sea.
prestigio	prestige	la Real Academia era un centro de prestigio social|the Royal Academy was an institute with social prestige
ilegal	illegal	una ley que declaraba ilegal el comercio de esclavos con África|a law that declared the slave trade with Africa illegal
drama	drama	¿Te gusta la comedia o el drama?|Do you like comedy or drama?
averiguar	to investigate, find out	llamamos a su casa para averiguar qué se había hecho de él|we called your house to find out what had become of him
aguardar	to wait for, await	te resignaste a aguardar que pasara la lluvia|you resigned yourself to wait until the rain stopped
ficción	fiction	¿Hay diferencias entre la ficción y la realidad?|Are there differences between fiction and reality?
doscientos	two hundred	dentro de doscientos años no quedarán vestigios|within two hundred years there will be no trace
programar	to plan, program	programa software para una empresa grande|he programs software for a large company
corriente	current, common	José es el nombre más popular o corriente|José is the most popular or common name
sobrino	nephew	no sabía que tenías un sobrino y tres primos|I didn’t know that you had a nephew and three cousins
residir	to reside, live (in)	la soberanía nacional reside en el pueblo|national sovereignty resides in the people
carcajada	hearty laughter, guffaw	soltó una gran carcajada y enseñó sus grandes dientes|he let out a hearty laugh and showed his big teeth
convocatoria	call, summons	una convocatoria para manifestarse ante el Palacio Real|the call for protests outside the Royal Palace
naranja	orange (fruit)	Me gustan todos los cítricos, incluidas naranjas, limones y toronjas.|I like all citrus fruits, including oranges, lemons, and grapefruits.
pozo	well, shaft	se encontraba un pozo de donde los monjes recogían agua|he came across a well where monks were drawing water
debilidad	weakness	está dedicada al estudio del mal, de la debilidad, y del sufrimiento|he was dedicated to the study of illness, weakness, and suffering
rescatar	to rescue, save	tenemos que rescatar a las víctimas de la inundación|we have to rescue the flood victims
aviso	warning	sin previo aviso de algún trueno o relámpago, comenzó a llover|without previous warning of thunder or lightning, it began to rain
ocupación	occupation, use	¿Cuál es tu ocupación actual? // Soy profesora.|What is your current occupation? // I am a teacher.
cruel	cruel, harsh	Es una mala persona; cruel con las mujeres.|He is a terrible person; cruel to women.
certeza	certainty	no sabía con certeza cuánto tiempo estuvo perdida|I do not know with certainty how long I was lost
ácido	acid	el agua de lluvia es un ácido muy débil que daña las estatuas|the rainwater is a very weak acid that damages statues
detallar	to detail, itemize	En su comunicado, se detalló que podría empezar a fines de octubre.|In his announcement, he explained that we could begin in October.
kilo	kilogram	estoy veinticinco kilos más de mi peso ideal|I am twenty-five kilograms over my ideal weight
leve	slight, trifling, light	¡No se pierda usted ni el más leve susurro!|You do not miss even the slightest whisper!
cumbre	summit, top	participarán en una cumbre con el tema la contaminación|they will participate in a summit with the topic of pollution
licencia	license, permission	¿Usted no sabe que sin licencia no puede vender?|You don’t know that you can’t sell without a license?
asociar	to associate with	a veces, la Naturaleza se asocia con los malvados|sometimes, nature is associated with evildoers
interminable	endless, interminable	la cola interminable me puso de mal humor|the endless line put me in a bad mood
secretaría	secretary	la Secretaría de Educación Pública emitió el documento|the Secretary of Public Education broadcast the document
pacto	pact, agreement	para establecer un pacto de no agresión entre ambos estados|in order to establish an agreement of nonaggression between both states
anécdota	anecdote	¿Tienes algún recuerdo especial o anécdota de tu vida universitaria?|Do you have a special memory or an anecdote from your college years?
placa	plaque, plate, badge	la placa de bronce me mostró la puerta correcta|the bronze plaque showed me the correct door
explosión	explosion	una explosión de gas rompió las ventanas de vidrio|a gas explosion broke the glass windows
creativo	creative	¿O es porque sos creativo, sensible, y artístico?|Or is it because you are creative, sensitive, and artistic?
formato	format, form	presenta un texto que no está en papel sino en formato digital|it presents a text that is not on paper, but rather in digital format
emergencia	emergency	usted no es una emergencia; el doctor quiere que vuelva mañana|you don’t have an emergency; the doctor wants you to return tomorrow
barrera	barrier, obstacle	apareció una barrera que impidió el paso|a barrier came into view that blocked the way
estrenar	to use for the first time, debut	tenía un traje nuevo que iba a estrenar en un banquete|he had a new suit that he was going to wear for the first time at a banquet
convenio	agreement	este convenio permitirá iniciar las obras de construcción|the agreement will allow construction work to start
olvido	forgetfulness, omission	el olvido puede ser un parte normal de la vejez|forgetfulness can be a normal part of old age
cajón	drawer	tuvo gran dificultad en poner la llave en el cajón del escritorio|he had great difficulty putting the key in the desk drawer
amo	master, boss (m)	hay una confrontación entre el amo y el alquilador|there is a confrontation between the owner and the renter
cementerio	cemetery, graveyard	el día de los muertos todos van al cementerio|on the Day of the Dead, everyone goes to the cemetery
obviamente	obviously	nos daban a entender, obviamente, que también éramos sucios|obviously, I will wait for you for an eternity
portar	to behave [se], carry	el que se portó como un tonto fue el general Beuregard|General Beuregard was the one who behaved like a fool
integral	comprehensive, integral, built-in	para que los estudiantes tengan una educación integral y de calidad|so that students will have a comprehensive and quality education
chiste	joke, funny story	festejaban cada chiste a las carcajadas|they laughed heartily at every joke
ruina	ruin, collapse	Había grandes precursores de ruina y de catástrofe.|There were great omens of ruin and catastrophe.
empresarial	managerial	los planes de inversión empresarial superan los 20 millones de dólares|corporate investment plans exceed 20 million dollars
molécula	molecule	La radiación tiene energía suficiente para despojar a las moléculas de los electrones.|Radiation has enough energy to strip electrons from their molecules.
editar	to edit, publish, release	eran las 10 de la noche y todavía tenía que editar el ensayo|it was 10 at night, and I still had to edit the essay
confusión	confusion	la confusión y el desorden eran los síntomas característicos|the confusion and disorder were characteristic symptoms
ayuntamiento	city council, town hall	colocaron la bandera en el balcón del Ayuntamiento|they hung the flag from the balcony of city hall
genio	genius, disposition	no poseemos la brillante palabra, el genio poético|we do not have the fantastic word, the poetic genius
colonial	colonial	Era difícil mantener su Imperio colonial trasatlántico.|It was difficult to maintain their transatlantic colonial empire.
terrestre	earthly, of the earth	los efectos del calientamiento global sobre el clima terrestre|the effects of global warming over the climate of the earth
charlar	to chat, talk	buscan un café para charlar|they are looking for a café where they can chat
ángulo	angle	Cortar un ángulo de 45 grados con respecto a la superficie.|Cut a 45-degree angle in relation to the surface.
cable	cable, wiring	se han instalado redes de cable para transmitir la señal televisiva|they have installed a cable network to transmit the television signal
financiar	to finance	¿Cómo va a financiar su campaña?|How will you finance your campaign?
ingeniería	engineering	ofertamos la Carrera Profesional de Ingeniería Comercial|we are sponsoring the Professional Competition for Commercial Engineering
atribuir	to attribute	de no saber a qué atribuir semejante aire optimista|not knowing what was the cause of such an optimistic attitude
sabiduría	wisdom, knowledge	admiro la sabiduría de todos esos filósofos, que saben tantas cosas|I admire the wisdom of all those philosophers that know so many things
aburrir	to bore, tire	el único problema es aburrirse de esperar que vengan|the only problem is being bored from waiting for them to come
temporal	temporary	Espero que esto sea una etapa puramente temporal y transitoria.|I hope that this is purely a temporary and transitory stage.
poblar	to populate, inhabit	determinaron a poblar los territorios vírgenes|they decided to populate the virgin territories
lámpara	lamp	se ha encendido una diminuta lámpara en la oscuridad|a small lamp has been lit in the darkness
obstáculo	obstacle	había logrado vencer el único obstáculo que me separaba del evento|I had managed to overcome the only obstacle that kept me from the event
almacén	warehouse, store	fue hasta el almacén a buscar alguna cosa que faltaba|he went to the warehouse to look for something that he was missing
maíz	corn, maize	el cultivo del maíz se convirtió en el alimento principal en Mesoamérica|corn cultivation became the main food staple in Meso-America
sargento	sergeant	era la vez del sargento Ramón tomar una decisión|it was sergeant Ramón’s turn to make a decision
inevitable	inevitable, unavoidable	de hecho, los cambios serán cada vez más inevitables|in fact, the changes will be increasingly inevitable
presidir	to preside over	el sacerdote iba a presidir una ceremonia especial|the priest was going to preside over a special ceremony
votación	vote, voting	En una votación que se resolvió por 54 votos en contra y 39 a favor.|The voting was decided with 54 votes against and 39 in favor.
pesadilla	nightmare	Es una mala pesadilla; sólo es un mal sueño.|It is a bad nightmare; it is only a bad dream.
toque	touch, ringing, warning	Es en blanco y negro con un sugerente y dirigido toque de color.|It is in black and white with an evocative and guided touch of color.
agenda	diary, agenda, schedule	El equipo argentino tendrá una agenda cargada para este año.|The team from Argentina will have a busy schedule this year.
rechazo	rejection, refusal	Mostró su rechazo al racismo.|He showed his rejection of racism.
mérito	worth, merit	tuvo un gran mérito histórico, eso es indiscutible|it had great historical merit, that is indisputable
solidaridad	solidarity, togetherness	tenemos que actuar en solidaridad con el fin de acabar el hambre|we need to act in solidarity with the aim of ending hunger
billete	ticket, bill, note	compré un billete para dar otra vuelta en el tren|I bought a ticket to go on another ride on the train
aprobación	approval, consent	no quería hacer nada que no contase con la aprobación de su padre|she didn’t want to do anything without the approval of her father
tibio	lukewarm	le dio un tibio beso en la frente|she gave him a lukewarm kiss on the forehead
reproducción	reproduction	el nido es tan esencial para la reproducciñon de las crías de aves|the nest is very essential in the reproduction of baby birds
grano	grain, kernel	Aquí se almacenaba el grano de trigo que a diario consumía Madrid.|Madrid’s daily wheat grain consumption was stored here.
paralelo	parallel	donde las líneas paralelas se representan como convergentes|where the parallel lines are represented as converging
reforzar	to reinforce, strengthen	decidió reforzar la seguridad con puertas de blindaje|he decided to reinforce security with armored doors
mantenimiento	maintenance, sustenance	Es el líder del mantenimiento de un extenso sistema de defensa aérea.|He is the leader of the maintenance of an extensive air defense system.
invitación	invitation	necesitamos pensar en lo que vamos a escribir en la invitación|we need to think about what we will write on the invitation
puta	whore, prostitute	la profesión más antigua es la de las putas|the oldest profession is that of the prostitutes
rol	role	¿Qué opinas sobre esta división de trabajo y tu rol en un hogar?|What is your opinion about this division of labor and your role in the home?
burlar	to mock	se burló de su secreto amor de figuritas|he was mocked for his secret love of figurines
formular	to formulate	se ha decidido a formular la pregunta en voz alta|she had decided to formulate the question aloud
espacial	spatial, space	era la única estación espacial en funcionamiento|it was the only working space station
insecto	insect	las ranas se alimentan principalmente de insectos, gusanos, y arañas|frogs feed primarily on insects, worms, and spiders
continuación	continuation, follow-up	la continuación de la música clásica es la música moderna|modern music is the continuation of classical music
equivalente	equivalent	conservan su nombre como un equivalente de rebelión|they remember his name as an equivalent for rebellion
dotar	to endow, bestow	sus padres le dotó de guapura|his parents endowed him with good looks
arder	to burn, glow	el fuego arde radiantemente|the fire burns brightly
atento	attentive, polite	caminaba con fatiga, demasiado cansado para estar atento|he walked with fatigue, too tired to be attentive
filosófico	philosophical	es una cuestión filosófico; no tiene una respuesta correcta|it is a philosophical question; it doesn’t have a correct answer
monetario	monetary,	la cuota monetaria de los trabajadores se consigna en una cuenta|the employees’ financial fees are recorded in an account
saco	sack, bag, plunder	¿Hay algo que pese más que un saco de papas?|Is there anything that weighs more than a sack of potatoes?
invisible	invisible	lo esencial y divino es invisible a los ojos|the essential and divine is invisible to the eyes
estatua	statue	Miguel Ángel esculpió una estatua de David|Michelangelo sculpted a statue of David
vapor	vapor, steam	el baño comenzó a llenarse de vapor|the bathroom began to fill with steam
capturar	to capture	tienen una boca enorme para capturar a los insectos voladores|they have a huge mouth to capture flying insects
cálido	warm	un aire cálido entró por la ventana abierta|a warm air came in through the open window
favorable	favorable, suitable	es necesario mantener un clima favorable para la inversión|it is necessary to maintain a favorable investment climate
bronce	bronze	puedo leer el letrero en una columna de bronce|I can read the writing on a bronze column
turístico	tourist	Andalucía, un destacado destino turístico|Andalusia, an outstanding tourist destination
ahorita	right now, in a minute	es lo que estoy sintiendo ahorita|it’s what I am feeling right now
helado	iced, freezing, icy	La casa fue azotada por la lluvia y golpeada por el helado viento del sur.|The house was whipped by rain and pounded by the icy wind of the south.
gallo	rooster	Oí el primer canto de los gallos al amanecer.|I heard the first song of the roosters at dawn.
desagradable	unpleasant	dejó en su piel un desagradable olor a grasa y humo|it left an unpleasant smell of grease and smoke on his skin
suficientemente	enough	no eran suficientemente cómodos para ella|they weren’t comfortable enough for her
resumir	to summarize	siento no poder resumir los detalles técnicos|I’m sorry that I can’t summarize the technical details
préstamo	loan, borrowing	el Banco Primero otorgó un préstamo de 50 millones de pesos|the First Bank granted a loan of 50 million pesos
quieto	still, motionless, calm	está dormido, quieto y callado|he is sleeping, calm and quiet
tubo	tube, pipe	encendió un tubo fluorescente que iluminaba el pequeño patio|a fluorescent tube turned on that lit up the small patio
librar	to liberate, set free	les asignaba la sagrada misión de librar al pueblo|they were assigned the sacred mission of liberating the town
considerable	considerable	era una mujer de considerable posición social|she was a woman of considerable social position
cuadrado	square	Mi apartamento tiene 300 metros cuadrados.|My apartment is 300 square meters.
precisión	precision	no recuerdo con precisión cuánto duró aquel programa|I don’t remember exactly how long that program lasted
trámite	procedure, step, requirement	¿Cuál es el trámite para pasar por inmigración?|What is the procedure for passing through immigration?
pastor	shepherd, pastor	yo trabajaba de pastor con un rebaño pequeño|I worked as a shepherd with a small herd
acero	steel	es como si este hombre heroico fuera de acero|it is as if this heroic man were made of steel
comedia	comedy, play, pretense	Son escritas por maestros del drama o de la comedia.|They are written by drama or comedy teachers
pendiente	aware of, pending	ha estado pendiente de lo que estaba ocurriendo en cada momento|he has been aware of what is happening at every moment
fibra	fiber, grain	la fibra óptica se compone de un delicado filamento de cristal|fiber optics consist of a delicate glass filament
juvenil	young, juvenile	su mente juvenil no estaba preparada para resolver tantos problemas|your young mind is not prepared to solve so many problems
obvio	obvious	era obvio que Iván no iba a llamarme|it was obvious that Ivan was not going to call me
fiscal	district attorney, prosecutor	fue acusado del crimen y un fiscal lo llamó a juicio|he was accused of the crime, and a prosecutor called him to trial
trampa	trick, trap; hacer t.: to cheat	¡No entres! ¡Es una trampa!|Don’t go in there! It’s a trap!
espeso	thick, dense, stiff	me encanta esta miel porque es muy espesa y dulce|I love this honey because it is very thick and sweet
vínculo	tie, bond, link	no había vínculo alguno entre ambos crimenes|there was no link between the two crimes
charla	talk, chat	estábamos de charla en el patio|we were having a chat on the patio
regir	to rule, govern, manage	los padres deben regir los pormenores de su familia|parents have to manage the details of their family
rutina	routine	¿Cómo es tu rutina diaria?|What is your daily routine like?
coste	cost, price	El coste de un producto debe ser el mismo para todos.|The price of a product should be the same for all.
federación	federation	catorce países crearon la Federación Internacional de Ajedrez|fourteen countrires made up the International Chess Association
roto	broken, torn	era un pedazo de vidrio roto que alguna vez fue espejo|it was a piece of broken glass that at one time was a mirror
hembra	female, woman	Estudia las especies cuyas hembras son dominantes sobre los machos.|He studies species whose females dominate the males.
inflación	inflation	la inflación galopante destruye el poder adquisitivo de nuestros salarios|runaway inflation destroys the buying power of our salaries
sorprendente	surprising, astonishing	muestra la sorprendente generosidad del zar|it shows the surprising generosity of the tsar
estabilidad	stability	está perdiendo estabilidad del lado izquierdo|it is losing stability on the left side
paraíso	paradise	estar junto a ti es como si estuviera en el paraíso|being with you is like being in paradise
llama	flame, llama	la casa ardía en llamas|the house was in flames
puño	fist, handle, cuff	entró en el cuarto con el puño levantado|he came into the room with his fist raised
pausa	pause	hizo una larga pausa, esperando la respuesta|he took a long pause, waiting for the answer
cartera	wallet, satchel	había olvidado la cartera y no tenía dinero para el taxi|I had forgotten my wallet and I didn’t have money for the taxi
pañuelo	handkerchief, shawl	se cubrío la boca con un pañuelo y comenzó a llorar|she covered her mouth with a handkerchief and began to cry
estratégico	strategic	yo aguardaba, como dije, en mi posición estratégica|I was waiting, like I said, in my strategic position
taza	cup, bowl	vino a ofrecerme una taza de té|he came to offer me a cup of tea
reventar	to burst, puncture	estuvo a punto de reventarse de presiones interiores|he was at the point of bursting from internal pressures
reservar	to reserve, book	el destino me reservaba sus mejores recompensas para esas fechas|destiny reserved its best rewards for me for those dates
relatar	to tell, narrate	puedes relatar historias graciosas|you can tell funny stories
hierba	herb, grass, weed	mi madre cocina con las hierbas de su jardín|my mother cooks with herbs from her garden
teórico	theoretical	es una formación muy teórica, muy académica, muy general|it is a very theoretical, academic, and general education
lógicamente	logically	yo, lógicamente, en ese momento no entendí nada|I, logically, in that moment didn’t understand anything
dosis	dose	se le han aplicado dos dosis de morfina para el dolor|they have given him two doses of morphine for the pain
tendido	spread, hung, laid (out)	estaba tendida sobre una toalla y tomaba el sol en la playa|she was stretched out on a towel sunbathing on the beach
cocinar	to cook	sabía hacer de todo, limpiar, cocinar, coser, todo|he knew how to do everything, clean, cook, sew, everything
tránsito	traffic, transit	no había tránsito de vehículos en ningún sentido|there was no vehicular traffic in any direction
estupendo	marvelous, stupendous	ha sido una noche estupenda, gracias por todo|it has been a marvelous night, thank you for everything
pacífico	peaceful	es un tipo pacífico y razonable|he is a peaceful and reasonable guy
entrenamiento	training	planeó un intenso entrenamiento para alcanzar el punto deseado|he planned intense training to reach the desired level
frenar	to brake, restrain	frenó de golpe y la camioneta se detuvo|he braked suddenly and the truck stopped
prevenir	to avoid, prevent	la rotación de cultivos previene que los parásitos se establezcan|crop rotation prevents parasites settling in
complejo	complex	es un tema muy complejo y delicado|it’s a very complex and delicate subject
conservación	conservation	Le importan el estudio y la buena conservación de los monumentos.|The study of and adequate conservation of monuments are important to her.
antigüedad	antiquity, seniority	la planta fue empleada desde la antigüedad para curar heridas|the plant was used since antiquity to heal wounds
cuota	quota, share, dues	cambiaron las reglas del «club» y nos bajaron la cuota|they changed the rules of the “club” and lowered our dues
participante	participant	lógico, con la presencia de casi 3000 participantes|obviously, with the presence of almost 3,000 participants
crítico	critic	los críticos la pueden juzgar como una obra extraordinaria|critics can judge it as an extraordinary work
cenar	to dine	aquella noche, después de cenar salimos a dar un paseo|that night, after eating we went for a walk
depresión	depression, slump	estoy en un estado de depresión tremendo|I am in a terrible state of depression
paraguayo	Paraguayan	lo debatirán en la prensa paraguaya|it will be debated in the Paraguayan press
suspirar	to sigh	se sentó serio y pensativo, suspiró largamente|he sat down in a serious and thoughtful manner; and sighed deeply
básicamente	basically	estaban pensando básicamente en la modernización del sector|they were basically thinking of the modernization of the area
vicepresidente	vice president	Castro y su hermano son presidente y vicepresidente de Cuba|Castro and his brother are president and vice president of Cuba
desaparición	disappearance	notaban mi desaparición y mi regreso|they noticed my disappearance and my return
magia	magic	De repente, como por arte de magia, la puerta abrió.|Suddenly, as if by magic, the door opened.
prima	female cousin, down payment	visitan una prima y unos parientes|they are visiting a cousin and some relatives
adorar	to worship, adore	el rezar es una forma de adorar a los dioses|prayer is a form of worshipping gods
afán	eagerness, zeal, effort	lo que no me parece bien es este afán de consumismo|I don’t think this eagerness for consumerism is a good thing
casco	helmet	el policía va protegido con un casco y con un escudo|the policeman is protected by a helmet and shield
retener	to keep, retain	los padres prefieren retener en casa a sus hijos|the parents preferred to keep their children at home
estético	aesthetic	los cuadros dan mucha satisfacción estética|the paintings provide a lot of aesthetic pleasure
martes	Tuesday	todos los martes y jueves voy a mi terapia con el psicoanalista|every Tuesday and Thursday I go to therapy with a psychoanalyst
urgencia	urgency	hagámoslo ahora, sin ese sentimiento de urgencia o de emergencia|let’s do it now, without that feeling of urgency or emergency
proveer	to provide	nuestro jefe proveía de uniformes y documentos oficiales|our boss provided uniforms and official documents
receta	recipe, prescription	voy a leer esa receta para el pastel de papa|I am going to read that recipe for the potato pie
editorial	publisher (f), editorial article (m)	la revista será publicada por la editorial Oxford University Press|the magazine will be published by the Oxford University Press publishers
taxi	taxi, cab	toma un taxi y le dice: «Lléveme al hospital Rawson»|he takes a taxi and tells him, “Take me to the Rawson hospital”
saber	knowledge	el saber de los geógrafos griegos se difundió por Europa|the knowledge of Greek geography spread throughout Europe
banca	bank, banking	La banca tradicional es un negocio cíclico.|Traditional banking is a cyclical business.
transición	transition	Era una etapa de transición política en que los actores cambiraron.|It was a period of political transition when the actors changed.
asombrar	to amaze, astound	se asombró de la reacción|she was amazed by the reaction
tonelada	ton	puede llegar hasta 30 toneladas de azúcar por hectárea|it can reach up to 30 tons of sugar per hectare
lingüístico	linguistic	estudia el cambio lingüístico y la clasificación de las lenguas|he studies linguistic change and the classification of languages
quebrar	to break, bend, weaken	La voz de la autoridad quebró el silencio: ¡Alto!|The voice of authority broke the silence: stop!
válido	valid	una iniciativa válida, meditada, y bien hecha|a valid, planned, and well-made initiative
invasión	invasion	Luchó en la guerra de la Independencia contra la invasión napoleónica.|He fought in the war for independence against the Napoleonic invasion.
descartar	to discard, reject, rule out	lee una declaración oficial para descartar dudas|he is reading an official declaration to dimiss all doubts
contaminación	contamination, pollution	otro problema con la contaminación, es el agua gris|another problem of pollution is gray water
aplastar	to flatten, crush, smash	aplastó con la bota una araña|he smashed a spider with his boot
amanecer	to dawn, become light	recomiendan salir a la calle entre la medianoche y el amanecer|they recommend going out on the street between midnight and dawn
reglamento	regulations, rules	¿Qué importa aquí el reglamento?|What do the regulations matter here?
gravedad	seriousness, gravity	Habló con mucha cautela, por la extrema gravedad de las circunstancias.|He spoke cautiously because of the extreme gravity of the situation.
beca	scholarship, grant	obtuvo una beca para acudir al seminario|he got a scholarship to go to seminary
sincero	sincere	tenía un sentimiento auténtico y sincero|he had an authentic and sincere feeling
lata	(tin) can	¿Podrías abrir esta lata de sopa?|Could you open this can of soup?
hipótesis	hypothesis	es una hipótesis que probablemente no sea verificable|it is a hypothesis that probably won’t be verifiable
periodismo	journalism	el periodismo es una carrera bien interesante|journalism is a very interesting career
robo	theft, robbery	Era un ingenioso robo de más de cien millones de pesetas.|It was an ingenious theft of more than one hundred million pesetas.
respectivamente	respectively	Líbano y Siria habían sido liberados en 1943 y 1946 respectivamente|Libya and Syria had been liberated in 1943 and 1946, respectively
desorden	disorder, mess	estuvo en un estado casi permanente de guerra y desorden|it was in an almost permanent state of war and disorder
mudo	mute, silent	me paraliza y me deja mudo en su presencia|I am paralyzed and remain silent in his presence
trayectoria	trajectory, path	Fue por un recorrido irregular, con curvas periódicas en sus trayectorias.|It went by an irregular path, with recurring curves in its trajectory.
distraer	to distract	el barullo de vehículos y peatones distrae mi atención|the noise of the vehicles and pedestrians distracted my attention
balcón	balcony	cultivo flores en el balcón porque hay sol allí todo el día|I grow flowers on the balcony because there is sun there all day
nostalgia	nostalgia, homesickness	recordaba con nostalgia el día que compré mi primera casa|I remembered with nostalgia the day that I bought my first house
ganador	winner	Ernest Hemingway era ganador del Premio Nobel (1954)|Ernest Hemingway was the winner of the Nobel Prize (1954)
apropiado	appropriate	la película no es apropiado para niños pequeños|the movie is not appropriate for small children
inesperado	unexpected, unforeseen	fue tan inesperado que me pareció la imaginación|it was so unexpected that I thought it was my imagination
renta	income	Firmó un contrato, garantizándole una renta de 4000 francos mensuales.|He signed a contract, guaranteeing a monthly salary of 4,000 francs.
autonomía	autonomy, range	no tenía aún autonomía ni capacidad de decisión|he still didn’t have autonomy nor the capacity to make decisions
cartel	poster	Marta señala el cartel de «No entrar»|Marta points to the sign that says “Do not enter”
secuencia	sequence	han determinado de la secuencia de ADN del genoma del hombre|they have determined the DNA sequence of man’s genome
mecánico	mechanical	fue un acto mecánico y repetido|it was a mechanical and repetitive act
receptor	receiver, recipient	creando un mensaje que llega al receptor a través de un canal privado|creating a message that comes to the receiver through a private channel
invitado	guest	servir a los invitados es el deber de todo anfitrión|to serve one’s guests is the duty of every host
acelerar	to accelerate, speed (up)	sentí el corazón acelerar sus latidos y adelanté el paso|I felt by heart speeding up and I quickened my step
asistente	assistant	necesito un asistente porque tengo demasiado trabajo|I need an assistant because I have too much work
fluir	to flow	Es un estrecho canal en el que el agua fluye con gran rapidez.|It is a narrow channel through which water flows rapidly
enfrente	in front (of)	estamos en un parque enfrente de la escuela|we are in a park in front of the school
monumento	monument	los monumentos imitaron el estilo suntuoso del mausoleo|the monuments imitated the sumptuous style of the mausoleum
campeonato	championship	Son 12 equipos ya confirmados para el campeonato de beisbol.|12 teams have been confirmed for the championship in baseball.
plano	flat, plain, even, level	me pareció un concierto demasiado plano, sin distinción|to me it seemed like a very plain concert, without elegance
decisivo	decisive, conclusive	jugó un papel decisivo en la ejecución de la revolución|he played a decisive role in the carrying out the revolution
gallina	hen, coward	mi madre tiene 4 gallinas en el patio y vende los huevos a los vecinos|my mother has 4 hens in the yard and she sells the eggs to the neighbors
confuso	confused, mixed up	estaba demasiada confusa para tomar una decisión|I was too confused to make a decision
estricto	strict, rigorous	la expresión es justa en un sentido más estricto|the expression is correct in a more strict sense
diagnóstico	diagnosis	el diagnóstico de meningitis la dejó tranquila|the diagnosis of meningitis left her calm
caza	hunting (game)	de las vigas cuelgan animales de caza: aves y liebres|game hung from the rafters: birds and rabbits
pulmón	lung	el pulmón herido me impedía respirar profundamente|my wounded lung kept me from breathing deeply
botón	button	se prendió el último botón de la camisa blanca|he fastened the last button of his white shirt
gerente	manager, director	Es la capacidad de liderazgo que todo buen gerente debe poseer.|It’s the leadership ability that every good manager should have.
bota	boot, wineskin	Estaban calzados con pesadas botas militares.|They were wearing heavy army boots.
juguete	toy	cuando era chico, el único juguete que tenía era un camión de madera|when I was a child, the only toy I had was a wooden truck
celo	jealousy, zeal	está loco sino resentido, me tiene envidia, celos, me detesta|he is crazy but bitter, he is envious of me, jealous, he detests me
ideología	ideology	el confucianismo llegó a ser la ideología oficial del estado chino|Confucianism became the official ideology of the Chinese state
historiador	historian	el historiador es un científico social|the historian is a social scientist
estadística	statistic	todavía no existen estadísticas fiables de la incidencia del embarazo|there are still no reliable statistics on the pregnancy rate
península	peninsula	la geografía de la península ibérica y también de las islas|the geography of the Iberian Peninsula and also the islands
escrito	written	estudiando todos los escritos y memorizando hasta la última letra|studying all the manuscripts and memorizing them up to the last letter
ahorrar	to save (money, time)	todos viajan en avión, para ahorrar horas|everyone travels by plane to save time
asustado	scared, frightened	¿Tiene miedo? // Un poquito asustado, sí.|Are you scared? // A little, frightened, yes.
vigente	in force, valid	la ley está más vigente que nunca|the law is more in force than ever
circuito	circuit, circumference, track	una cámara de circuito cerrado de televisión|a camera for closed-circuit television
centímetro	centimeter	un metro de profundidad y sesenta centímetros de ancho|one meter deep and seventy centimeters wide
antecedente	antecedent	puede considerarse como un antecedente de las guías actuales|it can be considered a precursor of the current guidelines
nieve	snow	la nieve seguía cayendo suave|the snow continued falling smoothly
gobernante	ruler, leader	la cumbre entre los gobernantes de China y EEUU|the summit between the leaders of China and the United States
circulación	circulation, traffic	una de las avenidas en que hay mayor circulación de microbuses|one of the avenues where the main bus traffic is
físico	physicist	los físicos emplean también reactores de fisión o aceleradores|physicists also use fission reactors or accelerators
limpieza	cleanliness, purity	Es un poco maniático con la limpieza de la casa.|He is a bit of a fanatic about the cleanliness of his house.
carbono	carbon, coal	son compuestos orgánicos, su elemento principal es el carbono|they are organic compounds, their main element is carbon
franco	open, frank, outspoken	fue atento a sus deseos, generoso y franco, y de buen humor|he was attentive to their desires, generous and frank, and good-humoured
paloma	dove	soltaron palomas durante su boda|they released doves during their wedding
sacrificar	to sacrifice	tú a veces tienes que sacrificar sábados y domingos|sometimes you have to sacrifice Saturdays and Sundays
casualidad	chance, coincidence	por suerte, por casualidad, de pronto los encontré en la multitud|luckily, by chance, I found them in the crowd
aquél	that one over there (m)	¿Y cuál es su coche? // Aquél.|And which is your car? // That one over there.
planear	to plan	Enrique murió mientras planeaba un viaje a la Tierra Santa|Enrique died while planning a trip to the Holy Land
queso	cheese	En las industrias lácteas se producen queso, yogur y otros productos.|In the milk industry, they produce cheese, yogurt, and other products.
percepción	perception	Mónica tuvo una nueva percepción de la calidad de vida allí|Monica has a new understanding of the quality of life there
bienes	goods, property	los mercados establecen el precio de los bienes y servicios|the market establishes the prices of goods and services
fundamento	foundation, ground	intentó un entusiasmo que no sentía, algo sin fundamento firme|he attempted an enthusiasm that he didn’t feel, something without firm foundation
innovación	innovation	el cañon presentó la última innovación en tecnología de 35 milímetros|the Canon presented the last innovation in 35 millimeter technology
devorar	to devour, consume	para devorar enormes trozos de pan remojados|to devour huge pieces of soaked bread
generoso	generous	se ve generoso porque le da más que recibe|it seems generous because it gives more than it receives
festival	festival	La reunión tomó forma de un festival con música y entretenimiento.|The meeting turned into a festival with music and entertainment.
contraste	contrast	el contraste entre ambas hermanas era profundo y visible|the contrast between the two sisters was profound and visible
intimidad	private life, intimacy	le gusta la soledad y guarda celosamente la intimidad|he likes solitude and jealously guards his private life
inspiración	inspiration, inhalation	el amor era la inspiración de poetas|love was the inspiration of poets
cancha	playing field, court	para construir una cancha de fútbol de proporciones apreciables|to build a soccer field of substantial proportions
latín	Latin	conocía solamente las lenguas clásicas—latín y griego|he only knew classical languages—Latin and Greek
relevante	relevant, significant	hay otro hecho aun más significativo y relevante|there is another fact even more significant and relevant
miel	honey	las abejas que almacenan miel y polen para consumo de los adultos|bees that store honey and pollen for the consumption of the adults
crónica	account, chronicle	inventó una crónica de la vida de Magdalena bastante creíble|he made up a pretty believable account of Magdalena’s life
armonía	harmony	siempre busca su armonía espiritual en la naturaleza|he is always looking for spiritual harmony in nature
colectivo	collective, group	Ahora está entre los grupos políticos y los colectivos profesionales.|Now it is between the political groups and the professional unions.
encanto	charm, spell	representó el encanto y la elegancia de esos viejos edificios|it represented the charm and elegance of those old buildings
aliviar	to lighten, relieve, comfort	el masaje me alivió del dolor|the massage lessened my pain
trastorno	confusion, trouble, upheaval	además de la depresión neurótica y otros trastornos ansiosos|besides the neurotic depression and other anxiety problems
fallo	mistake, blunder, fault	espero que todo salga bien, sin fallos|I hope that everything turns out all right, without mistakes
ceniza	ash	sacudiendo la ceniza de su cigarro sobre el fogón|he is shaking his cigarette ash onto the stove
gráfico	graphic, explicit	nunca conocí síntesis más gráfica y más breve de la vida|I have never known such a graphic and brief synthesis of life
colaborador	collaborator	Llegué con ayuda de un colaborador de lengua rusa.|I arrived with help from a assistent who spoke Russian.
demandar	to claim, sue	las mujeres salen a las calles para demandar nuevos derechos|women go out in the street to claim new rights
contraer	to contract, shrink, abbreviate	Contrajo la gripe antes de sus vacaciones.|He caught the flu before his vacation.
manzana	apple, (city) block	Es una importante cosecha de mandarinas, melones y manzanas.|It is an important harvest of tangerines, melons, and apples.
portugués	Portuguese	alguna comida portuguesa tiene influencia española|some Portuguese food has Spanish influence
elemental	elemental, basic	Era nada más que el material escolar, que era muy elemental.|It was no higher than school level, which was very basic.
tropical	tropical	las frutas tropicales incluyen plátanos, mangos, y dátiles|tropical fruits include bananas, mangos, and dates
eficacia	efficiency, effectiveness	existen métodos para medir la eficacia de este instrumento|there are ways to measure the efficiency of this instrument
revisión	checking revision	midió el mantenimiento y revisión de líneas transmisoras eléctricas|he measured the maintenance and servicing of power transmission lines
narrar	to narrate, tell	esas palabras pueden narrar una historia|those words can tell a story
retroceder	to go back	quería retroceder a otra época, donde las cosas estaban más simples|I wanted to go back to another age, where things were simpler
ferrocarril	railway	Me encanta sacar fotos de túneles y vías del ferrocarril.|I like to take pictures of tunnels and railroad tracks.
excusa	excuse	tendría que inventar una buena excusa para justificar su inasistencia|he would have to come up with a good excuse to justify his absence
interacción	interaction	oportunidades de colaboración y de interacción entre los estudiantes|opportunities for colaboration and interaction between students
plantar	to plant	decidió plantar la idea en su cabeza|he decided to plant the idea in his head
alteración	alteration, change	Estudia la manipulación de los genes con alteración del genotipo.|He is studying the manipulation of genes that change the genotype.
inocente	innocent, naïve	sé que parece muy inocente y muy pura|I know that he seems very innocent and pure
bala	bullet, shot	la bala de pistola no es muy efectiva de lejos|the bullet from a pistol is not very effective from far away
urgente	urgent	¿Qué era tan urgente que tuviste que llamarme a la media noche?|What was so urgent that you had to call me at midnight?
afecto	affection, fondness	pasó a su lado y la miró con afecto y le sonrió|he passed by her side and looked at her with affection and smiled
amoroso	loving, affectionate	tengo un padre amoroso que siempre me da los mejores consejos|I have a loving father that always gives me the best advice
tropezar	to trip, stumble	suben con cuidado las escaleras para no tropezar|they carefully climb the stairs so as not to stumble
estable	stable, steady	pueden edificar una relación estable, basada en el amor|they can build a stable relationship, based on love
explorar	to explore	Tiene la ilusión de explorar espacios desconocidos.|He has the dream of exploring unknown places.
diversidad	diversity, variety	contiene una gran diversidad de personas, culturas y lenguas|it contains a great diversity of people, cultures, and languages
rosario	rosary, beads, string	muchas veces rezábamos también el rosario con ella|we prayed the rosary with her many times also
bancario	bank, banking	más comúnmente utilizados en el mundo bancario y financiero|most commonly used in the banking and financial world
indispensable	indispensable, essential	es indispensable para crear un mercado líquido y eficiente|it is essential to create a liquid and efficient market
proyección	projection, screening	la proyección comenzará en cinco minutos|the projection will begin in five minutes
institucional	institutional	han contado con un apoyo institucional generoso|they have counted on a generous institutional support
enriquecer	to enrich	Tienes oportunidades para enriquecear su mente.|You have opportunities to enrich your mind.
geográfico	geographical	está ubicada en el centro geográfico de la región|it is located in the geographical center of the region
curva	curve	lo hacen siguiendo una trayectoria curva y no en línea recta|they followed a curved path and not a straight line
acento	accent, stress	canta en español pero con acento inglés|he sings in Spanish but with an English accent
ocasionar	to occasion, bring about	espero no ocasionarle demasiadas molestias|I hope it doesn’t cause you too much trouble
sanción	sanction, approval, penalty	los mecanismos punitivos (la aplicación de las sanciones)|the punitive mechanisms (the implemmentation of sanctions)
tribu	tribe	pasé unos días con la tribu quechua en Perú|I spent a few days with the Quechua tribe in Peru
herir	to wound, hurt	hirió sus sentimientos sin razón|she hurt his feelings for no reason
perfección	perfection	advertimos la perfección técnica de la pintora|we noticed the technical perfection of the painter
gigantesco	giant, gigantic	un brazo poderoso, enorme, gigantesco, me arrebató|a powerful, enormous, gigantic arm snatched me
giro	turn, draft, expression	el helicóptero se eleva mediante el giro de un rotor en el eje vertical|the helicopter rises by turning a rotor on the vertical axis
ira	rage, wrath	Ramón tembló de ira|Ramón trembled with rage
transparente	transparent, clear	todo esto es público y transparente|all of that is public and transparent
discípulo	disciple	era discípulo de una figura religiosa|he was a disciple of a religious figure
salvación	salvation, rescue	el gurú ofrece la salvación de los discípulos|the guru offers salvation to the disciples
cosecha	harvest, crop	tengo en el jardín una abundante cosecha de flores|I have a bumper crop of flowers in the garden
eficiente	efficient	Necesitamos un sistema más eficiente y equitativo.|We need a more efficient and equitable system.
afición	fondness, interest	bien conocían la afición que David tenía por las mujeres hermosas|they knew too well of David’s fondness for beautiful women
agresivo	aggressive	Este perro se pone muy agresivo y no reconoce a nadie.|This dog becomes very aggressive and doesn’t recognize anyone
entretener	to entertain, amuse	trajo juguetes para entretener al nuevo amiguito|he brought toys to entertain his new friend
desgraciadamente	unfortunately	pero desgraciadamente estaba equivocado|but unfortunately he was wrong
tornar	to transform, turn	la rana se tornó en un príncipe|the frog transformed into a prince
africano	African	la exportación de animales salvajes de las junglas africanas es ilegal|the exportation of wild animals from African jungles is illegal
cuenca	socket, basin, bowl	tratando de reinsertar un ojo en la cuenca vacía de una muñeca|trying to reinsert an eye in the empty eye socket of a doll
viajero	traveler, passenger	es una guía turística para viajeros de fin de semana|he is a tour guide for weekend travelers
finalidad	purpose, aim	con la finalidad de llegar al mayor número de lectores posible|with the purpose of attracting the largest possible number of readers
fracasar	to fail, be unsuccessful	Amalia fracasó su clase de español por la segunda vez|Amalia failed her Spanish class for the second time
afrontar	to face, confront	los hombres deben afrontar las consecuencias de sus actos|men have to face the consequences of their actions
colorado	red, colored	entró de repente Gómez y me puse colorado como tomate|suddenly Gómez came in, and I turned beet red
asombro	amazement, astonishment	el grito se le murió en la garganta y quedó muda de asombro|the cry died in his throat and he was speechless with astonishment
callado	quiet, reserved	se quedó callado, no me contestó nada|he kept quiet; he didn’t reply at all
altar	altar	el sitio que en una basílica se reserva para el altar mayor|the place in a basilica that is reserved for the high altar
excepcional	exceptional, unusual	los enormes trastornos que ocasionó tan excepcional actividad solar|the enormous disruption caused the unusual solar activity
pescar	to fish	se iría al río a pescar truchas|he would go to the river to fish for trout
ideológico	ideological	el pluralismo ideológico es la esencia de la democracia|ideological pluralism is the essence of democracy
seminario	seminar, seminary	hicieron unos cursos aquí, en el seminario de estudios teológicos|they took a few courses here, in the seminary for theological studies
disputar	to dispute, contest	la elección se va a disputar entre profesionales|the election is going to be disputed among professionals
visual	visual	su combinación de drama, música y arte visual|its combination of drama, music, and visual art
instinto	instinct	yo sentí, con mi instinto femenino, que era sincero|I felt, with my feminine instinct, that he was sincere
reiterar	to reiterate, repeat	«No se preocupe», reiteró, «estamos para servirla».|“Don’t worry,” he repeated, “we are here to serve you.”
licenciado	graduate, lawyer	su área de formación, es licenciado en humanidades y lengua castellana|his training, he’s a graduate in humanities and the Spanish language
rapidez	speed, velocity	el tren se acercó con gran rapidez y tremendo ruido|the train approached with great speed and terrible noise
recinto	grounds, precincts	dentro de su recinto hay paseos, un lago y un riachuelo|inside their enclosure there are paths, a lake, and a stream
admiración	admiration	secretamente, sentía una mezcla de envidia y de admiración por Adolfo|secretly, he felt a mixture of envy and admiration for Adolfo
acusación	accusation, charge	Fabio se defendió de las acusaciones hacia su gestión|Fabio defended himself from the accusations against his management
editor	editor, publisher	en la reunión con los editores de periódicos de Canadá|in a meeting with the newspaper editors from Canada
fundador	founder	Colón fue el fundador de la primera colonia europea en América|Columbus was the founder of the first European colony in America
mediano	average, medium, ordinary	es de estatura mediana|he is of average height
indiferente	indifferent	puede ser que no le guste o . . . sea indiferente|it could be that he doesn’t like it or . . . is indifferent
software	software	siempre habrá software para Windows|there will always be software for Windows
adaptación	adaptation	Leo la adaptación y traducción de las obras originales al gallego.|I am reading the adaptation and translation of the original Spanish works.
joya	jewel, treasure	es una auténtica reliquia y una joya artística|it is an authentic relic and an artistic treasure
importación	import, importation	el tráfico internacional abarca la exportación y la importación|international trade encompasses exports and imports
trago	swig, drink	se bebió de un solo trago todo el refresco|he drank the whole soda in a single swig
radiación	radiation	La protección frente a la radiación ultravioleta incluye consultar el UVI.|Protection against ultraviolet radiation includes checking the ICU.
aportación	contribution, support	Gracias por su ayuda y su aportación a un mundo major.|Thanks for your help and contributions to a better world.
fortaleza	fortress, strength	el sitio la convirtió en una fortaleza impenetrable|the site had been converted into an impenetrable fortress
resumen	summary	éste es un resumen de una larga entrevista|this is a summary of a long interview
teatral	theatrical	Están llenas de vigor teatral y esplendores orquestales.|They are filled with theatrical vigor and orchestral magnificence.
posar	to rest, pose, land	cuidadosamente le posó las manos en los hombros|she carefully rested her hands on his shoulders
cuaderno	notebook, workbook	después me pasó el cuaderno de registros y firmé en él|later, he passed me the registry notebook and I signed it
piloto	pilot, driver	él quería ser piloto de Líneas Aéreas Paraguayas|he wanted to be a pilot for Paraguayan Airlines
oral	oral	Escuchó un diálogo oral entre dos personas de distintas lenguas.|He listened to an oral dialogue between two people in different languages.
moreno	dark, brown	No es ni pálido ni moreno, ni alto ni bajo.|He is neither pale nor tan, neither tall nor short.
furia	fury, rage	¡No estás obligado a nada!, dijo con furia inexplicable.|“You are not obligated to anything!” she said with inexplicable rage.
elaboración	production	la carne que se emplea en su elaboración es de pésima calidad|the meat used in its production is of poor quality
imprescindible	essential, indispensable	es absolutamente imprescindible contar con el transporte marítimo|it is absolutely essential to have maritime transportation
dinastía	dynasty	en la linaje del fundador de la dinastía de Tikal|the lineage of the founders of the dynasty of Tikal
entrever	to glimpse, guess	es la palabra que uno puede entrever a lo largo de todo el libro|it’s the word that one can glimpse throughout the book
liderazgo	leadership	muestra que son más críticos con el estilo de liderazgo de sus jefes|it shows that they are more critical of the leadership styles of their bosses
occidente	West	debo establecer un punto de encuentro entre el oriente y el occidente|I should establish common ground between the East and the West
tontería	stupidity, stupid thing	donde la ignorancia es felicidad, es tontería ser juicioso|where ignorance is bliss, it is foolish to be wise
sello	stamp, seal	¿Se vende sellos para postales aquí?|Do you sell postcard stamps here?
consolidar	to consolidate	le permitió consolidar su posición en una vida tranquila|it allowed her to establish herself in the quiet life
energético	energetic	La salsa energética es una muy dinámica actividad aeróbica.|The energetic salsa dance is a very dynamic aerobic activity.
déficit	deficit, shortage	pasamos por un problema económico que es el déficit financiero|we went through the problem of financial shortfall
trapo	rag, cloth	soy peor que un trapo de cocina, peor que los algodones sucios|I am worse than a kitchen rag, worse than a dirty cotton ball
concretamente	specifically, exactly	ninguno sabía concretamente en qué consistía la acción|nobody knew specifically what the action consisted of
senado	senate	defendieron los derechos de los maestros en el congreso y el senado|they defended the rights of teachers in the House and the Senate
argumentar	to argue, deduce	en los foros de discusión pueden argumentar las propias opiniones|they can argue in favor of their opinions in discussion forums
quinientos	five hundred	uno de quinientos y otro de mil|one of five hundred and another of one thousand
colgado	hanging	colgado al hombro llevaba un bolso|the man carried a bag over his shoulder
bachillerato	academic degree	terminé el bachillerato en la universidad, en Estudios Hispánicos|I finished my university degree in Hispanic Studies
clínico	clinical	teníamos que publicar los resultados del ensayo clínico|we had to publish the results of the clinical test
medieval	medieval	entrelazaba la vida de un personaje medieval con el mundo actual|it intertwined the life of a medieval character with the real world
iluminado	illuminated	el lugar estaba iluminado por una luz clara|the place was illuminated by a white light
respaldo	support, backing, back	perdió el respaldo de Rusia a causa de su neutralidad durante la guerra|he lost the support of Russia because of his neutrality during the war
entrenador	coach, trainer, manager	Así lo visualiza el entrenador de el equipo nacional.|The coach of the national team visualizes things that way.
rango	rank, range	el rango por sueldo es de $80–$100 por día|the range in salary is from $80 to $100 per day
sanitario	health, sanitary, clean	libre de impurezas de acuerdo con el certificado sanitario|free of impurities according to the health certificate
carbón	coal, charcoal	parece la entrada a una mina de carbón o a una cueva de tesoros|it looks like the entrance to a coal mine or a treasure cave
heredar	to inherit	mi madre heredó la casa de su padre|my mother inherited her father’s house
portal	website, portal, entrance	es un portal mexicano que recoge noticias de la web|it’s a Mexican website that gathers news from the web
sospecha	suspicion	vivió con la sospecha de que alguien lo observaba|he lived in suspicion that someone was watching him
diplomático	diplomatic	el presidente, los ministros y los diplomáticos extranjeros|the president, the ministers, and the foreign diplomats
trazar	to draw, trace	el bastón trazó un arco para señalar una dirección|the walking stick traced an arch to signal a direction
mozo	waiter, youth, bellboy	el mozo nos trajo un vaso y una botella|the waiter brought us a glass and a bottle
entusiasmar	to fill with enthusiasm, excite	la idea de irme a Madrid me entusiasma|the idea of going to Madrid excites me
polémica	polemics, argument	opté por ignorarlo para no iniciar polémica alguna con mis compañeros|I chose to ignore it so that I didn’t start an argument with my colleagues
máscara	mask	en el futuro necesitaremos máscaras de gas por la contaminación|in the future will need gas masks because of the pollution
persecución	pursuit, persecution	hemos sufrido persecución por la justicia y pérdida de la libertad|we have suffered persecution from the law and loss of liberty
aceptación	acceptance, approval	uno se contenta con la simple aceptación del destino|one is content with the simple acceptance of fate
adornar	to adorn, to decorate	unas rosas rojas adornan la mesa|some red roses adorn the table
aficionado	fan, devotee	se ha convertido en la «niña bonita» de los aficionados a la ópera|she as become the darling of opera fans
desviar	to deviate, divert, change	nada nos hará desviar del camino|nothing will make us deviate from the path
aliado	ally	cuando los aliados desembarcaron en Normandía en junio de 1944|when the Allies landed in Normandy in June of 1944
esfera	sphere, globe	está en las altas esferas de la política|he is in the highest political spheres
presionar	to press, pressure	manipuló los discos y palancas, presionó botones etc.|he handled the disks and levers, pressing buttons etc.
simpático	nice, likeable, friendly	era muy simpática, muy divertida y muy alegre|she was very likeable, very fun, and very happy
comerciante	merchant, businessperson	soy comerciante, vendo cortes de telas|I am a merchant, I sell lengths of cloth
candidatura	candidacy	había hecho su candidatura para la presidencia de los Estados Unidos|he had run his candidacy for the presidency of the United States
ratificar	to ratify	el congreso no ratificó el tratado de límites|congress did not ratify the boundary treaty
turco	Turkish	la tradicional ropa turca es muy bonita|traditional turkish clothing is very beautiful
chiquito	tiny	fue un buen cristiano que oraba desde chiquito|he was a good Christian who prayed since he was small
electricidad	electricity	sucesivamente, me cortaron el gas, la electricidad y el agua|they cut off my gas, electricity, and water in succession
culminar	to culminate, accomplish	el colapso del sistema feudal culminó con la derrota del clan Taira|the collapse of the feudal system culminated in the loss of the Taira clan
felicitar	to congratulate	te felicito y nos enorgullecemos por tus triunfos|I congratulate you and we are very proud of your triumphs
autorizar	to authorize, legalize	autoricé a mi novio para recoger mi hija|I authorized my boyfriend to pick up my daughter
mariposa	butterfly, wing nut	la cría de mariposas tropicales es su afición favorita|raising tropical butterflies is his favorite hobby
síntesis	synthesis	hago una síntesis de la suma de muchas ideas|I am making a synthesis from the sum total of a lot of ideas
concesión	awarding, concession	las medallas de los Juegos de Invierno del año 2002 a Salt Lake City|I attended the awards ceremony for the 2002 Winter Games in Salt Lake City
planteamiento	proposal, exposition	rechazo el planteamiento de dejar el trabajo y estar sin un centavo|I reject the proposal of quitting my job and being without any money
comodidad	comfort, convenience	la comodidad de un carro es muy importante|the comfort of a car is very important
parlamentario	parliamentary	la Constitución establecía un sistema parlamentario bicameral|the constitution established a bicameral parliamentary system
ladrillo	brick	se trataba de una moderna construcción de ladrillo rojo|it was a modern red brick building
prioridad	priority	anotaba temas para cuentos, en orden de prioridad|she used to write themes for stories, in order of priority
desplegar	to unfold, deploy	el ataque contra la URSS se desplegó desde el océano Glacial Ártico|the attack against the USSR was deployed from the Arctic Ocean
macho	male, manliness	las suricatas hembras son los líderes, y no los machos|the female meerkats are the leaders and not the males
flaco	thin, frail	ese perro está flaco y tiene mucha hambre|that dog is thin and terribly hungry
incómodo	uncomfortable	incluso estar alojando en saco de dormir, incómodo|even staying in a sleeping bag is uncomfortable
estímulo	stimulus, encouragement	un estímulo muy grande en nuestra sociedad es el dinero|a very big stimulus in our society is money
cumpleaños	birthday	para mi cumpleaños me regalaron un libro muy bueno|for my birthday they gave me a very good book
dieciséis	sixteen	tenía entonces dieciséis años y ninguna experiencia del mundo|he was sixteen years old then and with no world experience
campana	bell	sonó la campana para ir a comer|the bell rang to go to eat
navegar	to navigate, sail	buscan vientos para poder navegar a toda vela|they are looking for a wind to navigate at full sail
mojado	wet	no camines en la casa con zapatos mojados|don’t walk in the house with wet shoes
disimular	to disguise, hide, pretend	lo hice muy despacio, para disimular mi inquietud|I did it very slowly to hide my concern
laguna	lagoon	hay un total de 77 canales en el interior de la laguna|there is a total of 77 canals within the lagoon
sumergir	to submerge, plunge	para sumergir el submarino introducen agua en los tanques|they introduce water to the tanks in order to submerge the sumbarine
calendario	calendar	buscó un calendario del año siguiente, 1918, y marcó un día|he looked for a calendar from the following year, 1918, and marked a day
rito	rite, ritual	tuvimos que cumplir con el rito de la cena familiar los domingos|we had to keep up the ritual of having a family dinner on Sundays
muslo	thigh	me duelen los muslos después de hacer ejercicio|my thighs hurt after I excercise
despacio	slow, slowly	habla un poco más despacio por favor|speak a little more slowly please
ronda	round	serví una ronda de whisky y los miré|I served a round of whisky and I looked at them
enfermero	nurse	el enfermero pasó más tiempo conmigo que el doctor|the nurse spent more time with me than the doctor
generalizar	to generalize, popularize	en 1915, Einstein generalizó su hipótesis|in 1915, Einstein popularized his hypothesis
preferencia	preference	yo tenía preferencia por las letras y no por las ciencias|I had a preference for the arts, not for the sciences
delicioso	delicious, delightful, charming	prepararon un nuevo plato delicioso|they prepared a new delicious dish
soberanía	sovereignty	proporcionaban a Panamá la soberanía sobre la Zona del Canal|Panama was given sovereignty over the Canal area
enojar	to anger, annoy	debemos estar dispuestos a escuchar y ser lentos para enojarnos|we should be prepared to listen and be slow to get angry
aparente	apparent	no hay ningún tipo de cambio aparente o visible|there is no type of apparent or visible change
anónimo	anonymous	me siento anónimo; siempre soy un desconocido|I feel anonymous; I’m always a stranger
melodía	melody	evocada por la música, la melodía infinita del amor dulce y triste|evoked by the music, the infinite melody of sweet and sad love
variado	varied, mixed	hay muchas personas en muy variadas actividades|there are many people in a variety activities
prisionero	prisoner	los prisioneros son conducidos a prisión en rígido desfile|the prisoners are led to the prison in a rigid procession
lazo	bow, knot, tie, lasso	¿Te hago un lazo?|Shall I tie it in a bow?
tierno	tender, soft	me encanta el olor de pan tierno|I love the smell of fresh bread
blando	soft, limp, gentle	era un lecho nada de blando y nada de cómodo|the bed was neither soft nor comfortable
convencional	conventional	quiso que todo fuera convencional y en el viejo estilo|he wanted everything to be conventional and in the old style
ingresos	income, revenue	los ricos pagan poca o ninguna contribución sobre ingresos|the rich pay little or no property taxes on their income
pretexto	pretext, excuse	era sólo un pretexto para salir otra vez al mar|it was only an excuse to go to sea again
fatal	fateful, deadly, awful	lo que has hecho está fatal|what you have done is just awful
sujetar	to fasten, attach, hold	Es un pegamento para sujetar objetos metálicos.|It is a glue that bonds metal objects.
refugio	shelter, refuge	al mediodía obligaba a buscar refugio a la sombra|at noon I was forced to seek shelter in the shade
vena	vein	las venas transportan la sangre al corazón|veins carry blood to the heart
bautizar	to baptize, christen	su misión es decir misa y bautizar a los niños|his mission was to say mass and baptize the children
aplaudir	to clap, applaud	Comenzaron a aplaudir y a decir «¡Viva España!»|They began to applaud and say “Long live Spain!”
chocolate	chocolate	me enseñó a sopear galletas en chocolate caliente|she taught me to dunk my cookies in hot chocolate
hermana	sister	fue mi papá, fue mi hermana, fueron mis hijos, sino no fui yo|it was my father, it was my sister, it was my children, but it wasn’t me
siesta	siesta, afternoon nap	dormía una siesta hasta las cuatro|he took a nap until four o’clock
redactar	to edit, write, compose	piensa redactar el título de la obra|he is thinking about writing the title of his work
retorno	return	es un viaje sin retorno|it is a trip with no return
regular	regular	Es de forma regular, es decir, una estructura métrica.|It has a regular shape, that is to say, a metric structure.
vereda	path, sidewalk	mi madre siempre nos decía que teníamos que caminar por la vereda|my mom used to always tell us to walk on the sidewalk
ratón	mouse, rat	teníamos aquí en Disneylandia el Ratón Mickey|we had Mickey Mouse here in Disneyland
estructural	structural	un ingeniero estructural mide la vibración de los edificios|a structural engineer measures the vibration of buildings
administrador	administrator, manager	necesitan los servicios de un administrador profesional|they need the services of a professional manager
molesto	annoyed, bothered, upset	estaba molesto, enojado consigo mismo|he was annoyed, angry with himself
cobre	copper	Una mezcla de cobre y estaño creó bronce para un proyecto de arte.|A mixture of copper and tin created bronze for an art project.
hondo	deep	hay algo muy hondo que se conmueve por la música|there is something deep inside us that is moved by music
rígido	rigid, stiff, firm	siempre ha seguido un rígido vegetarianismo|he has always followed a rigid vegetarianism
desayuno	breakfast	esta mañana quiere el desayuno en la cama|this morning he wants breakfast in bed
paro	labor strike, attack	Frente al paro agrario, los líderes campesinos lograron acuerdos.|Dealing with the farming strike, the government and peasantry reached an agreement.
injusto	unfair, unjust	nos parece injusto y equivocado|it seems unfair and wrong to us
lanzamiento	launch, release	promovieron el lanzamiento de un teléfono de bajo coste|they promoted the launch of a low-cost telephone
actualizar	to update	te permite actualizar con un solo clic, y estar con las últimas tendencias|it lets you update with just one click so you can always be up on the latest trends
oportuno	opportune, timely	me pareció oportuno callarme|it seemed appropriate to keep quiet
alfombra	rug, carpet, mat	desplegó la alfombra sobre el suelo|he spread out the rug on the floor
sexto	sixth	Katherine Parr, la sexta y última esposa de Enrique VIII|Katherine Parr, the sixth and last wife of Henry VIII
diecisiete	seventeen	cuando se quería casar con ella, ella solamente tenía diecisiete años|when he wanted to marry her, she was only seventeen years old
retornar	to return, give back	día tras día retornaba al mismo sitio, esperando encontrarla|day after day he returned to the same site, hoping to find her
mosca	fly (insect)	hay tantas moscas en el pantano|there are so many flies in the swamp
contradicción	contradiction	su verdadero carácter estaba en contradicción con su conducta|her true character was in contradiction with her conduct
sucesivo	successive, following	estudió por tres días sucesivos|he studied for three consecutive days
falla	flaw, failure	a pesar de sus fallas, a pesar de las limitaciones|in spite of his flaws, in spite of the limitations
prevención	prevention, warning	el control y la prevención de problemas cardiovasculares|the control and the prevention of cardiovascular problems
amargo	bitter, sour, painful	la ausencia de azúcar le había dejado un sabor amargo|the absence of sugar had left a bitter taste
psicología	psychology	a explorar la psicología, la mentalidad de ese hombre|to explore the psychology, the mindset of this man
pesca	fishing	la alcaldía prohibió la pesca de carpa y el uso recreativo del lago|City Hall banned carp fishing and the recreational use of the lake
madrileño	from Madrid	estos autores afincados en la capital madrileña no perecerán|those authors living in the capital of Madrid will not die out
clínica	clinic	si no es serio, no vayas a su doctor normal, sino a una clínica local|if it isn’t serious, don’t go to your normal doctor, but rather to a local clinic
liceo	high school	estudian en el mismo Liceo|they study at the same high school
verbo	verb	no distingue el sujeto del predicado, un verbo de un adjetivo|it doesn’t distinguish the subject of the predicate, a verb from an adjective
lecho	(river) bed, couch	es el lecho donde siempre me duermo|it is the bed where I always fall asleep
encaminar	to head for, guide	se levantó y se encaminó a la puerta|she got up and headed for the door
agradar	to please	podría estudiar piano, ya que me agrada la música|I could study piano, since music is pleasing to me
asesor	adviser, consultant	el dirigente de la CIA y el principal asesor del presidente|the leader of the CIA and the president’s main adviser
sutil	subtle	ella es capaz de percibir una sutil diferencia entre ambos sonidos|she is able to detect a subtle difference between the two sounds
pescado	fish	una especie de sopa de pescado con muchos mariscos|a kind of fish soup with lots of seafood
dulce	candy, sweets	porque le encantan los dulces, es un poco gordo|because he loves sweets, he is a little fat
soporte	support, endorsement	el mismo apoyo y el mismo soporte económico|the same support and economic backing
fachada	façade, front of building	está pintada la escena en la fachada de la casa|the scene is painted on the façade of the house
ciertamente	certainly, indeed	y si había otra persona, ciertamente no era López|and if there was someone else, it certainly wasn’t Lopez
asentar	to settle, establish, locate	se asentaron en estos valles en el siglo XVIII|these valleys were settled in the 18th century
automático	automatic	Salió antes de ser pulverizado por el sistema automático de regadera.|He left before being sprayed by the automatic watering system.
dañar	to damage	el cigarrillo te va a dañar los pulmones|cigarettes are going to damage your lungs
cuartel	quarters, barracks	me trasladé al cuartel de policía|I moved to police quarters
salvaje	wild, savage, uncultivated	ésos son animales salvajes y ésos son domésticos|those are wild animals and those are domesticated
atardecer	evening, dusk	el atardecer en la playa es romántico|dusk at the beach is romantic
parcial	partial, biased	todavía necesita decidir la exclusión total o parcial|he still needs to determine the total or partial exclusion
arroyo	brook, stream, gutter	cerca de un arroyo que pasa entre los árboles|near a stream that goes through the trees
sendero	(foot) path	camina el sendero de piedra a la residencia|she walks the stone path to the house
abandono	abandonment, desertion	Castigan con severidad los delitos como la explotación de niños.|They severely punish crimes such as child exploitation.
lamentablemente	regrettably	lamentablemente, mis dificultades idiomáticas me limitan|regrettably, my idiomatic difficulties limit me
simpatía	sympathy, affinity	nos mirábamos con simpatía porque nos entendíamos|we looked at each other with sympathy because we understood each other
holandés	Dutch	conservador jefe de pinturas holandesas|chief curator of Dutch paintings
prenda	piece of clothing	encontró las llaves en alguna prenda de su ropa|he found the keys in a piece of his clothing
verificar	to verify	sacó su boleto para verificar el número de su butaca|he took out his ticket to verify the number of his seat
aplauso	applause, praise, acclaim	recibió el aplauso y la admiración de la gente|he received praise and admiration from the people
espada	sword	ese hombre murió con la espada en la mano|that man died with a sword in his hand
legislador	legislator	saludó a todos los legisladores de distintas fuerzas políticas|he greeted the legislators from differing political parties
modalidad	mode, manner	el Tai Chi Chuan es una modalidad de las artes marciales chinas|The Tai Chi Chuan is a form of Chinese martial art
atracción	attraction	la atracción mutua los llevó a darse el primer beso|mutual attraction led to their first kiss
caos	chaos	el desarrollo mundial hoy es un caos, una anarquía|world development today is in chaos, anarchy
queja	complaint	llegaban a la alcaldía para presentar sus quejas y sus demandas|they came to City Hall to present their complaints and demands
denso	heavy, dense, thick	el aire denso del trópico casi me asfixia|the dense tropical air is almost suffocating
embajador	ambassador	es nuestro embajador en las Naciones Unidas|he is our ambassador to the United Nations
motivación	motivation	la principal motivación que tiene es la venganza|the main motivation he has is revenge
presenciar	to be present at, witness	entraron para presenciar la ceremonia|they came to witness the ceremony
oxígeno	oxygen	los organismos aerobios necesitan respirar oxígeno|aerobic organisms need to breath oxygen
representativo	representative	fue reconocido como el único gobierno representativo de China|he was recognized as the sole government representative of China
terapia	therapy	Esta terapia se considera como la forma más segura de tratamiento.|This therapy is considered to be the safest treatment.
sindical	labor union	controla relaciones laborales y en el sistema sindical|he monitors labor relations and the union organization
maquinaria	machinery	lo fabricamos con maquinaria automática|we made it with automatic machinery
crudo	raw, crude, natural	Prefiero los pimientos crudos en mi ensalada.|I prefer raw peppers on my salad.
fabricación	manufacture, production	el material podría ser empleado para la fabricación de armamento nuclear|the material could have been used for the manufacture of nuclear weapons
legítimo	legitimate	dijo que jamás iba a abandonar a sus hijos|he said that he would never abandon his children
indiferencia	indifference	Carlos la miró con la indiferencia superior de veterano|Carlos looked at her with the superior indifference of a verteran
almacenar	to store, keep	es posible almacenar grandes cantidades de información en un espacio tan pequeño|it’s possible to accumulate large amounts of information in a small space
decorar	to decorate	ya estamos preparando para decorar la casa con aires navideños|we are already getting ready to decorate the house for Christmas
envidia	envy	no podía dejar de sentir envidia al ver la suerte de su prima|he couldn’t help but feel envy at seeing his cousin’s luck
reponer	to replace, restore	la muchacha reponía mercaderías en los espacios vacíos|the young woman replaced the merchandise in the empty spaces
obligatorio	obligatory, compulsory	respeto el uso obligatorio del cinturón de seguridad|I respect the obligatory use of seat belts
disolver	to dissolve	El azúcar se disolvió en agua.|The sugar dissolved in the water.
bestia	beast, brute	estás actuando como una bestia|you are acting like a brute
etiqueta	label, etiquette	la etiqueta tiene instrucciones de uso y mantenimiento|the tag has instructions for use and maintenance
restar	to subtract, minimize	sabía sumar, restar, multiplicar y dividir|he knew how to add, subtract, multiply, and divide
destrozar	to rip/break into pieces	las ramas agudas le destrozaban las ropas|sharp branches ripped their clothes
matemática	mathematics	La matemática no era muy fácil para algunos.|Mathematics was not very easy for some.
incertidumbre	uncertainty	la incertidumbre de la economía me hace preocupado|the uncertainty of the economy makes me anxious
aula	classroom	pueden enseñarse en el aula lectura, escritura, aritmética|reading, writing, and arithmetic can be taught in the classrom
suavemente	softly	lo mecía suavemente para que no fuese a llorar|she rocked him gently so he wouldn’t cry
saludable	healthy, wholesome	Ignacio era un hombre fuerte y sano|Ignacio was a strong and healthy man
otoño	autumn	pasaré aquí la primavera y el verano y regresaré en el otoño|I will spend the spring and summer here and I will return in autumn
planificación	planning, design	cuestiona la falta de planificación en los planes de gobierno|he questions the lack of planning of government plans
caricia	caress, stroke	tengo que aprender a vivir sin sus besos, sus caricias, sus abrazos|I have to learn to live without her kisses, caresses, and hugs
triunfar	to triumph	triunfó sobre su oponente en el concurso|he triumphed over his opponent in the contest
agrupar	to (put in) group	los pingüinos se agrupan en 8 especies y 6 géneros|penguins are grouped into 8 species and 6 genera
territorial	territorial, regional	en contra de la soberanía territorial de China|against the territorial sovereignty of China
trágico	tragic	luego fue el trágico accidente del helicóptero|later there was a tragic helicopter accident
libra	pound (money/weight)	la modelo anoréxica pesaba sólo 90 libras|the anorexic model only weighed 90 pounds
ambición	ambition	La ambición del poder es la gran debilidad del ser humano.|Ambition for power is the great weakness of human beings.
navidad	Christmas	¿A dónde vamos a celebrar la navidad y el año nuevo?|Where are we going to celebrate Christmas and New Year’s Eve?
cruce	crossing, intersection	somos un estado que está en el cruce de intereses estratégicos|we are a state that is at the intersection of strategic interests
vicio	vice, bad habit, defect	el fumar es el único vicio que me queda|smoking is the only bad habit I still have
escudo	shield, coat of arms	el escudo familiar está pintado en la puerta|the family coat of arms is painted on the door
alternativo	alternating, alternative	unos períodos alternativos de tristeza y alegría|some alternating periods of sadness and joy
asiático	Asian, Asiatic	El elefante asiático es más pequeño que su pariente africano.|The Asian elephant is smaller than its African cousin.
potente	potent, powerful	es un auto potente con una velocidad impresionante|it is a powerful car with an impressive speed
inquieto	restless, anxious	pero en el fondo me siento inquieto, incómodo|but underneath it all I feel restless, uncomfortable
manga	sleeve	limpió la boca con la manga de la blusa|she wiped her mouth with the sleeve of her blouse
empeñar	[se] to insist on	un oficial de policía que se empeñaba en prenderlo|a police official that insisted on arresting him
revelación	revelation	me asustó la revelación de su identidad real|I was shocked by the revelation of his true identity
bahía	bay	la playa formaba parte de una hermosa bahía|the beach was part of the beautiful bay
corbata	tie, sash	Sí, tienes que llevar una corbata a la entrevista.|Yes, you have to wear a tie to the interview.
azar	random, chance, hazard	no dejamos nada al azar, nada que comprometiese nuestros planes|we left nothing to chance, nothing that could compromise our plans
piedad	pity, mercy	para castigar sin piedad al enemigo|to punish the enemy without mercy
vasto	vast, immense, huge	vi una vasta montaña en la distancia|I saw a huge mountain in the distance
virtual	virtual, potential	En esta tienda virtual se pueden encontrar las mejores ofertas.|In this virtual store you can find the best sales.
fuga	flight, escape	Marta soñó de nuevo con la fuga de sus pájaros|Martha dreamed again of her birds’ escape
magnitud	magnitude, extent	salieron de sus casas, para ver toda la magnitud del desastre|they left their houses to see all the extent of the disaster
determinación	determination	ella lo rechazó con una determinación inflexible|she turned him down with inflexible determination
mensual	monthly	Da clases con frecuencia variable (semanal, mensual y anual).|He gives classes with varying frequency (weekly, monthly, and annually).
regulación	adjustment, regulation	la regulación hecha por diferentes gobiernos que favorecía el desarrollo|the laws made by different governments that favor development
coordinación	coordination	una muestra de la coordinación entre los gobiernos Federal y estatal|an example of the coordination between the federal and state governments
ético	ethical	discutieron muy poco sobre el aspecto ético de la cuestión|they discussed very little about the ethical aspect of the matter
dueña	landlady, owner (f)	la dueña del teatro era una mujer muy bien vestida|the owner of the theater was a very well-dressed woman
propaganda	advertising, propaganda	una fuerte campaña de propaganda ideológica|a strong ideological advertising campaign
madurez	maturity, ripeness	Supone que la madurez implica aceptar responsabilidades.|He assumes that maturity means accepting responsibilities.
terraza	terrace, balcony	estaba en esa terraza suspendida que tenía vista al mar|it was on that hanging terrace that had an ocean view
pistola	gun, pistol	tener una pistola es ilegal en lugares públicos|having a gun in public places is illegal
túnel	tunnel	hay, pues, una luz al final del túnel|well, there is a light at the end of the tunnel
hondureño	Honduran	para evitar que la violencia se acreciente en el territorio hondureño|to avoid the growing violence in the Honduran territory
identificación	identification	Es un objetivo relacionado con la identificación de genes.|It is an objective related to gene identification.
contribución	contribution	había tenido una contribución importante a la ciencia médica|it had been an important contribution to the medical science
demorar	to delay, take time	demoró un día entero en decidirse|he took an entire day to decide
desatar	to untie, unleash, spark off	quiere desatar el perro que está atado al árbol|he wants to unleash the dog that is tied to the tree
evangelio	gospel	a predicar el Evangelio, a sanar enfermos, a echar fuera demonios|to preach the gospel, heal the sick and cast out devils
narcotráfico	drug trafficking	el narcotráfico, al legalizar la marihuana, disminuiría|drug trafficking will diminish with the legalization of marijuana
choque	crash, collision	¿Viste las fotos del choque de meteoritos con la luna?|Did you see the photographs of the meteorite collision with the moon?
plenamente	fully	y en esto coincidía plenamente con su amigo|and in this he agreed fully with his friend
llanura	plain, prairie, plainness	la llanura china está rodeada de montañas por el norte y el oeste|the Chinese prairie is surrounded by mountains at the north and the west
inscribir	to register, record	Moisés debió inscribir en sus tablas los diez mandamientos|Moses had to record the ten commandments on his tablets
trama	plot, theme	no me interesó la trama de esa película|the plot of that movie doesn’t interest me
satélite	satellite	Las señales de comunicación vía satélites pueden intervenir fácilmente.|Comunication signals from satellite can easily interfere.
rastro	track, sign, flea market	la viuda desapareció un día sin dejar un rastro|the widow disappeared one day without leaving a trace
cirugía	surgery	11% para pacientes sometidos a cirugía abdominal|11% of the patients who undergo abdominal surgery
reportar	to bring, report	Los miembros de los comités reportan lo discutido en las reuniones.|Committee members report whatever is discussed in the meetings.
retomar	to retake, restart	intenté retomar la lectura, pero no lo logré|I tried to resume reading, but I couldn’t do it
timbre	doorbell, bell, seal, stamp	tocó el timbre y esperó; nadie contestaba|he rang the doorbell and waited; nobody answered
asco	disgust	decían obscenidades que le daban miedo y asco|they used to say obscenities that would scare and disgust her
niñez	childhood, infancy	¿Cómo era la vida durante tu niñez? // ¡Muy linda!|How was life during your childhood? // Delightful!
conmover	to move, affect	Tiene la oportunidad de conmoverse hasta las lágrimas.|He has the chance of moving others to tears.
enredar	to entangle, ensnare	se enredó en torno a vagas conjeturas|she was entangled in vague speculations
ligeramente	slightly, lightly	habla con acento ligeramente extranjero|she speaks with a slightly foreign accent
abstracto	abstract	era la figura clave del expresionismo abstracto norteamericano|key figure of North American abstract expresionism
actriz	actress	veíamos a la actriz actuando junto al actor|we used to see the actress performing with the actor
estremecer	to shake, tremble	es el primer soplo de viento que estremece a la flor|it’s the first breath of wind that makes the flower tremble
dominante	dominant, prevailing	se transformó en la forma del budismo dominante en el Tíbet|it became the dominant form of Buddhism in Tibet
redacción	editing, wording, essay	hace la redacción de los manuscritos científicos|he does the editing of the scientific manuscripts
tejer	to sew, weave	aprendió a tejer redes muy confiables|he learned to weave very reliable nets
resbalar	to slip	se resbala y cae sobre la vereda|he slips and falls on the sidewalk
inundar	to flood, inundate	la lluvia inundó la mitad de la ciudad|the rain flooded half of the city
disparo	shot, discharge	Suena un disparo. ¡Ten cuidado!|It sounds like a gun shot. Be careful!
bendición	blessing, benediction	un paso tan absurdo, no tendría la bendición de Dios|such an absurd step would not be sanctioned by God
capacitación	training	la oportunidad de recibir cursos de capacitación sobre diversos temas|the opportunity to receive training courses in different subjects
pollo	chicken	en Cuba se come mucho la sopa de pollo, y la sopa de res|in Cuba they eat a lot of chicken soup and beef soup
obligado	obliged, required	no me siento obligado ni responsable|I do not feel obligated nor responsible
pez	(alive) fish	en las costas de Maine, pescaban el pez espada|on the coasts of Maine, they fish for swordfish
tortura	torture	Algunas veces, el amor es como la tortura en el corazón.|Sometimes, love is like torture inside your heart.
párpado	eyelid	Abrí los párpados y vi a Dorothy.|I raised my eyelids and saw Dorothy.
ofender	to offend	se ofendió como si la hubiera insultado|she was offended as if he had insulted her
datar	to date	según un primer estudio de los forenses, podría datar del siglo XIX|according to preliminary forensic study, it could date back to the 19th century
minoría	minority	la Unión de Sudáfrica, dominada por una minoría blanca|the South African Union, dominated by a white minority
diminuto	diminutive, tiny, minute	una anciana regaba concienzudamente su diminuto jardín|an old woman painstakingly watered her tiny garden
cómplice	accomplice	a quien acusó de ser cómplice del terrorismo internacional|whom she accused of being an accomplice to international terrorism
continuidad	continuity	¿Por qué hay una falta de continuidad en sus trabajos?|Why is there a lack of continuity in your work?
anticipar	to anticipate, advance	anticipó horas difíciles si sigue lloviendo|he anticipated a difficult time if it continued raining
situado	situated, located	la casa del cura estaba situada cerca de la iglesia|the priest’s house was located near the church
agresión	aggression, attack	Estaba tranquilo ante la nueva agresión japonesa contra China.|It was peaceful before the new Japanese attack against China.
complementar	to complement, supplement	son la pareja perfecta, que se complementan|they are the perfect pair, they complement each other
toma	outlet, dose, making	Se puede decir que su lucha es por la toma del poder.|It can be said that their fight is to take over power.
énfasis	emphasis	quería poner énfasis en sólo uno de los aspectos|he wanted to put emphasis on only one of the aspects
foco	focus	constituyen, por así decirlo, el foco de atracción principal|they made up, so to speak, the focus of the main attraction
cadera	hip	le dolía la cadera cuando caminaba muy rápido|her hip used to hurt when she walked very fast
rata	rat	el gato es apreciado como cazador de ratones y ratas|the cat is valued as a hunter of rats and mice
desempleo	unemployment	el desempleo, despidos masivos por falta de ventas|unemployment, massive layoffs due to loss of sales
ademán	gesture, expression	hizo un ademán con la mano y me dijo que podía retirarme|he gestured with his hand and told me I could leave
soplar	to blow (wind)	Ha sido quince días de soplar un viento norte asfixiante.|It has been fifteen days of a suffocating north wind blowing.
exilio	exile	se hace más de medio millón de cubanos en el exilio|there are more than half a million Cubans in exile
mudar	to move, change	aguantó el criticismo sin mudar de expresión|he endured the criticism without changing his expression
horno	oven, furnace	hay pan fresco en el horno|there is fresh bread in the oven
átomo	atom	las moléculas están formadas por unión de átomos de varios elementos|molecules are formed by the union of atoms of different elements
nadar	to swim	ese chico no sabía nadar bien y casi se ahogó|that boy didn’t know how to swim well and he almost drowned
ecológico	ecological, organic	era de resurgimiento de la medicina natural y ecológica, sin químicos|the revival of natural medicine and ecology, without chemicals
relieve	relief; poner de r.: to emphasize	una historia que pone de relieve el concepto de honor|a story that emphasizes the concept of honor
tímido	timid, shy, half-hearted	soy muy tímida y no me atrevo a abordarlo por la calle|I am very shy and I don’t dare to approach him in the street
sopa	soup	la arrojó sobre una olla gigante de sopa de pollo hirviendo|he threw it in a gigantic pot of boiling chicken soup
ignorancia	ignorance	mi ignorancia del inglés no me permitía hablar|my ignorance of English wouldn’t allow me to speak
sudar	to sweat	ella sudó durante toda la noche y tuvo escalofríos|she sweat during the whole night and had chills
algodón	cotton	Duerme en un camisón de algodón.|She sleeps in a cotton nightgown.
respaldar	to back, support, endorse	la Internet puede contribuir a difundir y respaldar valores democráticos|the Internet can help spread and support democratic values
modesto	modest, humble	como si eso fuese poco; era modesta, carente de estilo|as if that were not enough; it was modest, lacking in style
prado	meadow, field, lawn	ves aquí un prado lleno de verdura|you see here a meadow filled with vegetation
mercancía	goods, merchandise	se volvió comerciante para llevar mercancías a lejanos puertos|he became a merchant to carry goods to faraway ports
insoportable	unbearable, intolerable	experimentó una insoportable sensación de angustia|he experienced a feeling of unbearable anguish
programación	programming, scheduling	puede escuchar toda la programación de Radio Caracas|you can listen to all the programming of Radio Caracas
comunitario	of the community	la existencia individual y comunitaria de las personas|the individual and communal existence of people
asesino	killer, assassin	el asesino fue detenido y sentenciado a 40 años en la prisión|the killer was arrested and sentenced to 40 years in prison
insulto	insult	la oferta actual es un insulto|the present offer is an insult
temblor	tremor, shudder, shiver	habló con un ligero temblor en la voz|she spoke with a slight tremor to her voice
inconveniente	inconvenience, drawback	las ciudades grandes tenían el inconveniente de mucho tráfico|big cities had the inconvenience of lots of traffic
vigilancia	surveillance, vigilance	su casa quedaría sin vigilancia y era seguro que alguien entraría|his house would be without surveillance and he was sure that someone would get in
exagerar	to exaggerate	Tiene una tendencia natural a exagerar el dramatismo de los sucesos.|He has a natural tendency to exaggerate the drama of events.
circo	circus	el rey del circo es el payaso|the king of the circus is the clown
indudablemente	doubtless, undoubtedly	estoy loca; indudablemente ¡lo estoy!|I’m crazy, undoubtedly, I am!
aludir	to allude to	Aludió al hecho que todavía no he pagado la cuenta.|He alluded to the fact that I still hadn’t paid the bill.
vanguardia	vanguard, forefront	hablé de la vanguardia con los artistas jóvenes|I spoke of the cutting edge with the young artists
tentación	temptation	no resistí la tentación de tentarle con una tequila|I didn’t resist the temptation of tempting him with a tequila
encargado	manager, person in charge	¿Quien está encargado de aseguramiento de la calidad?|Who is in charge of quality control?
bacteria	germ, bacteria	como es el caso de los virus y de algunas bacterias y parásitos|as is the case with viruses and some bacteria and parasites
injusticia	injustice	soy una mujer ante la adversidad, contra la injusticia y la tiranía|I am a woman facing adversity, against injustice and tyranny
miserable	wretched, miserable	¡Era un ser miserable, siempre está de mal humor!|He was a miserable person, always in a bad mood!
materno	maternal	utilizó los apellidos paterno y materno para firmar sus obras|he used his maternal and paternal last names to sign his works
entrevistar	to interview	pude entrevistar a Penélope para ABC|I was able to interview Penelope for ABC
vago	vague	ofrece sonrisas y vagas promesas de amor|he offers smiles and vague promises of love
matiz	shade, tint, nuance	Busco un vestido en un matiz elegante.|I am looking for a dress in an elegant shade.
mármol	marble	quiero ver las esculturas de mármol|I want to see the marble scupltures
narración	narration, account	era una narración, un relato|it was a narration, a story
propiamente	exactly, properly	el razonamiento es una característica propiamente humana|reason is strictly a human characteristic
batería	battery, gun deck	se descargó la batería del carro|the car battery went dead
apretado	tight, jammed	hablaba con un cigarrillo apretado entre los labios|he spoke with a cigarette stuck between his lips
supuestamente	supposedly, allegedly	esa sensibilidad que supuestamente tiene que tener la gente|that sensitivity that people supposedly have to have
fascinar	to fascinate	me fascina las constelaciones en la oscuridad del cielo|the constellations of the night sky fascinate me
tapa	cover, lid	abrió la tapa de una pequeña caja de cartón|he opened the lid of a small cardboard box
bailarín	dancer	salió de puntillas como un bailarín|she left on tiptoe like a dancer
provincial	provincial	depende de la administración federal, provincial y municipal|it depends on the federal, state, and local administration
delegación	delegation	cada delegación podrá estar compuesta de hasta 30 representantes|each delegation will be composed of up to 30 representatives
descenso	decline, descent, lowering	Es el principal agente de descenso de la población.|It is the main agent of population decline.
furioso	furious	se irguió furioso, ofendido y cobarde|he rose furious, offended, and cowardly
viuda	widow	ella es la viuda del hombre desaparecido|she is the widow of the missing man
restricción	restriction	mediante la regulación y restricción de su comercio|through the regulation and restriction of his business
socialismo	socialism	el socialismo puro, gobernará por completo nuestra vida|pure socialism will govern our lives completely
probabilidad	probability	hay una probabilidad del 95 por ciento de que sea así|there is a 95% probability that it is like that
afortunadamente	luckily, fortunately	afortunadamente mi mamá me ayuda mucho|fortunately my mother helps me a lot
exitoso	successful	Estamos agradecidos por la exitosa conclusión de los proyectos.|We are grateful for the successful completion of the projects.
venganza	revenge, vengeance	¿Eso es justicia o . . . venganza?|Is that justice . . . or revenge?
albergar	to lodge, harbor	Tiene la capacidad para albergar cuatrocientos cuarenta personas.|It has the capacity to lodge four hundred and forty people.
corporal	of the body, corporal	su temperatura corporal depende de la temperatura ambiental|his body temperature depends on the temperature of the environment
embajada	embassy	la embajada japonesa sufrió varios ataques terroristas en Lima|the Japanese embassy suffered several terrorist attacks in Lima
aspiración	ambition, aspiration	su mayor aspiración es hacerse presidente|his greatest aspiration is to become president
serpiente	snake	otros reptiles eran las serpientes y los lagartos|other reptiles were the snakes and the lizards
ordenado	organized, clean	me convierte en un ser meticuloso, ordenado, responsable, eficiente|it changed me into a precise, organized, responsible, and efficient human being
revolver	to stir, mix, scramble	quisiera revolver la gran olla puesta sobre el fuego|I would like to stir the large pot set over the fire
sinceramente	sincerely	sinceramente, me preocupa que ustedes no sepan|sincerely, it worries me that you don’t know
preceder	to precede	la reflexión debe preceder a la acción|reflection should precede action
dramático	dramatic	el final de la comedia fue dramático|the end of the comedy was dramatic
repleto	full, overcrowded	Es un estante repleto de pesados libros.|It is a shelf full of heavy books.
singular	single, singular	¿Es la palabra «couple» singular o plural?|Is the word “couple” singular or plural?
paralizar	to paralyze	está dispuesto a paralizar impulsos, y reducir energías|he is ready to paralyze impulses and reduce energy
violín	violin	era el mejor violín de la tienda, un hermosísimo Stradivarius|it was the best violin in the store, a beautiful Stradivarius
vegetación	vegetation	la vegetación era vasta, inclusiva de las más diversas y exóticas plantas|the vegetation was vast, including the most diverse and exotic plants
expedición	expedition	Perry dirigió una expedición naval en la bahía de Edo|Perry directed a naval expedition in Edo Bay
gira	tour	el Presidente tuvo que posponer una gira muy importante a México|the President had to postpone a very important tour to Mexico
librería	bookstore	este libro lo adquirimos en una librería|we purchased this book at a bookstore
fabuloso	fabulous, fantastic	Está pensando en lo que compraría con su fabuloso tesoro.|He is thinking about what he would buy with his fabulous treasure.
reclamo	claim, complaint, protest	preferí no responder, ni darle importancia al reclamo de mi madre|I preferred not to answer, or to attach importance to my mother’s complaint
gama	range, musical scale	pueden producir una gama de tonos|they can produce a range of tones
delincuente	delinquent	hay delincuentes que se escudan en la institución policial|there are criminals that hide behind the police establishment
ladrón	thief	el ladrón fue conducido a la comisaría de policía|the thief was taken to the police station
comunicado	statement, announcement	publicó un nuevo comunicado de prensa|he published a new press release
acentuar	to accent, stress	tomar un modelo real y acentuar sus rasgos|draw a real model and accent its features
fotógrafo	photographer	el fotógrafo enfocaba su cámara desde distintos ángulos|the photographer focused his camera from different angles
bicicleta	bicycle	una chica pasa en bicicleta por la ruta|a girl on a bicycle passes by on the path
lana	wool	en diciembre hacía frío y había que vestirse de lana|in December it was cold and he had to wear wool
específicamente	specifically	adaptado específicamente a las personas con discapacidades|specifically adapted for disabled people
reparar	to repair, restore	Tiene que trabajar el doble para reparar los daños.|He has to work double to repair the damages.
inscripción	inscription, registration	En la roca hay una inscripción de escritura jeroglífica, demótica y griega.|On the rock there is an inscription in hieroglyphics, demotic, and Greek.
distante	distant, far, remote	siempre recuerda de su pasado distante cuando era niño|he would always remember his distant past as a child
tinta	ink	con una pluma fina y la misma tinta negra, escribió su nombre|with a fine pen and the same black ink, he wrote his name
psicólogo	psychologist	el psicólogo ayuda a los pacientes a comprender mejor sus problemas|the psychologist helps patients to better understand their problems
ética	ethics	Tiene un fanatismo por la moral, la ética y la perfección.|He has an obsession for morality, ethics, and perfection.
ansioso	anxious, eager	me dejó con cierto nerviosismo y ligeramente ansioso|he left me with a certain nervousness and slightly anxious
comportar	to behave	se comportaba como si fuese dueña de casa|she behaved as if she were the owner of the house
comisario	commissioner, delegate	el comisario ordenó que se le tomase vivo|the commissioner ordered that they would take him alive
consagrar	to consecrate, establish	se prometió consagrar su vida a la virtud|the promise was made to consecrate his life to virtue
incidente	incident	surgió un incidente, así de momento, que no estaba planeado|an incident arose, suddenly, which had not been planned
remontar	to go back to (time)	su origen se remonta al principio del siglo|its origin goes back to the beginning of the century
monstruo	monster, monstrosity	hicieron máscaras imitando feos monstruos|they made masks portraying ugly monsters
ceja	eyebrow, brow	el pelo sin peinarse, y cejas pobladas bajo una frente estrecha|uncombed hair, and bushy eyebrows under a narrow forehead
profeta	prophet	Mahoma (c.570–632), principal profeta del Islam|Muhammad (c.570–632), the main prophet of Islam
arriesgar	to risk, venture	decidió arriesgar todo con tal de salvar a su amada|he decided to risk everything so that he could save his beloved
nativo	native	¿Eres hablante nativo de español?|Are you a native Spanish speaker?
culto	cultured, educated	un gobierno quiere que la gente sea culta|a government wants its people to be educated
razonable	reasonable	usted es un hombre razonable, así uno se puede entender sus razones|you are a reasonable man, so one can understand your reasons
seña	sign, mark, seal	le hace señas para que se acerque a su auto|she made gestures so that he would approach her car
confesión	confession, admission	no era indispensable promesa, ni confesión de amor|it wasn’t an indispensable promise, nor an admission of love
capilla	chapel	hacen abrir la capilla para rezar|they made them open the chapel so they could pray
autobús	bus	el autobús llegará en 15 minutos|the bus will arrive in 15 minutes
entrenar	to train	teníamos que entrenar con el equipo 4 horas por día|we had to practice for 4 hours a day with the team
atar	to tie (up)	ataron el perro al árbol por cinco minutos|they tied the dog to the tree for five minutes
rigor	harshness, rigor	se les aplica el rigor de la ley|they fall under the severity of the law
tolerar	to tolerate, put up with	no toleraba sus injusticias|he didn’t put up with their injustices
asalto	assault, robbery	hubo un asalto a mano armada en esa tienda anoche|there was an arrmed robbery at that store last night
complacer	to please, satisfy	me complace creer que le inspiró|I am pleased to think it inspired him
bigote	mustache	no se permite tener bigotes ni barbas en esta oficina|they don’t allow you to have mustaches or beards in this office
noción	notion, idea	tiene noción de dejar el trabajo y viajar|he has the notion of quitting his job and traveling
esforzar	to make an effort, exert oneself	se esforzaba pero no podía avanzar más allá|he made an effort, but could not advance any farther
trono	throne	el trono de España pasó a la Casa de Borbón|the throne of Spain was passed to the House of Bourbon
cerdo	pig, sow, slob	come como un cerdo|he eats like a pig
frustrar	to frustrate, prevent	La muerte de Heriberto no pareció frustrar el amor de mi tía.|The death of Herbert didn’t seem to discourage my aunt’s love.
espantar	to scare, frighten	los cascabeles se utilizaban para espantar a los malos espíritus|the bells were used to scare off evil spirits
seguimiento	follow-up	hay que hacer un seguimiento del club, con sus proezas y sus fallos|we must do a follow-up of the club, with its achievements and failures
ritual	ritual, rite	libres del dogma religioso, ritual, y rezos|free from religious dogma, rituals, and prayers
bondad	goodness, kindness	Describió el cariño de su alma apasionada, llena de bondad y dulzura.|He described her warm and passionate soul, full of goodness and sweetness.
espantoso	frightening, dreadful	tengo espantoso miedo de ser como ella|I have a dreadful fear of being like her
autorización	authorization	hicieron una reproducción sin la autorización de la mujer|they did a reproduction without the woman’s authorization
vano	vain, useless	toda mi vida habrá sido vana y sin sentido|my whole life will have been in vain and without meaning
conde	count	fueron encomendadas por la princesa a su hermano, el conde|they were handed over by the princess to her brother, the count
decena	ten (of something)	con una decena de muertos y centenares de heridos|with ten dead people and hundreds of injured
profundizar	to deepen, analyze in depth	necesito pensar más y profundizar los temas|I need to think more and analyze the topics in depth
radicar	to lie, be situated	ahí radica el mal de la sociedad|therein lies the evil of society
cerebral	cerebral	el hemisferio cerebral izquierdo regula el lenguaje|the left cerebral hemisphere regulates language
jurado	jury, juror	un jurado determinó la vida o muerte de él|the jury decided on his life or death
emocionar	to move, make/get excited	me emociona hasta las lágrimas|it moves me to tears
domicilio	residence, address	fue arrestado en su domicilio de la calle Suárez 75|he was arrested in his residence at 75 Suárez Street
trepar	to climb	es necesario trepar tres o cuatro metros de esta empinada escalera|it is necessary to climb three or four meters of this steep staircase
replicar	to reply	«¡No tenemos estatutos!» le replicó don José|“We don’t have statutes!” replied Don José
represión	repression	no toleramos la represión de la individualidad|we do not tolerate the repression of individuality
lápiz	pencil	cogió lápiz y papel y tomó apuntes|he took a pencil and paper and took notes
celeste	heavenly, sky blue	¿Ves las constelaciones celestes, las formas de las estrellas?|Do you see the heavenly constellations, the shapes of the stars?
bulto	bulk, shape	vi un bulto en la oscuridad|I saw a package in the darkness
parto	birth	tenían que provocar el parto|they had to induce labor
rozar	to touch (lightly)	el gato me rozó la pierna|the cat brushed up against my leg
frustración	frustration	me queda la frustración de nunca haber sido Campeón del Mundo|I have the frustration of never having been Champion of the World
aspirante	candidate, applicant	Los aspirantes están en plena euforia de ganar votos.|The candidates are feeling absolute euphoria for winning votes.
coraje	courage, toughness	ataquemos con coraje el campo enemigo|let’s attack the enemy camp with courage
problemática	problems, difficulties	sigue investigando esta problemática dentro del grupo de investigación|he continues to research this dilemma within the research group
magnético	magnetic	el campo magnético de Saturno es más intenso en el polo norte|the magnetic field of Saturn is more intense in the North Pole
precipitar	to plunge, hurl, rush	se precipitó al océano Pacífico unas horas después de su lanzamiento|it crashed into the Pacific Ocean a few hours after it launched
perjudicar	to endanger	el tabaco perjudica salud|smoking endangers your health
juzgado	court, tribunal, judge	Un juzgado lo condena por enlazar ilícitamente a contenidos protegidos.|The court condemned him for illegally linking to copyrighted material.
ahorro	saving, thrift	les resultaría acumular esos ahorros y comprarse una vivienda|increasing their savings and buying themselves a home would work well for them
concretar	to materialize, fulfill	en ningún momento han sabido concretar sus peligrosos ideas|at no time have they been able to fulfill their dangerous dreams
pasto	grass, pasture	ella caminaba descalza sobre el pasto|she walked barefoot through the pasture
jugo	juice	nunca he desayunado; bueno, jugo de naranja eso sí tomaba|I never had breakfast; well, I did have some orange juice
bravo	fierce, angry	el león no es tan bravo como lo pintan|the lion is not as ferocious as it is portrayed
guatemalteco	Guatemalan	me crispa el falso nacionalismo guatemalteco|the fake Guatamalan nationalism gets on my nerves
gabinete	cabinet, den, office	entraron a un gabinete lleno de libros|they entered an office filled with books
balance	outcome, balance	en la semifinal, el balance puede terminar siendo positivo|in the semifinals, the outcome may end up being positive
idéntico	identical	los impactos eran siete, de idéntico tamaño los agujeros|there were seven impacts, with holes of the same size
mojar	to make wet, dampen	pasó un coche y se me mojaron los zapatos|a car drove by and got my shoes wet
burla	mockery, joke, trick	la hacemos objeto de una burla injuriosa|we make her the target of an insulting joke
finanzas	treasury, finances	el Ministerio de Economía y Finanzas Públicas notifica a las entidades|the Ministry of Economy and Public Finance notifies the corporations
globo	balloon, globe	falta más fuego para que el globo se infle mejor|we need more fire to inflate the balloon better
inducir	to lead to	esto induce la síntesis de todos los componentes del virus|this leads to the synthesis of all the components of the virus
fusión	fusion, union	las reacciones nucleares de fusión igualan las de una estrella|nuclear reactions of fusion are equal to those of a star
convivencia	coexistence, living together	el hogar es un elemento de convivencia de hombre y mujer|the home comes from a man and a woman living together
elaborado	thorough, elaborate	Los científicos han elaborado un árbol genealógico evolutivo.|Scientists have produced an evolutionary family tree.
ardiente	passionate, ardent	crearon algo amoroso y ardiente|they created something loving and passionate
intérprete	performer, interpreter	ella es soprano e intérprete de guitarra|she is a soprano and a guitar performer
exquisito	exquisite, superb	este perfume era exquisito y su frasco también inolvidable|this perfume was exquisite and the bottle was also unforgettable
cobertura	coverage	un sistema de salud de alta calidad que dé cobertura a todos|a high-quality health system that might provide coverage to all
chiquillo	kid, youngster	más contento que un chiquillo con juguete nuevo|happier than a little kid with a new toy
cubierto	covered	todos los platos están cubiertos para que la comida se quede caliente|all the plates are covered so that the food stays warm
republicano	republican	no saben del sistema democrático ni del republicano|they don’t know about the Democratic or the Republican system
adquisición	acquisition	la primera adquisición fue un televisor más grande|the first acquisition was a much bigger television
sentimental	sentimental	soy una tonta sentimental en respecto al amor|I am a sentimental fool when it comes to love
heredero	heir, heiress	es el único y universal legítimo heredero de su hermana fallecida|she is the only legitimate and universally accepted heir of her deceased sister
párrafo	paragraph	leí el párrafo que el rabino me indicó|I read the paragraph that the rabbi showed me
delegado	delegate, representative	tendrán voz y voto en la Asamblea de delegados|they will have a voice and a vote in the assembly of delegates
rebelión	rebellion	la rebelión de Espartaco contra la esclavitud de los romanos|the rebellion of Spartacus against the Roman slaves
propiciar	to favor, foster, aid	estaríamos propiciando el divorcio, aunque creyéramos criticarlo|we would be favoring divorce, although we believed in criticizing it
capitalismo	capitalism	se busca reformar el capitalismo para corregirlo sin cambiar de sistema|they are trying to reform capitalism to correct this fault without changing the system
docena	dozen	Necesitamos una docena de huevos para el desayuno.|We need a dozen eggs for breakfast.
alquilar	to rent, hire	buscan algún departamento o chalet para alquilar|they are looking for some apartment or cottage to rent
continuamente	continuously	nos permite estar continuamente en contacto|it lets us be constantly in contact
climático	climatic	para reducir las consecuencias negativas del cambio climático|in order to reduce the negative consequences of climate change
convivir	to coexist	por su alergia no podía convivir con animales con pelos|because of his allergy he couldn’t live with animals that had hair
reconstruir	to reconstruct	trataba de reconstruir lo qué había pasado con él|he tried to reconstruct what had happened to him
evocar	to evoke, recall	su rostro evoca alguna imagen|her face evokes some image
excluir	to exclude, reject	vamos a excluir de la lista a los que no han pagado|we are going to exclude those people that haven’t paid from the list
golfo	gulf, bay	el puerto marítimo de Guayaquil se mantendrá en el golfo|the naval port of Guayaquil will remain in the gulf
documentación	documentation	tenemos documentación de gran interés para los historiadores|we have documentation of great interest to historians
convención	convention, assembly	los delegados de la convención nacional|the delegates of the national convention
parir	to give birth	espera parir un hijo en marzo|she is expecting to give birth in March
abundar	to be plentiful	estas montañas abundan en caza mayor|these mountains are plentiful in big game
platicar	to talk, chat	cuando entro en confianza me gusta platicar y escuchar a las personas|when I get close to someone I like to talk and listen to them
agrupación	group, association	es una forma de organización o agrupación de empresas|it’s a kind of organization or association of businesses
densidad	density, thickness	Usted casi puede tocar la densidad del aire con la tension.|You can almost feel the tension in the air.
compensar	to compensate, make up for	nada podrá compensar mi culpa|nothing can make up for my guilt
batir	to beat (object)	se puso a batir los huevos|he began to beat the eggs
simbólico	symbolic	¿Debía interpretarse en un sentido simbólico o literal?|Should it be interpreted in a symbolic or literal sense?
hallazgo	finding, discovery	hizo el extraño hallazgo de una pala escondida|he made the surprising discovery of a hidden shovel
brisa	breeze, air	Abrimos la puerta para que entre la brisa que nos refresca del calor.|We open the doors so the breeze can enter and cool us down.
apresurar	to hurry up, speed up	Natalia apresuró su marcha sin distracciones|Natalia sped up her walk without distractions
suizo	Swiss	el paisaje suizo de los Alpes|the landscape of the Swiss Alps
residuo	residue, waste	tenemos un objetivo de la eliminación de residuos tóxicos|we have a goal to eliminate toxic waste
plomo	lead, bullet	el impacto de un proyectil de plomo podía destruir la armadura|the impact of a lead bullet could destroy the armor
ordinario	vulgar, ordinary	Pero qué ordinario, ¿cómo es que le dice eso a una mujer?|But how vulgar, how can you say this to a woman?
lamentable	regrettable	tomó una decisión lamentable|he made a regrettable decision
renovación	renewal, renovation	la casa necesita mucha renovación, pero los cimientos son sólidos|the house needs a lot of renovation, but the foundation is solid
tigre	tiger	él cazaba tigres, leones y otros animales salvajes|he hunted tigers, lions, and other wild animals
lío	mess, problem, bad situation	¡Ay!, otra cosa, el carné de conducir es un lío . . .|Oh, another thing, the driver’s license is a problem . . .
inocencia	innocence	en su inocencia no podían evaluar la gravedad de la situación|in her innocence they couldn’t evaluate the severity of the situation
lobo	wolf	era un hereje, un anarquista, un lobo con piel de oveja|he was a heretic, an anarchist, a wolf in sheep’s clothing
recostar	to lean	sequé su cuerpo para luego volverlo a recostar en la cama|I dried off his body and then laid him back on the bed
previamente	previously	aunque no esté incluida en reglas previamente establecidas|although it is not included in the previously established rules
niebla	fog	con la oscuridad y con la niebla no podíamos verlos|with the darkness and the fog, we could not see them
sucesión	succession, series	la historia de Italia es una sucesión de reyes sin importancia|Italy’s history is a series of unimportant kings
activar	to activate, stimulate	podremos activar o desactivar el acceso remoto al router|we can activate or deactivate remote access to the router
velar	to watch over	como padre, yo velaba por sus vidas|as a father, I watched over their lives
superficial	superficial	no tenía más que un conocimiento superficial del idioma|he didn’t have more than a superficial understanding of the langauge
susto	fright, scare	saltó de la puerta y me dió un susto|he jumped through the door and gave me a scare
aborto	abortion	¡No al aborto! Apoyo a las mujeres embarazadas.|No to abortion! I support pregnant women.
tambor	drum	para la percusión se utilizaban tambores pequeños y las campanillas|for percussion, they used small drums and bells
abrigo	overcoat, shelter	hacía bastante frío y ella olvidó ponerse el abrigo|it was quite cold and she forgot to put on her coat
cigarro	cigarette, cigar	tener que aguantarse en el bar, el humo del cigarro|to put up with it in the bar, the cigarette smoke
debatir	to debate, discuss	argumenté con ganas de debatir la tesis|I argued with a desire to oppose the thesis
ajuste	adjustment, settlement	se requiere un drástico programa de ajuste fiscal|a drastic fiscal adjustment program is required
acertar	to get right	¿Cree usted que Roberto acertó o se equivocó?|Do you believe that Robert got it right or was he wrong?
patada	kick, punt	ella le da una patada en el trasero|she gives him a kick in the rear end
racional	rational	no es racional, es una obsesión|it is not rational, it is an obsession
imperial	imperial, imperialist	el arte de la Roma imperial es una imitación del arte griego|the art of imperial Rome is an imitation of Greek art
mono	monkey	es ilegal tener un mono como mascota en esta ciudad|it is illegal to have a monkey as a pet in this city
planificar	to plan	hay que planificar para un futuro y manejar correctamente sus finanzas|you must plan for your future and correctly manage your finances
alentar	to encourage	Recuerde también alentar a sus hijos a que sigan estudiando.|Also remember to encourage your children to keep studying.
aferrar	to grasp, clutch	quiso aferrar el puñal con ambas manos para arrancarlo|he tried to grasp the dagger with both hands in order to pull it out
casado	married	soy una mujer casada y madre de familia|I am a married woman with a family
mención	mention	merecen mención especial por sus logros|they deserve special mention for their achievements
aguja	needle, spire, stylus	me había clavado una aguja, así que pensé que era sangre|I had stuck myself with a needle, so I thought that it was blood
eternidad	eternity	me pareció que pasó una eternidad hasta que abrió la puerta|it seemed like an eternity until he opened the door
mentalidad	mindset, mind	tiene una mentalidad muy cerrada|she has a very closed mind
diccionario	dictionary	en el diccionario encontré una extraña palabra|I found a strange word in the dictionary
dinámica	dynamics	la creación y dinámica de la estructura del Universo|the creation and the dynamics of the structure of the universe
perla	pearl	la emperatriz luce perlas, rubíes y esmeraldas|the empress wears pearls, rubies, and emeralds
geografía	geography	Deben aprender la geografía y las costumbres de los países donde viven.|They should learn the geography and customs of the countries where they live.
emerger	to emerge, surface	desde el fondo del pasillo, empezó a emerger de pronto|from the end of the hallway, it began to emerge quickly
configurar	to make up, comprise	muchos rasgos configuran esta patología política|many characteristics make up this political pathology
cordillera	mountain range	en las cumbres de la cordillera todavía quedaba nieve|there was still snow in the tops of the mountains
arrugar	to wrinkle, crumple	las fibras elásticas de la dermis se fragmentan y la piel se arruga|the elastic fibers of the dermis fragment and the skin becomes wrinkled
hervir	to boil	el agua hierve sin fuego|the water boils without fire
bendecir	to bless, thank	Dios no examina tu pasado para bendecir tu future.|God doesn’t examine your past in order to bless your future
acera	sidewalk	esperaba en la acera a que pasara el tráfico|I waited on the sidewalk for the traffic to pass by
televisor	television set	Es un televisor que funciona, pero nadie lo usa.|It is a functioning television, but nobody uses it.
ruptura	breakup, rupture	Mucha gente celebró la ruptura de la Unión Soviética en 1991.|Many people celebrated the breakup of the Soviet Union in 1991.
imaginario	imaginary	Cuando eras niño ¿tenías amigos imaginarios?|When you were a child, did you have imaginary friends?
eficiencia	efficiency	para aumentar la eficiencia y reducir los gastos de mantenimiento|to increase the efficiency and to reduce maintenance expenses
discriminación	discrimination	¿A esto como se le llama racismo, discriminación?|And this is called racism, discrimination?
transferencia	transfer, transference	hay transferencia de calor (energia) entre el aire frio y el aire caliente|there is transference of heat (energy) between cold air and hot air
voltear	to turn over, turn around	al voltear la página, me topé con las fotos|by turning the page, I ran into the photographs
vigencia	validity	El año pasado entró en vigencia la Ley para el Control del Tabaco.|Last year, the law for tobacco control took effect.
teniente	lieutenant, deputy mayor	está de uniforme el teniente Ramírez|lieutenant Ramírez is in uniform
inconsciente	unconscious, thoughtless	fue un gesto inconsciente|it was an unconscious gesture
presunto	alleged, presumed	se creyó inocente por el presunto crimen|she was considered innocent for the alleged crime
contactar	to reach, contact	si hay alguna duda en general, no dude en contactarme|if you have any questions, don’t hesitate to contact me
pasta	pasta, dough	no puedo comer toda la pasta pegajosa de mi plato|I cannot eat all the sticky pasta on my plate
tercio	third	el Océano Pacífico abarca más de un tercio de la superficie de la Tierra|the Pacific Ocean covers more than one-third of the Earth’s surface
reinar	to reign, prevail	reinaba la monarquía por 500 años|the monarchy reigned for 500 years
desempeño	performance, achievement	no puede alcanzar los niveles más elevados de desempeño|he is unable to reach the highest levels of performance
portero	porter, doorkeeper, goalie	el portero lo acompañó hasta el ascensor|the doorman accompanied him to the elevator
improvisar	to improvise	se pusieron a improvisar frente al micrófono|they began to improvise in front of the microphone
nacionalidad	nationality	nacida de doble nacionalidad: francesa y estadounidense|born of double nationality: French and American
gracioso	funny, charming, amusing	era gracioso porque todos nosotros compartíamos esa memoria|it was funny because we all shared that memory
resplandor	brightness, radiance	Pero en medio de la oscuridad distingue un resplandor.|But in the middle of the darkness he detected a flash of light.
paja	straw, thatching	ocupaba una casita de paja y adobe|he lived in a small brick and straw house
vigor	force, strength, vigor	todo ello coincidirá con la entrada en vigor de esta ley|it will all come together when the law goes into effect
pecar	to sin	es un hombre que no pecaba por exceso|he is a man that didn’t sin in excess
decoración	decoration	con sus flores y su decoración para la fiesta|with her flowers and her decorations for the party
verbal	verbal, oral	Estudiaba para comunicarse en forma verbal o escrita en español.|He studied to communicate in verbal and written form in Spanish.
repertorio	repertoire, list, index	la abuela, dueña de un rico repertorio de leyendas y de mitos|the grandmother, owner of a rich repertoire of legends and myths
disfrazar	to disguise, hide, conceal	era imposible disfrazar su embarazo|it was impossible to conceal her pregnancy
automáticamente	automatically	se permitía controlar automáticamente la velocidad|it allowed you to control the speed automatically
restauración	restoration, renovation	hacer una rehabilitación y restauración de los ecosistemas degradados|to work for a rehabilitation and restoration of the weakened ecosystems
vertical	vertical, upright	Es una tubería vertical llena de agua de 5 m de altura.|It is a vertical tube full of water 5 m deep.
polo	pole, polo, polo shirt	hay puro hielo en el polo antártico|there is pure ice at the South Pole
sucesor	successor	para elegir al sucesor de Benedicto XVI se realizará una votación|to choose a successor to Benedict XVI they will carry out a vote
semestre	semester	Dijo que el primer semestre fue un tiempo difícil.|He said that the first semester was a difficult time.
rancho	ranch, farm	el cuarto que servía de dormitorio en el rancho|the room that served as a bedroom at the farm
inseguridad	insecurity	su comportamiento reflejaba la inseguridad y desconfianza|their behavior reflected the insecurity and distrust
independientemente	independently	cada uno había aprendido a vivir independientemente|each one had learned to live independently
alivio	relief, unburdening	era un alivio verlo y encontrarlo ahí tan sereno|it was a relief to see him and find him there so calm
colmo	climax; para c.: to top it all	eres el colmo de la belleza|you are the height of beauty
cemento	cement, concrete	otros tipos de cemento se endurecen al reaccionar con el oxígeno|other types of cement harden by interacting with oxygen
entendimiento	understanding	Hegel afirmó haber encontrado un entendimiento racional de la humanidad|Hegel claimed to have found a rational understanding of humanity
disculpar	to excuse	no puedo disculpar esta falta de educación|I cannot excuse these bad manners
coordinar	to coordinate	los juguetes al niño a coordinar sus movimientos para gatear|the toys help a child coordinate his movements to be able to crawl
disminución	reduction, decrease	una disminución de la velocidad y en la detención total del vehículo|a decrese in speed and a complete stop of the vehicle
sonriente	smiling	una carita sonriente, como el rostro de un angelito|a smiling face, like that of an angel
fraude	fraud	¡Los yanquis nunca pisaron suelo lunar fue un fraude!|The Yankees never stepped foot on the moon, it was a fraud!
realismo	realism	fíjate que no es escepticismo sino realismo|notice that it is not skepticism, but rather realism
bloquear	to block, obstruct	un hacker pudiera bloquear y paralizar una nación por un tiempo|a hacker attack could block and paralyze a nation for a time
libremente	freely	podemos elegir libremente a nuestros representantes|we are able to freely elect our representatives
campamento	camp, camping	nos fuimos al parque nacional de campamento|we went to the national park campground
sordo	deaf, dull	Habla la lenguaje gestual porque es sordo de nacimiento.|He speaks sign language because he was born deaf.
diversión	fun, entertainment	leo por diversión|I read for fun
liderar	to lead, head	ella lidera ésta batalla y sabe como inspirarnos|she is leading this battle and she knows how to inspire us
navegación	navigation, shipping	desarrollaron una forma de navegación muy rápida|they developed a very fast method of navigation
oscilar	oscillate	oscilaba según los ciclos económicos|it fluctuated according to economic cycles
arreglo	arrangement	tienen un arreglo entre ellos; documentos firmados tienen|they have an arrangement between them; they have signed documents
intermedio	interim, intermediate	necesitamos empezar un entrenamiento de intermedio de alta intensidad|we need to start a high intensity interval training immediately
despreciar	to despise, scorn	despreciaba a su hermana menor porque nunca asistía la universidad|she scorned her younger sister because she never attended college
enloquecer	to madden, derange	el pintor llegó enloquecerse por el ardor con que tomaba su trabajo|the painter had gone crazy from his passion for his work
prosa	prose	es una colección de textos en prosa y en verso|it is a collection of texts in prose and in verse
pauta	guideline, rule, standard	no es una pauta rígida, como en Administración de Personal|it is not a rigid guideline like in Personnel Administration
ensayar	to test	ya he pensado otro sistema nuevo que voy a ensayar mañana|I have already thought of a new system that I am going to test tomorrow
aburrido	boring, bored	nunca he asistido ninguna clase tan aburrido|I have never attended such a boring class
monja	nun	la monja reza devotamente sus oraciones y besa el crucifijo|the nun devoutly prays the rosary and kisses the crucifix
arrebatar	to snatch, grab	ella se enojó y le arrebató la flor|she got angry and grabbed the flower from him
meditar	to meditate, ponder	se retira a meditar a solas|he is leaving to go and meditate alone
centenar	hundred	centenares de ojos miraban y otras tantas voces gritaban|hundreds of eyes watched and many other voices shouted
frágil	fragile, weak	la fuerza de la tormenta no respetó el frágil refugio del poncho|the strength of the storm did not spare the fragile comfort of the jacket
buque	ship, vessel, hull	detecta submarinos y buques enemigos|it detects submarines and enemy ships
impartir	to impart, administer	el sacerdote impartió la bendición|the priest administered the blessing
gestionar	to manage, handle	Este sencillo software permite gestionar el negocio en tiempo real.|This simple software allows us to process a transaction in real time.
protagonizar	to have the leading role in	Paulina protagonizó la película Bésame en la boca|Paulina starred in the film Kiss Me on the Mouth
cazar	to hunt	¿Cazar ñúes en el África fue parte de la aventura?|Hunting wildebeest in Africa was part of the adventure?
ballet	ballet	lo necesitan en la música, en el ballet, en el cine y en la literatura|they need it in music, in dance, in film, and in literature
derramar	to shed, pour out	no iba a derramar su sangre por la patria|he was not going to shed his blood for the motherland
ubicación	position, location	conocía las diferencias de ubicación de los lugares|she knew the differences between the location of the places
erguir	to straighten, raise	debes levantar la cabeza, erguir el pecho y enderecer la columna|you should lift up your head, stick out your chest, and straighten your spine
renacimiento	rebirth, Renaissance	El Renacimiento es una época de transformaciones en todo.|The Renaissance is a period of transformation in everything.
condena	sentence (in prison), penalty	no está satisfecho simplemente con la condena del homicidio|he is not satisfied simply with the prison sentence for murder
farmacia	pharmacy, drugstore	compran en la farmacia los medicamentos recetados|they buy the prescribed medicine at the pharmacy
tarifa	rate, tariff	cobra por su contenido, tarifas desde los 7 usd por mes o más|they charge for contents, fees of $7 per month or more
distinción	distinction	vestía con elegancia y distinción, siempre lo de última moda|she was dressed with elegance and distinction, always in the latest fashion
intercambiar	to exchange	no me molestaría intercambiar papeles|it would not bother me to exchange roles
actualización	update, modernization	una nueva actualización disponible para la aplicación de Twitter|a new update available for the Twitter app
magistrado	judge, magistrate	El período de los Magistrados de la Corte Suprema será de cuatro años.|The term for Supreme Court judges will be four years.
competitivo	competitive	viene un entrenador ganador, competitivo|a champion, competitive trainer is coming
repentino	sudden	su repentina cólera provocó la hostilidad de los soldados|his sudden rage provoked the hostility of the soldiers
matemático	mathematical	necesitamos un coprocesador matemático para ciertas operaciones|we need a mathematical coprocessor for certain operations
silueta	silhouette, outline	era oscura pero se podía divisar la silueta dibujada en el cielo|it was dark but you could still identify the silhouette in the sky
suscribir	to endorse, subscribe	Los empleados deberán suscribir un contrato con la secretaría.|The employees should sign a contract with the secretary.
vacuna	vaccine, vaccination	el completo esquema de vacunas, especialmente la del sarampión|the complete schedule of vaccinations, especially for the measles
frecuentar	to frequent, visit	comienza a frecuentar la bohemia parisina|he begins frequenting Parisian bohemia
finca	property, estate	reservó para sí, como finca privada, los terrenos al sur|he reserved for himself, as a private estate, the land in the south
inicialmente	initially	sería inicialmente un proyecto piloto en cuatro o cinco países|it would initially be a pilot program in four or five countries
espontáneo	spontaneous	¿Fue algo premeditado? // No; fue espontáneo.|Was it something premeditated? // No, it was spontaneous.
militante	member, militant	son militantes del movimiento por los derechos de los animales|they are activists in the animal rights movement
útil	useful	todo es útil y tiene una utilidad|everything is useful and serves a purpose
divorcio	divorce	el matrimonio y el divorcio son compromisos graves|marriage and divorce are serious commitments
cubierta	covering, top, lid	un agujero en la cubierta del huevo permite la fusión celular|a hole in the covering of the egg permits cellular fusion
honesto	honest	el médico había sido muy honesto, revelándole la verdad|the doctor had been very honest, telling her the truth
carencia	lack, shortage	hay falta de interés político y carencia de idealismo|there is a lack of political interest and a deficiency in idealism
corporación	corporation	establecen los reglamentos de la Corporación Deportiva Real|they establish the regulations for the Royal Sports Corporation
extra	extra	Este més recibí bastante ayuda extra de mis amigos.|This month I received a lot of extra help from my friends.
divisar	to distinguish, perceive	empiezo a divisar, y aun ver claramente lo que tengo delante de mí|I am beginning to distinguish, and even clearly see what I have in front of me
mejora	improvement	es una mejora considerable en su nivel de vida|it is a considerable improvement in his standard of living
prejuicio	prejudice	no quiere provocarle un perjuicio contra nosotros|he didn’t want to bring harm to us
consolar	to console	la consolaba la presencia de alguien a su lado|the presence of someone at her side consoled her
adolescencia	adolescence	Puede ocurrir en la infancia, en la adolescencia o en la adultez.|It can occur in infancy, in adolescence, or in adulthood.
órbita	orbit, socket, field	los satélites en órbita a una distancia de 36.000 kilómetros|the satellites in orbit at a distance of 36,000 kilometers
espléndido	splendid, generous	el interior es espléndido, exquisito; es una verdadera joya del arte|the interior is splendid, exquisite; it is a true jewel of art
mutuo	mutual	el propósito del matrimonio es el amor mutuo y la dedicación|the purpose of marriage is mutual love and dedication
chupar	to suck	le dio de chupar unos pedacitos de caña de azúcar|she gave him a few pieces of sugar cane to suck on
nudo	knot	tenía un nudo en la garganta|I had a lump in my throat
sobresalir	to stand out, excel	están decididos a sobresalir y a vivir bien|they are determined to excel and live well
sumir	to sink, plunge	no podía sumirme en el dolor, porque a mi madre le dolía demasiado|I couldn’t immerse myself in pain, because it hurt my mother too much
molestia	bother, nuisance, trouble	En cuando no sea un molestia; gracias.|As long as it’s not a bother; thank you.
resonar	to resound, ring, echo	como un eco que sin querer resuena|like an echo that reverberates by itself
trescientos	three hundred	estaba a trescientos kilómetros|it was three hundred kilometers away
desprecio	contempt, disdain	no pude ocultar mi mal humor ni mi desprecio por ese hombre|I couldn’t hide my bad mood nor my contempt for that man
compás	rhythm, time, compass	los ruidos en la casa y allá afuera, el compás de la lluvia|the noises in the house and out there, the rhythm of the rain
trigo	wheat	se necesita trigo, agua y levadura para hacer pan|you need wheat, water, and yeast to make bread
transparencia	transparency, slide	disminuye la radiación solar y la transparencia del aire|it reduces solar radiation and air transparency
economista	economist	el economista que trabajaba en el Banco Central|the economist who worked at the Central Bank
remediar	to heal, cure	ningún milagro podía remediar la tiniebla de sus ojos|no miracle could heal the darkness of his eyes
proveniente	coming from	la plata que entró en Europa era proveniente del Nuevo Mundo|the silver that entered Europe came from the New World
suscitar	to arouse, provoke	la pintura siempre suscitaba una respuesta en ella|the painting always aroused a response from her
funcional	functional	triunfó por la simplicidad funcional de su diseño|he won because of the functional simplicity of his design
biología	biology	serán analizados en el laboratorio de biología molecular|they will be analyzed in the molecular biology lab
remitir	to remit	mi doctor me remitió a otro doctor a hablar de mi problema|my doctor referred me to another doctor to talk about my problem
terrorista	terrorist	cualquier país ha sufrido ataques terroristas|every country has suffered terrorist attacks
aniversario	anniversary	Celebramos el 25 aniversario de la primera pisada en la Luna.|We celebrated the 25th anniversary of the first landing on the Moon.
expediente	dossier, proceedings	hay un informe jurídico, que revisa el expediente, firmado por él|there is a legal report signed by him, which reviews the proceedings, signed by him
teñir	to dye	hace poco me atrevi a teñir mi pelo|a little while ago I got up the courage to dye my hair
pretensión	pretension, claim, aspiration	tenía pretensión de que era capaz de todo|he had the aspiration to be able to do everything
guerrilla	guerrilla	la incursión de las guerrillas y los paramilitares|the invasion of the guerillas and the militias
recto	right, straight, honest	Ignacio tomó una regla de ángulo recto de madera|Ignacio took a wooden straight angle ruler
bíblico	biblical	el papa respondió citando el libro bíblico de David|the Pope responded by citing the biblical book of David
engaño	deceit, falsehood, hoax	¡Estoy harta de tu engaño y mentiras!|I am fed up with your deceit and lies!
insinuar	to insinuate, hint	nadie me pidió ni insinuó que abordara ese tema|nobody asked nor hinted for me to address that topic
adónde	to where?	si pudiera hacer otro viaje ¿adónde iría?|if you could go on another trip, where would you go?
balón	ball	Hay niñas que recién han empezado a patear un balón.|There are girls who have barely begun to kick the ball.
pilar	pillar, column	la observaba detrás de un pilar de madera|he watched her from behind a wooden pillar
suspiro	sigh	según la tradición, el apóstol Pedro murió en ese sitio|according to tradition, the apostle Peter died at that site
célebre	famous, renowned	organizaba todos los años un célebre concurso de cuentos|every year I organized a famous competition of short stories
prohibición	prohibition	violando la prohibición estricta de no fumar|violating the strict prohibition of not smoking
recepción	reception, waiting room	por favor, espere en la recepción hasta que el doctor está listo|please, wait in the waiting room until the doctor is ready
oficialmente	officially	el museo será reinaugurado oficialmente en fechas próximas|the museum will be officially re-inaugurated soon
informativo	informative	el folleto era bien informativo y tenía todo lo que yo buscaba|the flyer was very informative and it had everything I was looking for
manifiesto	poner de m.: to show	Publicaron el manifesto este verano.|They published the manifesto this summer.
colina	hill, slope	el jeep trepaba la colina sin dificultad|the jeep climbed with hill without difficulty
descendiente	descendant	es una típica descendiente de árabes: tiene una tez olivácea|she is a typical Arab descendant: she has an olive complexion
manta	blanket	les enrollaba la manta o el poncho alrededor del cuello|she would wrap the blanket or the poncho around their necks
realista	realistic	Me gusta mucho el arte realista del siglo 19.|I really like the realistic art of the 19th century.
guante	glove	siempre lleva guantes en el inviero por el frío|she always wears gloves during the winter because of the cold
petrolero	oil, petroleum	en las comunidades amazónicas se realizan exploración petrolera|oil exploration is being carried out in Amazon communities
show	show, display	La estrella del show televisivo ya empezará su trayectoria musical.|The superstar from the TV show will now begin her musical career.
opositor	opponent	gritan rabiosos los opositores al Presidente|the president’s opponents yell furiously
marítimo	maritime, marine	el comercio marítimo internacional equivale a 1.500 metros cúbicos|international maritime business is equivalent to 1,500 cubic meters
raya	line, ray, stripe	esculpió una raya en la madera|he carved a line in the wood
preservar	to preserve	hay que preservar el español de los antepasados|you have to preserve the Spanish of your ancestors
cañón	canyon, cannon	mi hermano se casó con su esposa en el cañón de roca roja en Nevada|my brother married his wife in Red Rock Canyon in Nevada
capricho	caprice, whim	no creáis que esto lo hacemos por mero capricho|you don’t believe that we do this for a mere whim
nido	nest	el cuco cría a sus polluelos en nido ajeno|the cuckoo raises its young in the nest of others
almorzar	to have lunch	era la hora de almorzar una comida ligera|it was time to have a light lunch
murmullo	murmur, whispering	solo se ha escuchado una pequeña protesta, casi un murmullo|there has only been a small protest, almost a murmur
terremoto	earthquake	todo vibra porque un terremoto es muy fuerte|everything shakes because an earthquake is very strong
sereno	serene, calm	ya está muy sereno tras la tormenta|it is already very calm after the storm
monarquía	monarchy	Los británicos llegaron a ser una monarquía constitucional.|The British became a constitutional monarchy.
analista	analyst	Muchos analistas creen que es una guerra entre Irán y sus rivales árabes.|Many analysts believe that it’s a war between Iran and their Arab rivals.
carreta	cart, wagon	la carreta dejará de mover se porque ha cesado la fuerza que hacían los bueyes|the cart will stop moving because the oxen have stopped pulling it
retiro	withdrawal, retreat	el retiro espiritual me ayudará a recuperar|the spiritual retreat will help me recover
disputa	dispute, argument, quarrel	refleja tensiones por la disputa de la candidatura presidencial|it reflects tensions over the disputed presidential candidacy
costarricense	Costa Rican	querían cambiar la vida urbana del pueblo costarricense|they wanted to change urban life for the Costa Rican people
consuelo	comfort, consolation	le murmuraba que hay un consuelo para cada dolor|he murmured that there is a relief for every pain
graduar	to adjust, graduate	los estudiantes que aspiran a graduarse de bachilleres se esfuerzan más|the students who intend to graduate from high school work harder
olímpico	Olympic, Olympian	el popular boxeador chino, doble campeón Olímpico|the popular Chinese boxer, two-time Olympic champion
química	chemistry, chemist	los conceptos que pertenecen a la física, a la química y a la mecánica|concepts that pertain to physics, chemistry, and mechanics
sugerencia	suggestion	habíamos recibido la sugerencia, el deseo, incluso la petición directa|we had received the suggestion, the wish, including the direct request
dinámico	dynamic	un mundo efervescente, dinámico, rico en posibilidades|an effervescent, dynamic world, full of possibilities
verter	to pour, spill, shed	el devota vierte agua sobre la imagen de Buda|the devotee pours water over the Buddha statue
frecuentemente	frequently, often	suelo pensar frecuentemente en mi familia|I usually think about my family frequently
interrogar	to question, interrogate	comienzo a interrogar a todos los criminales|I am beginning to question all of the criminals
irregular	irregular	Fue por un recorrido irregular, con curvas periódicas en sus trayectorias.|It went by an irregular path, with recurring curves in its trajectory.
rematar	to finish off, finish up	era el momento de rematar el cuento|it was the moment to finish up the story
creatividad	creativity	celebrando la creatividad e innovación en los medios latinoamericanos|celebrating the creativity and innovations of Latin American media
oveja	sheep, ewe	se ganó el título de «oveja negra» durante la adolescencia|he earned the title of “black sheep” for himself when he was an adolescent
advertencia	warning, notice	en tono de advertencia dijo: tenga cuidado|in a warning tone he said: be careful
anular	to annul, cancel	Anularon su vacacion en el caribe.|They canceled their vacation in the Caribbean.
manipular	to manipulate, handle	empezó a manipular la cerradura de la puerta|he started to manipulate the door lock
operador	operator	no se trata sólo de un tema de operadores o usuarios|it is not only about the issue of operators or users
restaurar	to restore, reinstate	intentaban restaurar a Bonaparte en el trono|they were trying to restore Bonaparte to the throne
diariamente	daily	Corre diariamente con su perro en el parquet.|He runs daily with his dog in the park.
vibrar	to vibrate, tremble	la música hacía vibrar las ventanas de vidrio|the music made the glass windows vibrate
coser	to sew	veía a su madre coser los vestuarios|he watched his mother sew costumes
implementar	to implement	explicó cómo implementar un programa de innovación en su empresa|he explained how to set up an innovative program for his company
suicidio	suicide	fracasó en su intento de suicidio|he failed in his attempt to commit suicide
sistemático	systematic	era sistemático e incluso resultaba monótono|it was systematic and even monotonous
valoración	assessment, valuation, evaluation	Ya se habrá dado cuenta de la valoración (positiva o negativa).|He has already figured out the assessment (positive or negative).
florecer	to flower, bloom, flourish	ahorita van a florecer las petunias|the petunias are going to bloom now
ascenso	promotion, climb	fue un ascenso en mi carrera, y era lo que yo quería|it was a promotion in my career, and it was what I wanted
pánico	panic	con pánico lo busqué, por supuesto, ¡no estaba!|I looked for it in a panic, of course, it wasn’t there!
talla	size (of clothing), stature	entre la talla cuarenta y dos y la cuarenta y cuatro|between size forty-two and forty-four
acta	(meeting) proceedings, minutes	parecían actas de reuniones del Partido político|it looked like the minutes of the meeting of the political party
inclinación	slope, incline, tendency	me da miedo la inclinación de las carreteras en los Andes|the slope of the roads in the Andes frightens me
veinticuatro	twenty-four	se quedan abiertas las veinticuatro horas|they stay open twenty-four hours
deducir	to deduce, infer	no debe ser tan complicado deducir cuánto cuesta eso|it shouldn’t be that complicated to figure out how much that costs
nene	baby, small child	no puedo evitar que un nene de 11 meses se lo lleve todo a la boca|I can’t stop a baby of 11 months from putting everything in his mouth
reja	grill, railing	esos prisioneros siempre serán libres aunque estén detrás de las rejas|those prisoners will always be free even if they are behind bars
ingrediente	ingredient	pan de papas: Ingredientes: 10 papas, limpias, lavadas . . .|potato bread: ingredients: 10 potatoes (clean and washed) . . .
hectárea	hectare	una extensión de doscientas hectáreas en el centro de un valle|an area of two hundred hectares in the center of a valley
prestación	benefit, lending of service	los fabricantes mejoran su rentabilidad por la prestación de servicios|the manufacturers are increasing their profits by providing professional services
hormona	hormone	procesos metabólicos se regulan por hormonas del sistema endócrino|metabloic processes are regulated by hormones from the endocrine system
centavo	cent	con un poquito de crema que le costaba cinco centavos|with a little bit of cream that would cost him five cents
idear	to devise, design	los grandes genios de la historia logran idear alguna cosa novedosa|the great geniuses of history manage to think up something new
abismo	abyss, large gap	empiezan a cerrar el abismo que separa a los países ricos de los pobres|they are beginning to close the gap that separates the rich and poor countries
sanguíneo	blood, bloody	Los ultrasonidos también valoran el flujo sanguíneo.|Ultrasounds also measure blood flow.
suministrar	to supply, provide	el objetivo es suministrar información sobre la situación financiera|the objective is to provide information about the financial situation
islámico	Islamic	una guerra terrorista que el fundamentalista islámico ha lanzado|a terrorist war that Islamic fundamentalist have launched
debilitar	to weaken, debilitate	contribuyen a debilitar el sistema inmunológico|they contribute to weakening the immune system
cristianismo	Christianity	los creyentes en el cristianismo o catolicismo rezan el padre nuestro|Christians or Catholics pray the Our Father
asignatura	subject, course	los padres católicos eligen para sus hijos la educación católica|Catholic parents choose a course in Catholic education for their children
pila	(baptismal) font, battery, heap	Necesita más pilas para su reproductor de MP3.|He needs more batteries for his MP3 player.
ilustración	illustration	libros de cuentos con hermosas ilustraciones|storybooks with beautiful illustrations
exploración	exploration	apoyaban la exploración de lugares remotos|they supported the exploration of remote places
trayecto	trajectory, course, path	¿Cuál ha sido su trayecto hasta llegar a director?|What has been your path to becoming a director?
proveedor	supplier, dealer	permitirá éxito a los proveedores de productos turísticos|it will provide success to suppliers of tourist products
arquitectónico	architectural	edificios construidos de acuerdo con un moderno plan arquitectónico|buildings that have been constructed with a modern architectural plan
litro	liter	la botella nueva contiene 1 litro de leche|the new bottle contains 1 liter of milk
pescador	fisherman	muchos pescadores de la costa del Perú usan sus barcos tradicionales|many fishermen on the Peruvian coast use traditional boats
himno	hymn, anthem	entona el Himno Nacional con voz de barítono|he sings the national anthem in a baritone voice
expandir	to expand	el proyecto de expandir la capacidad|the project of expanding the capacity
umbral	threshold, outset	estuvo un momento en el umbral del empiezo de una nueva era|he was there for a moment on the threshold of the beginning of a new age
regar	to water, irrigate	mi madre usaba la manguera para regar el césped|my mom would use the hose to water the grass
pulso	pulse, pulsation	está nerviosa; su pulso se acelera|she is nervous; her pulse is quickening
competente	competent, able	deben ser realizadas por una autoridad competente que sea imparcial|they should be carried out by a competent authority that is unbiased
usado	worn out, old, used	Era arrugada como un pañuelo usado.|It was wrinkled like a used handkerchief.
vitamina	vitamin	tiene el 100% de vitamina C para proteger tu sistema inmunológico|it contains 100% of vitamin C to protect your immune system
laberinto	maze, labyrinth	se perdió en el laberinto de callejones|he got lost in a maze of alleys
persistir	to persist	persiste esa historia, y es una buena historia|that story persists, and it is a good story
excelencia	excellence	para mí el conjunto por excelencia son los Beatles, me gustan muchísimo|in my opinion, the band par excellence is the Beatles, I really like them
malestar	discomfort, unease, unrest	sentí un inexplicable malestar y volví más cansada que otras veces|I felt an unexplainable discomfort and I became more tired than at other times
grandeza	greatness, size	vi la grandeza del equipo que gano el ultimo campeonato|I saw the greatness of the team that won the last championship
descarga	unloading, discharge	disponen de muelles para la carga y descarga de los buques|docks for loading and unloading the ships are at their disposal
mixto	mixed, co-ed	estaban poblados por un grupo étnico mixto denominado siro-hitita|they were populated by a mixed ethnic group, called Syro-Hittite
maleta	suitcase, case	entra en ese momento con una maleta llena de ropa|she enters at that moment with a suitcase full of clothes
alegar	to plead, argue	lo privaron del derecho de alegar ante los Tribunales|he was deprived of the right to plead before the courts
filtrar	to seep, filter	Miró la luz que se filtraba por la ventanita.|She looked at the light that filtered through the window.
traición	treason, betrayal	ella sabía que su traición sería imperdonable|she knew that her betrayal would be unforgivable
medalla	medal, medallion	andaba con medalla de plata en el pecho|he walked around with a silver medal on his chest
ganancia	gain, profit	la cuenta de pérdidas y ganancias muestra el resultado de la actividad|the account of losses and gains shows the results of the activity
equivaler	to be equivalent, tantamount (to)	¿A cuánto equivalen cien dólares en pesos?|What is the equivalent of one hundred dollars in pesos?
reposo	rest, peace	no necesitaba ningún médico, sólo reposo y descanso|I don’t need any medicine, only peace and rest
ayudante	helper, assistant	Quiere quedarse sin ayudante, tenía que hacerlo todo él solo.|He wants to stay without an assistant, he had to do it all alone.
porvenir	future, time to come	Siempre hay incertidumbre de un porvenir que no se puede predecir.|There is always uncertainty of a future that can’t be foretold.
aldea	small village	Macondo era entonces una aldea de veinte casas|Macondo was a village of twenty houses then
reinado	reign, rule	alcanzó su posición más eminente durante el reinado del Rey David|he achieved his highest position during the reign of King David
ingenio	ingenuity, talent, wit	tengo una vida bendecida; tengo mucho ingenio|I have a blessed life; I have a lot of ingenuity
menú	menu	en el menú Herramientas, haga clic en Reglas y alertas|in the Tool menu, click Rules and Alerts
avergonzar	to embarrass, shame	Tendrías que avergonzarte por preguntar cosas tan evidentes.|You would have to embarrass yourself by asking about such obvious things.
carnaval	carnival	el carnaval es una de las celebraciones más coloridas y alegres|carnival is one the most colorful and lively celebrations
traicionar	to betray	traicionó a todos los que la habían ayudado en el pasado|she betrayed everyone that had helped her in the past
configuración	configuration, shape	realicé la configuración básica y empecé actualizaciones de Windows|I set up my basic layout and then began updating Windows
susurrar	to whisper, murmur	es un silbido que te susurra en las orejas|it’s a whistling sound that whispers in your ears
subterráneo	underground	creo sentir el temblor subterráneo que precede al terremoto|I think I feel an underground tremor that precedes an earthquake
deterioro	deterioration, damage	ha provocado el deterioro de las flores frescas que decoran las tumbas|it has caused the deterioration of the fresh flowers that decorate the graves
nacionalista	nationalist, nationalistic	un país que ya era nacionalista revolucionario|a nation that was already revolutionary nationalist
agrario	agrarian, agricultural	que pasara de ser un estado agrario a un estado industrializado|which will go from being an agrarian state to an industrialized one
electrón	electron	los electrones y los protones se combinan y forman neutrones|the electrons and protons combine and form neutrons
oscurecer	to get dark	temprano oscureció porque estaba nublado|it got dark early because it was cloudy
espectro	ghost, specter	en la casa había fantasmas o acaso un solo espectro más temible|there were ghosts in the house, or perhaps only one even more frightening ghost
ente	entity, being, firm	el Instituto Cervantes es un ente público|the Cervantes Institute is a public entity
forestal	forest	buena noticia para sectores productivos como el agrícola y el forestal|good news for the productive sectors like agricultural and forestry
rector	principal, rector	criticó duramente al rector de la universidad|he sharply ciriticized the dean of the university
filo	(cutting) edge	no pongas el plato en el filo de la mesa|don’t put the plate on the edge of the table
exportar	export	comenzaron a exportar y sus productos llegan a más de 15 países|they began exporting and their products went to 15 countries
camiseta	T-shirt	viste pantalón vaquero y camiseta|he wears jeans and a T-shirt
duelo	grief, affliction	se quedó en casa con su duelo|she stayed in the house with her grief
indicador	indicator, gauge	los indicadores económicos demuestran un deterioro en las condiciones|the economic indicators show a weakening in the conditions
fondos	funds	un cheque librado por usted ha sido devuelto por falta de fondos|a check written by you was returned due to lack of funds
ironía	irony	el comentario fue hecho con ironía y falsa admiración|the comment was made with irony and false admiration
reposar	to rest, lie down	no busques más, mi hija, reposa en paz sin temor|don’t search anymore, my daughter; rest peacefully without fear
cartón	cardboard, carton, sketch	pon las cajas de cartón en el receptáculo de reciclaje|put the cardboard boxes in the recycling bin
casita	cottage	su casa es una casita cómoda, pero modesta|her house is a comfortable cottage, but modest
crema	cream	 taza de crema de leche, 2 cucharadas de manteca| cup of cream, 2 tablespoons of butter
coincidencia	coincidence	Fue una feliz coincidencia que nos encontráramos.|It was a happy coincidence that we met.
aplicado	applied	la distinción entre ciencia básica y aplicada no existe|the distinction between basic and applied science does not exist
variante	variant, difference	tampoco comprende las variantes dialectales e idiomáticas|he doesn’t understand the variations of dialect and language either
remover	to remove	comenzó a remover tapas de los tarros, buscando galletas|he began to remove lids to the jars, looking for cookies
cátedra	academic chair	trabajando en la cátedra de Teoría Literaria en la universidad|working for the academic chair of Literary Theory at the university
comando	command, order	la creación de un sistema de comando militar|the creation of a military command system
atentado	(terrorist) attack, offence	está perpetrando un atentado contra los intereses de los consumidores|he is perpetrating an attack against the consumer’s interest
ansia	anxiety, anguish	imaginaba con ansia el día en que podrían salir sus niños|she anxiously imagined the day that the children could leave
conllevar	to involve, bring	Estar feliz conlleva sentirnos en paz con nosotros mismos.|Being happy includes feeling at peace with ourselves.
peculiar	peculiar	no lograba entender el peculiar humor de Manuel|I could not understand Manuel’s peculiar humor
minero	mining	la actividad minera no daña en lo más mínimo al área preservada|mining activity doesn’t damage the preserve in the least
liso	smooth, flat, straight	tiene el pelo rubio, casi blanco, liso|she has straight blond hair, almost white, smooth
cerámica	ceramics, pottery	las figuras de cerámica representan a la Sagrada Familia|the ceramic figures represent the Holy Family
manto	cloak	te cubrí con mi manto y me senté a contarte un cuento|I covered you with my cloak and sat down to tell you a story
antepasado	ancestor	fue el cruce de los Neandertal con los antepasados directos del hombre|it was the intermingling of the Neanderthals with the direct ancestors of man
periodístico	journalistic	me contaba detalles de la investigación periodística|he told me the details of the journalistic investigation
irritar	to irritate	una enorme capacidad para irritar a las autoridades|an enormous capacity to irritate the authorities
cúpula	cupola, dome	la cúpula del capitolio de Washington es más alta|the dome of the capital in Washington is higher
despedida	goodbye, farewell	fue triste la despedida en el aeropuerto, cuando yo iba a Israel|the farewell at the airport was sad, when I was going to Israel
calificación	evaluation, qualification	respecto a la calificación de sus años de servicio|regarding the quality of your years of service
transcurso	passing, course, lapse	dos personajes que el transcurso del tiempo ha convertido en uno solo|the passing of time has changed two people into one
resignar	to resign, relinquish	el procurador general tuvo que resignar públicamente el cargo|the general attorney had to publicly resign from his position
captura	capture, snapshot, screenshot	dejó una captura de pantalla para que puedan ver el ejemplo|he showed a screenshot so they could see the example
crónico	chronic	la debilidad militar se convirtió en un problema crónico|the military weakness became a chronic problem
demostración	demonstration	Canta, mi hija; dales una pequeña demostración de tus talentos.|Sing, my daughter; give them a demonstration of your talents.
orar	to pray, speak	inviten a sus fieles a orar por la paz y la concordia entre los pueblos|invite the faithful to pray for peace and harmony between nations
asaltar	to assault	nuevamente, lo asaltó la idea de estar perdiendo la razón|again, he was struck by the idea of losing his mind
volcar	to turn/knock over, empty	volcó el contenido del tacho de comida en la tierra|he knocked over the contents of the food container onto the ground
moto	motorcycle	hay que aplicar un nivel de atención muy alto al manejar la moto|it is necessary to pay close attention when you ride a motorcycle
bando	faction, side	políticamente no pertenecían al mismo bando rebelde|politically they don’t belong to the same rebel faction
whisky	whisky	el viajero se toma el whisky de un sólo trago|the traveler drinks whisky in one gulp
truco	trick, ruse	no es real; solo es un truco de magia|it isn’t real; it is only a magic trick
jugada	move, play	una jugada que puede ser decisiva en el partido|a play that might be decisive in the game
rencor	grudge, spite	¿No me guardas ningún rencor? // ¡Qué cosas te habrán contado de mí!|You are not holding a grudge against me? // I wonder what have they told you about me!
correctamente	correctly	ya pueden hablar el español correctamente|they can already speak Spanish correctly
caridad	charity	dan dinero al cura para obras de caridad a los pobres|they give money to the priest for charitable works for the poor
gobernación	government, management	durante la gobernación de el estado se declaró la emergencia|while governing the state he declared a state of emergency
chorro	stream, jet, spurt	nos mojó con un chorro de espuma|they got us wet with a stream of foam
sucesivamente	successively, one by one	habló sucesivamente con cada hijo|he spoke with each child, one by one
estimación	estimate	Sin embargo es demasiado optimista esa estimación.|However, the estimate is too optimistic.
directivo	executive, manager	los directivos se encierran en sus despachos|the executives are shut up in their offices
pupila	pupil	Abrió los ojos lentamente. La luz hirió sus pupilas.|He opened his eyes slowly. The light hurt his pupils.
terminal	terminal, final	Retiro es la principal terminal de autobuses de Buenos Aires.|The Retiro station is the main bus terminal in Buenos Aires.
asimilar	to assimilate	Era incapaz de asimilar y comprender lo que estaba sucediendo.|He was unable to absorb and understand what was happening.
inmigrante	immigrant	para los inmigrantes que llegan a nuestros pueblos en la frontera|for the immigrants that arrive at our border towns
jaula	cage, crate, playpen	la mariposa revolotea en la jaula vacía de la jirafa|the butterfly floats around the empty giraffe cage
directivo	managerial, administrative	los que ocupan cargos directivos son conocidos por sus egos|those who hold a managerial position are known for their egos
proximidad	proximity	está un tanto alarmado por la proximidad de la serpiente|he is quite alarmed at the proximity of the snake
traslado	transfer	Necesita hacer el traslado de un sitio a otro.|He needs to make the transfer from one site to another.
tranquilizar	to calm down	nada va a tranquilizarla; está furiosa|nothing is going to calm her down; she is furious
manuscrito	manuscript	su madre halló el manuscrito de la novela e hizo que se publicara|his mother found the manuscript and made the effort to publish it
cabecera	head, header	impidió demoler algo de la cabecera de la iglesia basilical|he prevented the overthrow of the head of the Basilica Church
pudrir	to rot, decay	han desarrollado una pera que no se pudrirá durante un largo tiempo|they have developed an apple that doesn’t go bad for a long time
guapo	handsome, beautiful	una muchacha muy bonita...muy guapa por cierto|a very beautiful girl...very pretty for sure
eliminación	elimination	no es responsable de la destrucción, alteración o eliminación de esto|he’s not responsible for the destruction, alteration, or elimination of this
bloqueo	blockade, block	El bloqueo es un obstáculo que no hemos podido enfrentar.|The blockade was an obstacle that we couldn’t deal with.
insólito	unusual, uncommon	pensaba que algo insólito estaba ocurriendo en ese lugar|he thought that something unusual was happening in that place
lente	lens, [pl] glasses	le instaló un lente óptico para que ella consiga ver el imagen mejor|he installed an optic lens for her to see the image better
suprimir	to suppress, delete	adoptó medidas contundentes para suprimir la violencia|he adopted strong measures to suppress the violence
porción	part, portion, share	Es una porción de la Iglesia que se llama diócesis.|It is a part of the church which is called a diocese.
recobrar	to recover, regain	hemos querido recobrar una época de tranquilidad y silencio|we wanted to get back to a time of peace and quiet
insultar	to insult, berate	el ciudadano acaba de insultar a la autoridad|the citizen has just insulted the authority
salsa	sauce, salsa	tiene la oportunidad de conocer al famosísimo cantante de salsa|he has the chance to meet the very famous salsa singer
ventanilla	(vehicle) window	la niña tenía la carita pegada a la ventanilla del tren|the girl had her little face stuck to the small window in the train
lámina	sheet (of metal)	prensa las hojas entre láminas de metal o de cartón liso|press the leaves between sheets of metal or smooth cardboard
tenso	tight, tense	la piel quedaba tensa como cuero|the skin was stretched tight like leather
coordinador	coordinator, organizer	trabajó como coordinador de Comunicatciones por Radio y Televisión|He worked as coordinator for Radio and Television Communications
procesar	to process, prosecute	El chip permitirá almacenar y procesar sus transacciones.|The chip allows you to save and process your transactions.
reservado	reserved, booked	era un hombre muy reservado con sus planes|he was a very cautious man with his plans
correspondencia	correspondence, connection	como corresponsal, redacto y dicto correspondencia en inglés|as a correspondent, I compose and dictate correspondence in English
yacimiento	deposit, field	se había trasladado a causa de los yacimientos de petróleo allí|he transferred because of the oil deposits there
presentir	to sense in advance	la novia presintió que algo andaba mal|the girlfriend sensed that something was wrong
mueca	face, grimace	no se borraba de sus rostros una mueca de nervios y asombro|they couldn’t erase the expression on their faces of nervousness and shock
resuelto	resolved, determined	esto sí es oportunismo, lo hacen cuando ya está resuelto|now this is opportunism, they do it when it is already solved
riguroso	rigorous, severe	Va a hacer una dieta rigurosa y escasa de grasas.|He is going to do a rigorous and low-fat diet.
recorte	clipping, cutting, trimming	Coleccionaba retratos, recortes, libros y fotografías en su biblioteca.|She collected portraits, clippings, books, and photographs in her library.
cardenal	cardinal	Si voy a Misa, y veo al cardenal ¿seré más piadosa?|If I go to mass and see the cardinal, will I be more pious?
barrer	sweep, clean out	agarra una escoba chiquita y se pone a barrer|she picks up a small broom and begins to sweep
gusano	worm, caterpillar	el gusano de seda es originario de China|the silk worm is originally from China
apuesta	wager, bet	como si hubiesen hecho una apuesta para ver quién tenía más|as if they had made a bet to see who had the most
bruja	witch, hag	había una bruja que se montaba en una escoba, todas esas leyendas|there was a witch who used to ride on a broom, all these tales
complejidad	complexity	las teorías de física tienen una cierta complejidad|physics theories have a certain complexity to them
protocolo	protocol, convention	hay un protocolo de comunicación seguro con nuestro servidor web|we use a secure communications protocol with our web server
dictador	dictator	bajo la dirección del dictador Francisco Franco|under the direction of the dictator Francisco Franco
francamente	frankly, openly	¿No te parece que debiéramos hablar francamente?|Don’t you think we should speak frankly?
espera	wait	estamos en espera de soluciones que vendrán el próximo año|we are waiting for solutions that will come next year
guión	script, hyphen	es un actor fracasado, que intenta escribir el guión de una película|he’s a failed actor who is trying to write a movie script
estrictamente	strictly	ya ve usted, no éramos estrictamente religiosos|so you see, we were not strictly religious
derrumbar	to knock down, demolish	hicimos todo lo posible por derrumbar a Lucía de su pedestal|we did everything possible to knock Lucía from her pedestal
sureste	southeast	esas tormentas ocurren en los estados del noreste y sureste|these storms occur in the northeastern and southeastern states
lastimar	to hurt, damage	me lastima en lo profundo del alma que quieras terminar|it wounds me to the core that you want to break up
apurar	to speed up, hurry up	cuando él se dio cuenta de que lo perseguía apuró el paso|when he noticed that it was following him, he hurried up
heroico	heroic	es un profesional valiente, audaz y heroico|he is a brave, bold, and heroic professional
diecinueve	nineteen	el joven tiene diecinueve años|the young man was nineteen years old
desbordar	to overflow, spill over	el gobierno tan agresivo que podría desbordar sus fronteras|such an aggressive government that it can spill over its borders
sal	salt	le echo la sal, ajo, cebolla, pimienta, y el orégano|I throw in some salt, garlic, onion, pepper, and oregano
arrepentir	to repent, regret	tenía que arrepentirse de las malas acciones|he had to repent for his wrong actions
biografía	biography	me atreví a escribir esta biografía del héroe|I dared to write the biography of the hero
cuidadosamente	carefully	me acerqué cuidadosamente para verla mejor|I carefully moved closer to see it better
desembocar	to flow, lead into	hay un gran delta antes de desembocar en el mar del Norte|there is a large delta before it flows into the Northern Sea
horizontal	horizontal	Hay dos movimientos, uno horizontal, y otro vertical.|There are two movements, one horizontal and another vertical.
colchón	mattress	le ofrecemos una cama en el suelo y un colchón viejo|we offer you a bed on the floor and an old mattress
rosado	pink, rosy	el cielo había cambiado de color tornándose rosado y violeta|the sky had changed colors, turning pink and violet
toalla	towel	viene con su pelo mojado y lo seca con la toalla|she comes with her hair wet, and she dries it with the towel
fármaco	drug, medicine	Como la mayoría de los fármacos éstos tienen sus efectos adversos.|Like the majority of drugs, these have their side effects.
salpicar	to splash, splatter	tira una taza de café y salpica tu camisa|he drops his coffee cup and splashes your shirt
sancionar	to sanction, penalize	no puede sancionar una ley local que contradiga una ley federal|he can’t sanction a local law that contradicts a federal law
carpeta	folder, file	copia los archivos a alguna carpeta de tu tableta|copy the files to a folder on your tablet
trasero	behind, back	el problema estaba en la parte trasera del barco|the problem was in the back of the boat
apetito	appetite	después de 8 horas sin comer, los soldados tenían mucho apetito|after 8 hours of not eating, the soliders had a huge appetite
cercanía	nearness, proximity	se sitúa en la cercanía del polo sur|it is situated near the South Pole
resucitar	to resuscitate	el primer paso es tratar de resucitar a la víctima|the first step is to try to resuscitate the victim
estreno	premiere, debut	También podrá participar en el estreno de la nueva película.|She could also participate in the premiere of the new film.
apóstol	apostle	las palabras escritas por el apóstol Juan en el último libro de la Biblia|the words written by the apostle John in the last book of the Bible
naval	naval	los prisioneros de la Base Naval de Guantánamo|the prisoners of the Guantanamo naval base
volcán	volcano	provocando erupciones en volcanes como el Etna y el Vesubio|causing eruptions in volcanoes such as Etna and Vesuvius
presumir	to boast, show off, suppose	te gusta presumir de ser hombre fuerte|you like to show off that you are a strong man
corteza	bark, crust, rind, peel	veo las viejas cicatrices en la corteza del árbol|I see the old scars in the tree bark
adorno	decoration, adornment	sobre la mesa del comedor estaba como adorno la estrella de David|on the dinner table was a decoration of the Star of David
económicamente	economically	para socorrer económicamente a los necesitados de su entorno|to financially help the needy around them
disculpa	apology, excuse	sinceramente le pido disculpas y lo lamento|I sincerely ask for your apology, and I regret it
censura	censorship, criticism	estableció la censura de los medios de comunicación|he established the censorship for communication media
ampliación	enlargement, extension	la ampliación del conocimiento científico|the expansion of scientific knowledge
refugiar	to take shelter, give refuge	salió buscando refugiarse en la soledad de la llanura|he came looking to take shelter in the solitude of the plains
honrar	to honor	tenemos que honrar a nuestros héroes|we have to honor our heros
muralla	city wall	¿Has visto la Gran Muralla china?|Have you seen the Great Wall of China?
rondar	patrol, serenade	comenzaron a rondar por los pasillos del Palacio de Justicia|they began wandering around the hallways of the courthouse
frustrado	frustrated	esa generación se quedó frustrada, y anojada|that generation ended up frustrated and angry
almohada	pillow	una almohada para reposar tu cuello y tu cabeza|a pillow to rest your neck and head
procesión	procession	ya no soporta el tráfico y la procesión de coches|she can no longer stand the traffic and the procession of cars
suspensión	suspension	Bomberos trabajaron allí y se decidió la suspensión de clases hoy.|Firemen were working there and it was decided to cancel classes today.
enfriar	to cool	va a enfriar el café con leche|she will cool the coffee with milk
apartamento	apartment	En poco tiempo nuestro apartamento se convirtió en el hogar.|In a short time our apartment became our home.
desplazamiento	movement, removal	estudió el desplazamiento desde un punto a otro|he studied the movement from one point to another
reportaje	news report	era el reportaje de una conocida periodista|it was the report of a well-known journalist
fundir	to melt, cast, smelt	los chinos fueron los primeros en fundir el hierro|the Chinese were the first to cast iron
retraso	delay	después de treinta minutos de retraso, el tren llegó|after thirty minutes of delay, the train arrived
acorde	agreement, accord	el solsticio de verano es un acorde del ritmo cósmico|the summer solstice works in accordance with the cosmic rhythm
rescate	rescue, ransom	la búsqueda y el rescate de personas perdidas|the search and rescue of missing people
estrés	stress	puede generar angustia y mucho estrés en las personas que lo viven|it can cause anguish and a lot of stress to people who go through it
cría	breeding, raising	con la cría de animales salvajes en rebaños|with the breeding of wild animals in herds
observador	observer	participa a título de observador; no hace nada|he participates as an observer; he doesn’t do anything
editorial	editorial	Tus primeros libros pasaron por corrección editorial.|Your first books went through editorial correction.
manual	manual, handbook	un manual de instrucciones para los nuevos empleados|an instruction manual for new employees
multa	fine, penalty, citation	insisten en que pague una multa Equivalente a 5 anos de salario|they insist that I pay a fine equivalent to 5 years of salary
catalán	Catalan	tenían un marcado acento catalán al hablar|she had a pronounced Catalan accent when she spoke
comunión	communion	en la misa tomó primera comunión|he took his first communion during mass
flexible	flexible	por encima de 20 grados Centígrados se vuelve blando y flexible|above 20 degrees Celcius, it becomes soft and flexible
arco	arch, arc, bow	me condujo bajo el arco de la puerta principal|I drove under the arch of the main door
transferir	to transfer	no tiene porqué transferir sus ineficiencias a los demás departamentos|he has no reason to transfer his inablities to other departments
entrañas	insides, bowels	murió cuando un águila devoró sus entrañas|it died when an eagle devoured its insides
restringir	to limit, restrict	El servidor web puede restringir las páginas a una red privada.|The web server can restrict the web pages of a private network
incidencia	ocurrence, impact	hay un aumento en la incidencia del cáncer de tiroides|there is an increase in the occurrence of thyroid cancer
tumor	tumor, growth	le han detectado que se trata de un tumor maligno|they have discovered that he has a malignant tumor
enfatizar	to emphasize, stress	pegó las teclas más fuerte para enfatiza|she hit the keys harder to emphasize her opinion
monarca	monarch	Napoleón derribó a un monarca de la casa de Habsburgo|Napoleon toppled the monarch of the house of Hapsburg
recitar	to recite	recita cuidadosamente las reglas|carefully recite the rules
repasar	to review, revise	el magistrado volvió a repasar sus apuntes|the judge reviewed his notes once again
barbaridad	atrocity	Estás todo sucio y rotoso; ¡qué barbaridad!|You are all dirty and ragged; how atrocious!
costoso	costly, expensive	se ha puesto en marcha todo este vasto y costoso operativo|all of this vast and expensive operation has been launched
experimental	experimental	es imprescindible la comprobación experimental de los cálculos|the experimental verification of the calculations is indispensable
princesa	princess	Sophía bailaba como la princesa en la presentación|Sophia danced as the princess in the presentation
sentenciar	to sentence, condemn	es imposible sentenciarlo sin ver el escenario del crimen|it’s impossible to sentence him without seeing the crime scene
progresivo	progressive	vemos un cambio progresivo con el tiempo|we see a continuing change in the weather
informático	computer	hay un virus informático que suplanta diferentes cuerpos de seguridad|there is a computer virus that replaces different security programs
recortar	to trim, cut off, clip	logró recortar un trozo de la túnica|he managed to cut off a piece of the tunic
tramo	section, stretch, plot	fue el tramo de 2 kilómetros entre Dos Bocas y San Lorenzo|it was the 2-kilometer stretch between Dos Bocas and San Lorenzo
camioneta	van, bus	su auto, una camioneta negra, quedó a orilla de la calle|his car, a black van, was parked on the side of the street
polaco	Polish	las fuerzas del ejército polaco huyeron hacia Rumania|the forces of the Polish army fled to Romania
empapar	to soak, drench	no es necesario el paraguas, hay que empaparse bien|you don’t need an umbrella, just get soaked to the skin
apoderar	to take power	La culpa se apoderó de nosotros y nos entregamos.|Guilt took control of us and we turned ourselves in.
escupir	to spit	me hace escupir blasfemias de lo enojado que estoy|he makes me spew cuss words from how angry I get
temeroso	fearful	es un hombre temeroso, acobardado|he is a fearful man, intimidated
comprador	buyer	felicitó al comprador por su excelente adquisición|he congratulated the buyer for his excellent acquisition
decente	respectable, decent	No, no, no, una niña decente no duerme en la casa de otras personas.|No, no, no, a respectable girl does not sleep in other people’s houses.
comprometido	committed, engaged	él le dijo que está comprometido conmigo|he told her he was engaged to me
abundancia	abundance	hablan de prosperidad, de abundancia y de reconstrucción|they speak of prosperity, abundance, and reconstruction
espiar	to spy on	Estados Unidos tiene la capacidad de espiar a los usuarios de iPhone.|The US has the ability to spy on iPhone users.
especificar	to specify, itemize	se debe especificar sus datos y rellenar un formulario|you must specify your personal information and fill out the form
detención	detention, arrest	y la posterior detención de sospechosos y delincuentes|and the subsequent detention of suspects and criminals
ficticio	fictitious	hay que recordar que en el cine todo es ficticio|you must remember that in the movies everything is fiction
indicio	indication, sign	No hay ninguna puerta abierta, ningún sonido, ningún indicio de vida.|There is no open door, no sound, no sign of life.
cráneo	skull, cranium	durante la cirugía, le partieron el cráneo en la mitad|they split the skull in half during the surgery
contaminar	to contaminate, pollute	debemos cuidar al mundo y no contaminar al medio ambiente|we should take care of the world and not pollute the environment
predominar	to predominate	donde predomina el discurso lírico|where the lyric discourse predominates
vulgar	vulgar, common, banal	Solamente es un vulgar resfriado.|It’s only a common cold.
sueco	Swiss	Para un ciudadano sueco residente en Estados Unidos el costo del pasaporte es $60.|For a Swiss citizen living in the US, a passport is $60.
implantar	introduce, implant	Isabel I quiso implantar la religión anglicana por la fuerza|Elizabeth I tried to establish the Anglican religion by force
envío	shipment, delivery	No se permite el envío de mensajes de contenido ni sexista ni racista.|Sending messages with sexist or racist content is not permitted.
habitualmente	habitually	¿Cuál es la técnica que utilizas habitualmente para estudiar?|What method do you usually use to study?
catástrofe	catastrophe	esa tremenda catástrofe cultural que fue la Guerra Grande|that tremendous cultural catastrophe that was the Great War
estupidez	stupidity, stupid thing	Supongamos que esa momia soy yo. // ¡Qué estupidez! Ya te reconozco.|Let’s suppose that I am this mummy. // How stupid! I recognize you right away.
obsesión	mania, obsession	Tiene una obsesión maniática de publicar su libro.|He has a fanatic obsession about publishing his book
emisor	transmitter, emitter	lo detectamos por el sonido del emisor de radio que le ponemos|we detected him by the sound from the transmitter that we set up
perteneciente	pertaining, belonging	es un poeta perteneciente a una joven generación|he is a poet belonging to a young generation
publicitario	advertising	vio el anuncio publicitario de un medicamento|she saw the advertising announcement of a medication
verdura	vegetables, greenery	un plato donde encuentras verduras, fruta y también carne|a plate where you find vegetables, fruits, and also meat
auxilio	help, aid, assistance	está pidiendo auxilio para sus hijos|she is asking for help for her children
rollo	roll, coil	Alán pusó el rollo de manguera en el cobertizo|Alan put the hose coil in the shed
brutal	brutal, savage	le aplicó un golpe brutal por debajo de las costillas|he gave him a brutal blow below the ribs
agradecido	grateful, thankful	estaba muy agradecido de tener trabajo|he was very thankful for having a job
descuidar	to neglect	enseñan bastante el francés, pero descuidan el español|they teach quite a lot of French, but they neglect Spanish
popularidad	popularity	¿Cómo se explica usted la baja popularidad del Presidente?|How can you explain the unpopularity of the President?
galaxia	galaxy	La Vía Láctea es nuestra galaxia, el Sistema Solar está dentro de ella.|The Milky Way is our galaxy, the Solar System is inside it.
incierto	uncertain	¿Era su destino tan incierto como el mío?|Was your destiny as uncertain as mine?
veneno	poison, venom	el veneno de la cobra asiática es muy tóxico|the venom of the Asiatic cobra is very toxic
renuncia	resignation, renunciation	hubo una renuncia de un secretario de gobernación|there was a renunciation of the head secretary
contorno	outline, perimeter, edge	miraban el irregular contorno de las nubes|they looked at the irregular shapes of the clouds
altamente	highly	la limpieza del combustible altamente radiactivo|the purity of the highly radioactive fuel
certificado	certificate	Tengo una licencia de sustituto, y un certificado en educación infantile.|I have a substitute’s license and a certificate in elementary education.
jerarquía	hierarchy, rank	no sólo figura mi nombre y apellido, sino mi jerarquía en la fábrica|not just my first and last name appear, but my position in the factory
predicar	to preach	Practica lo que predicas.|Practice what you preach.
emigrar	to emigrate	finalmente decidimos emigrar de España|we finally decided to emigrate from Spain
reparto	distribution, delivery	se debe hacer otro reparto más equitativo|you should do the other distribution more fairly
precedente	precedent	es un avance sin precedentes en la historia del país|it is an advance without a precedent in the history of the country
residente	resident	Mi marido argentino y yo somos residentes permanentes en Londres.|My Argentine husband and I are permenant residents of London.
aislar	to isolate, insulate	mantendrá la política de aislar económicamente a Cuba|he will maintain the policy of isolating Cuba economically
transitar	to roam, go by	los pasajeros que transitan por el terminal tienen prisa|the passengers that circulate through the terminal are in a hurry
divisa	currency, emblem	La depreciación sufrida por el dólar frente al resto de divisas.|The depreciation that the dollar has suffered, compared to other currencies
grato	agreeable, pleasant	sería muy grato para mí, si usted quisiera cenar conmigo|it would be very pleasant for me if you wanted to have dinner with me
alarma	alarm	el timbre de alarma no me preocupó demasiado|the sound of the alarm didn’t worry me much
entretenimiento	entertainment	eran utilizados como entretenimiento; para hacer las personas reír|they were used as entertainment; to make people laugh
protector	protector, defender	se llamaba protector de los indios|he was known as protector of the Indians
collar	collar, necklace	ella se compra un collar de perlas|she buys herself a pearl necklace
precaución	caution, forethought	la precaución le había salvado la vida|caution had saved his life
clic	click	simplemente buscas algo, haces clic y tendrás resultados|you simply find something, click on it, and you will have your solution
escasez	scarcity, shortage	Es una alimentación inadecuada, por una escasez de fibras.|It is an inadequate diet, with a shortage of fiber.
topar	to run into, bump into	se topó con Marco en el parque|she ran into Marco at the park
corral	corral, yard	la docena de gallinas que criaba en el corral|the dozen chickens he used to raise in the yard
alba	dawn, daybreak	los fantasmas vagan desde la medianoche hasta el alba|the ghosts wander around from midnight until dawn
productividad	productivity	la empresa que no incrementa su productividad termina por quebrar|a company that doesn’t increase their productivity will end up broke
pastilla	pill, capsule	tomó una pastilla blanca pequeña y se la puso debajo de la lengua|she took a small white pill and she put it under her tongue
decidido	determined, resolute	lo nuestro es hermoso y estoy decidido a luchar por él|what we have is beautiful and I am dedicated to fighting for it
progresar	to progress	progresó mucho este año|he progressed a great deal this year
facción	(face) feature, faction	la palidez ha afilado sus facciones faciales|her pallor has sharpened her facial features
referente	concerning	contiene todos los datos referentes al abonado y su servicio|it has all the information concerning the subscriber and his service
gasolina	gasoline	Pero además tú traes algo de gasolina en tu tanque.|Aside from that, you have some gas in your tank.
extremadamente	extremely	creo que España es un país extremadamente emocional|I believe that Spain is an extremely emotional country
alerta	alert	los programas de prevención y alerta funcionaron|the prevention and alarm programs worked
innecesario	unnecessary	no quiero perder el tiempo en trámites innecesarios|I don’t want to waste time on unnecessary procedures
cariñoso	affectionate	es una gata cariñosa que siempre pide una caricia|she is an affectionate cat that always wants to be petted
ilustrar	to illustrate	está dedicado a ilustrar sus sueños con grandes pinturas murales|he is dedicated to illustrating his dreams with great mural paintings
fuertemente	strongly	se identifica usted fuertemente con algunos artistas visuales|you are frequently identified with several visual artists
adherir	to adhere, attach	se adherían formalmente al programa|they stuck to the official program
bordar	to embroider	le enseñaron a coser y a bordar tapices|they taught her to sew and embroider tapestries
codo	elbow	dobla los brazos por el codo y levanta cien kilos|he bends his arms at the elbow and lifts 100 kilograms
animado	excited, lively	¡Esta es una fiesta muy animada!|This is a very lively party!
movilizar	to mobilize	han movilizado a los hombres con edades entre dieciseis y veinticuatro años|they have mobilized all men between sixteen and twenty-four years old
hígado	liver	mi abuela que vive en Georgia siempre me prepara hígados de gallina fritos|my grandmother that lives in Georgia always cooks fried chicken livers for me
satisfactorio	satisfactory	al final llegan a un desenlace satisfactorio para todos|finally they arrived at a satisfactory outcome for everyone
hábil	skillful, clever	Es especialista muy listo, muy hábil, muy capacitado.|He is a very smart, very skillful, and very capable specialist.
fabricante	manufacturer	ha logrado atraer a los fabricantes de teléfonos para usar su sistema|he has been able to attract phone manufacturers so they use his system
incorporación	inclusion, incorporation	la incorporación de España a la Comunidad Europea|the inclusion of Spain in the European community
ama	housekeeper, housewife	cuánto amaba a ese muchachito hermoso|she loved that beautiful boy so much
bolso	bag, purse	Te decimos qué empacar en la maleta o bolso para cuando des a luz.|We will tell you what to pack in your bag for when you give birth.
canciller	chancellor, ambassador	El canciller argentino se mostró molesto con el gobierno chileno.|The Argentine ambassador seemd annoyed with the Chilean government.
públicamente	publicly, in public	a muchos de ellos se les ha apoyado públicamente|many of them have been supported publicly
tolerancia	tolerance	es difícil tener tolerancia con esos individuos|it is hard to have tolerance for those individuals
idiota	idiot, dunce	me llamó inútil, me llamó idiota, me llamó imbécil|he called me useless, he called me idiot, he called me imbecile
catálogo	catalog	buscaba el catálogo de cursos escolares|she was looking for the catalog of school courses
constatar	to prove, verify	logró constatar que nunca antes había estado en ese lugar|she managed to prove that she had never been to that place before
deficiencia	deficiency, lack	hay gente que sufre las deficiencias en el servicio público de salud|there are people who suffer from the dificencies in the public health system
atormentar	to torture, torment	me atormenta el alma y me impide el sueño|it torments my soul and keeps me from sleeping
solemne	solemn	hizo una promesa solemne|he made a solemn promise
compatriota	fellow countryman	te gusta que tus compatriotas te apoyen|you like that your fellow countrymen support you
frotar	to rub, scrub	hay que secar la piel sin frotar y aplicar una crema hidratante|dry off your skin without rubbing and apply a moisturizer
comisaría	police station	se lo llevaron a la comisaría local, en donde fue interrogado por 7 horas|they took him to the local police station where he was interrogated for 7 hours
metodología	methodology, method	para minimizar la variabilidad entre laboratorios y sus metodologías|in order to minimize the variability between laboratories and their methods
millonario	millionaire	se roban todo y viven como millonarios de el mundo capitalista|they steal everything and then live like millionaires of the capitalist world
bote	boat, container	los tira en el bote para llevarlos al mar|he throws them into the boat to carry them out to sea
bicho	bug, creature	no había nada aparte de bichos molestos|there was nothing other than annoying bugs
hongo	mushroom, fungus	su médico diagnostica además una infección por bacterias u hongos|his doctor also diagnosed a bacterial infection or fungus
movilización	mobilization	esperan la movilización a muchos votantes socialistas|they hope for the mobilization of many socialist voters
lienzo	canvas, painting	Consiste en un lienzo rectangular de color azul.|It consists of a rectangular blue canvas.
franja	strip, stripe, fringe	apenas separadas por una franja de tierra verde|they are hardly separated by a strip of green land
cinturón	belt	mi padre tensó el cinturón otra vez; ha perdido 10 libras|my father tightened his belt again; he has lost 10 pounds
repetición	repetition	la repetición es la clave de aprender español|repetition is the key to learning Spanish
sombrío	shady, dark, dismal	se asomó a la ventana mirando el enorme y sombrío patio|she appeared at the window, looking at the enormous, dark patio
valiente	brave, courageous, bold	la gente valiente supera el miedo que siente|brave people overcome the fear that they feel
olla	pot, kettle	la añadó a una olla gigante de sopa de pollo hirviendo|she added it to a giant pot of boiling chicken soup
encajar	to insert, fit well	no encaja con la decoración|it doesn’t fit well with the decor
limón	lemon, lime	la mezcla de miel con limón es muy efectivo para combatir los síntomas de la gripe|the mixture of honey and lemon is very effective in fighting off flu symptoms
complementario	additional, complementary	le concedí tiempo complementario|I gave him additional time
narrador	narrator	hacen uso de un narrador que comenta la escena|they use a narrator that comments on the scenes
contrastar	to contrast	su simplicidad estilística contrasta con su complejidad psicológica|his stylistic simplicity contrasts with his psychological complexity
simultáneamente	simultaneously	varias empresas operan simultáneamente en ese edificio|various companies operate simultaneously in that building
resistente	tough, resistant, durable	proporciona una superficie lisa, dura y resistente|it provides a smooth, hard, and durable surface
acumulación	accumulation	el problema de la acumulación de residuos en el medio ambiente|the problem of the accumulation of residue in the environment
araña	spider	esta red de mentiras que tejiste como una araña|this web of lies that you spun like a spider
cicatriz	scar	La operación sólo dejó pequeñas cicatrices.|The surgery only left small scars.
festejar	to celebrate	los vecinos salieron a brindar y festejar la llegada del año nuevo|the nieghbors came out to drink a toast and celebrate the new year
controversia	controversy	Son asuntos políticos que no van a entrar en una controversia.|They are political issues that are not going to start a controversy.
portada	cover, title page	ha llevado la cuestión a la portada de los periódicos de ámbito nacional|it has brought the matter to the covers of national magazines
fidelidad	faithfulness, accuracy	no recuerdo con fidelidad los detalles|I don’t remember the details with accuracy
complicación	complication	espero que tu embarazo sea sin complicaciones|I hope your pregnancy is without complications
mostrador	counter, desk	se trata de la persona del otro lado de el mostrador en una tienda|it has to do with the person on the other side of the counter in a store
escurrir	to drip, drain, trickle	Enjuagar la cebolla rallada con agua, escurrir y reservar.|Rinse the grated onion with water, drain it, and set it aside.
apelar	to call upon, appeal to	apela a su sentido de la responsabilidad|he is appealing to her sense of responsibility
goma	rubber	una pelota de goma, rebotando, va a detenerse a sus pies|a rubber ball, bouncing, is going to stop at your feet
agricultor	farmer	comenzó como una sociedad rural de agricultores independientes|it began as a rural society of independent farmers
vejez	old age	quería vivir hasta la vejez con un marido leal|she wanted to live until old age with a loyal husband
factura	invoice, bill	tenía que enviarnos la factura telefónica mensual|he had to send us the monthly phone bill
torcer	to twist, bend, distort	le torció el brazo y logró que soltara la pistola|he twisted his arm and got him to drop the gun
sustentar	to maintain, support	las bases sobre las que se sustenta el ejercicio del poder político|the foundations which support the exercise of political power
colar	to slip in [se]	para colarse dentro del cuarto por la ventana abierta|to slip in the room through the open window
mango	handle, mango	una pala muy rara, estrecha y larga con un mango de un metro|a very strange shovel, narrow and long, with a handle measuring one meter
donación	donation	se necesita apoyo financiero, por lo que agradecemos su donación|we need financial support, which is why we are grateful for your donation
denominación	name, denomination	el territorio conocido por la denominación de Países Bajos|the territory known under the name of the Netherlands
parroquia	parish	iban a la misa de los domingos, en la parroquia|they used to go to the Mass on Sundays, at the parish
madurar	to mature, ripen	me falta madurar, me falta adquirir técnicas|I need to mature, I need to acquire technique
oso	bear	había osos polares, zorros, liebres y pájaros árticos|there were polar bears, foxes, hares, and arctic birds
indirecto	indirect	¿Sabes la diferencia entre el objeto directo y el objeto indirecto?|Do you know the difference between the direct object and the indirect object?
iluminación	illumination, lighting	se van las luces y sólo queda la iluminación de velas|the lights are going out and only candlelight is left
reparación	repair, reparation	los microrobots podrán ser aplicados en la reparación de tejidos|microbots will be able to repair tissues
decadencia	decline, decay	Era más famoso durante la decadencia del arte modern.|He was more famous during the decline of modern art.
alquiler	rent, rental	Necesita dinero para pagar el alquiler del piso en que vive.|He needs money to pay the rent for the apartment where he lives.
invento	invention	Edison anunció en 1877 el invento del fonógrafo|Edison announced the invention of the phonograph in 1877
diseñador	designer, stylist	el diseñador trabaja bajo ciertas pautas de las que el artista carece|designers work within certain guidelines which artists don’t have
alambre	wire	por una pieza de alambre de acero inoxidable|for a piece of stainless steel wire
migración	migration	El problema crece con la migración del campo a la ciudad.|The problem is growing with migration from the country to the city.
integridad	integrity	siempre hemos admirado tu integridad y tu valentía|we have always admired your integrity and your courage
saliva	saliva, spit	La rabia se transmite por la saliva del animal infectado.|Rabies is transmitted through the saliva of the infected animal.
continental	continental	situado en la parte sureña del territorio continental de Estados Unidos|located in the southern part of the continental territory of the United States
ascensor	elevator	cerré la puerta y bajé en el ascensor|I closed the door and went down on the elevator
congelar	to freeze	a esa temperatura no debería de congelarse|at that temperature it shouldn’t freeze
embarcar	to embark, load	faltaba una hora para embarcar en el avión|they had an hour left before the plane took off
simular	to pretend, simulate	siempre está leyendo, o simulando leer|she is always reading, or pretending to read
encaje	lace	tenemos un tapete de encaje, precioso, en blanco|we have a lace rug; beautiful and white
peón	unskilled laborer, field hand	muchas granjas contratan peones por una estación|many farms hire farmworkers for a season
abusar	to abuse	uno no debe abusar de la confianza de los padres|one should not abuse parental trust
vaciar	to empty, pour out	ella lo toma de a sorbitos hasta vaciar su copa|she takes sips of it until she empties the cup
testamento	will, testament	su héroe era el Job del Antiguo Testamento|his hero was Job from the Old Testament
bono	bond, certificate, voucher	ofrece un horario de trabajo flexible, un excelente sueldo y bonos|it offers a flexible work schedule, an excellent salary and bonuses
súbito	sudden	un relámpago súbito ilumina la escena|a sudden lightning bolt illuminates the scene
arruga	wrinkle	al pasar los años las arrugas asoman al rostro|with the passing of years wrinkles will appear on your face
síndrome	syndrome	a los 14 años los médicos le diagnosticaron el síndrome de Asperger|at the age of 14 the doctors diagnosed him with Asperger’s syndrome
estatuto	statute	se regirán por las normas del Estatuto de Servicio Civil|they will be ruled by the Statute of Civil Service
rebelde	rebel, insurgent	su uso de la fuerza contra los rebeldes antisoviéticos en Hungría|their use of force against the anti-Soviet rebels in Hungary
encantado	pleased, delighted	Martin quedó encantada con los regalos recibidos|Martin was delighted with the gifts he received
alimentario	food	su dieta alimentaria contenía cantidades suficientes de caloríasa|his balanced food diet included a sufficient quantity of calories
largar	to let go, start out	mis hermanos tenían que largarse detrás de los primos menores|my brothers had to start out behind the younger cousins
cueva	cave	es una pequeña cueva rodeada de inmensas rocas|it is a small cave surrounded by huge rocks
manipulación	handling, manipulation	usaban estrategias de control y de manipulación sobre la clase baja|they used control and manipulation strategies over the lower class
hormiga	ant	los animales sociales, como las abejas y las hormigas|the social animals, like bees and ants
licenciar	to license, discharge	decidirá licenciarse en la carrera de Derecho|he will probably decide to get a law degree
cuna	cradle, birth, lineage	cantaron las canciones de cuna que las madres dedicaban a los críos|they sang the lullabies that mothers sang to their children
fusil	gun, rifle	¿Cómo se debe detener a un hombre armado con un fusil AK-47?|How can you stop a man armed with an AK-47 rifle?
alternar	to alternate	alternamos la gimnasia con la natación|we alternate between gymnastics and swimming
índole	nature, temperament	eran de índole resignada y sumisa|they had a resigned and submissive nature
latir	to beat (heart)	mi corazón se puso a latir rápidamente|my heart began to beat rapidly
detenido	prisoner, detainee	los detenidos fueron acusados de traficar en la marihuana|the prisoners were accused of selling marijuana
uruguayo	Uruguayan	las costumbres uruguayas tienen origen en el conocimiento de las hierbas|Uruguayan customs come from the knowlede of herbs
rocío	dew	baña de rocío a los hermosos jardines|it bathes the beautiful gardens with dew
seriedad	seriousness	siempre se comporta con mucha seriedad|she always behaves with such seriousness
invención	invention, contrivance	era pura invención; no tenía ningún fundamento real|it was pure invention; it didn’t have any basis in reality
reprimir	to repress	no pudo reprimir sus ganas de llorar|she couldn’t repress her desire to cry
irregularidad	irregularity	la aerolínea tuvo diferentes retrasos e irregularidades en sus vuelos|the airline had problems with delays and irregularities with their flights
panel	panel, screen	haga clic en Panel de control|click on the control panel
cabellera	hair	la abundante cabellera castaño oscura arreglada en dos trenzas|her abundant dark brown hair that was arranged in two braids
entierro	burial	voy al entierro de mi abuelo|I am going to my grandfather’s burial
postre	dessert	hay un postre de helados de fresas en el congelador|there is a strawberry ice cream dessert in the freezer
hispano	Hispanic	los calificativos «hispano» o «blanco» obedecen a definiciones sociales|the words “hispanic” and “caucasian” follow social definitions
alertar	to alert, warn	sonaron las campanas para alertar al poblado|they sounded the bells to alert the village
tumbar	to knock over, cast down	Beatriz lo tumbó al suelo derramando toda la espuma|Beatriz knocked it over on the ground, spilling all the foam
creyente	believer, follower	Lo que ustedes, los creyentes, tienen con Dios, es muy hermoso.|What you, the believers, have with God is very beautiful.
celda	cell	Un prisionero está en una celda guardada por dos carceleros.|A prisoner is in his cell, guarded by two jailers.
cinematográfico	cinematic	tras años de ausencia en la escena cinematográfica regresa feliz|after years of absence from the cinematography scene, he’s happy to return
tomate	tomato	algunas fuentes vegetales son tomates, espinacas, col y pimientos|some vegetable sources are tomatoes, spinach, cabbage, and peppers
constancia	perseverance	seguiremos con constancia hasta que lo logremos|we will continue to persevere until we achieve it
suministro	supply, provision	Si busca los medicamentos recetados ve al suministro de emergencia.|If you’re looking for the prescribed medicine go to the emergency supplies.
encoger	to shrink	es flexible, así que se alarga y encoge según la ocasión|it’s flexible, so it expands or shrinks according to the situation
autorizado	authorized	el individuo está autorizado para ejercer los derechos políticos|the individual is entitled to exercise political rights
partidario	in favor of, supportive	yo no soy partidario de los noviazgos largos|I am not a supporter of long engagements
reanudar	to renew, resume	rehusó aceptar el veredicto y trató de reanudar la batalla|he refused to accept the verdict and tried to resume the battle
bruto	brutal, coarse, clumsy	es un bestia, un bestia bruto|he is a beast, a stupid beast
desfile	parade, line, formation	me gusta ver el desfile de los caballos desde el parque|I like to watch the parade of horses from the park
harina	flour	mi madre siempre hace a mano tortillas de harina|my mother always makes flour tortillas by hand
pedagógico	pedagogical, teaching	cree en el valor pedagógico de la literatura infantil|she believes in the pedagogical value of children’s literature
gemir	to moan, groan	Debes gritarlo, gemirlo, hacer que se sienta que realmente lo necesitas.|You should shout it, moan about it, and make him realize that you really need it.
caracol	snail, shell	Es un tubo enrollado como la concha de un caracol.|It’s a tube rolled up like a snail’s shell.
estética	aesthetics	incorpora el psicoanálisis a la estética musical y la mitología|it combines psychoanalysis with musical aesthetics and mythology
revivir	to revive	revivió en su memoria la imagen de su abuelo anciano|the image of his aged grandfather revived in his memory
veloz	fast, quick	desarrolló un método veloz para encontrar genes|he developed a fast method to locate genes
desafiar	to defy, stand up to	tiene la osadía de desafiar la autoridad|he has the audacity to stand up to authority
fascinante	fascinating	fue una experiencia fascinante|it was a fascinating experience
devoción	devotion	San Francisco era objeto de la especial devoción de doña Ramirez|San Francisco was the recipient of Mrs. Ramirez’s special devotion
volante	steering wheel	con las dos manos en el volante, empezó a manejar|she began to drive with both hands on the wheel
tranquilamente	calmly, peacefully	está allá fumando tranquilamente en la oscuridad|he is over there, smoking calmly in the dark
culo	bottom, butt	no es ningún payazo para caerse de culo|he’s not a clown who falls on his bum
ampliamente	widely	hoy, sin embargo, su teoría es ampliamente aceptada|today, however, his theory is widely accepted
dedicación	dedication, devotion	yo lo hacía con una fe y una dedicación religiosa|I did it with faith and a religious devotion
impregnar	to impregnate, permeate	para combatir las manchas hay que impregnarlas con jugo de limón|to fight stains, you should steep them in lemon juice
víspera	eve	En la víspera de su partida, imaginaba la victoria.|On the eve of his game, he envisioned victory.
enlazar	to link, connect	no olvides enlazar los archivos con los títulos|don’t forget to link the files with the titles
prudente	sensible, prudent	no era prudente esa pregunta en esa situación|that question was not prudent in that situation
incapacidad	inability, incompetence	Es imposible por nuestra incapacidad de recordar los detalles.|It is impossible because of our inability to remember details.
defensivo	defensive	para el desarrollo de un sistema defensivo de misiles antibalísticos|for the development of a defensive system of anti-ballistic missiles
antena	antenna	detectaron unas interferencias en una antena de comunicaciones|they detected a few interferences in a communication antenna
fotográfico	photographic	una calidad que puede ser comparado al realismo fotográfico|a quality that can be compared to photographic realism
charco	pool, puddle	José estaba muerto sobre un charco de sangre|Joseph was dead, lying in a puddle of blood
bandeja	tray	entra Ana con una bandeja llena de queso|Ana enters with a tray full of cheese
maniobra	maneuver, operation	no es sabio que se produzcan unas maniobras militares con fuego real|it’s not smart to have military maneuvers take place with live fire
romance	romance	no he visto mucho romance en nuestra pareja|I haven’t seen much romance in our twosome
sofá	sofa, couch	recostado en el sofá, con los pies arriba|lounging on the couch, with his feet up
moderado	moderate, mild	El consumo moderado de alcohol reduce el colesterol.|Moderate consumption of alcohol reduces cholesterol.
embarcación	ship, embarkation	on embarcaciones de lujo, con capacidad de 100 o más|they are large luxury ships with a capacity of 100 or more
espuma	foam, lather	las olas acaban en espuma cuando llegan a la playa|the waves end up as foam when they reach the beach
alojar	to host, accommodate	no podían alojar a tantos delincuentes|they were not able to house so many criminals
atómico	atomic, nuclear	Teníamos que trabajar en la creación de una bomba atómica.|We had to work in the creation of the atomic bomb.
esplendor	splendor	era un mundo refinado, de gran esplendor, con joyas y candelabros|it was a refined world, of great splendor, with jewels and candelabras
capitalista	capitalist	Estados Unidos fue democrático y capitalista, y USSR fue comunista.|The US was democratic and capitalist, the USSR was comunist.
dialogar	to confer, talk	nosotros podemos dialogar sin que nos escuchen|we can talk without anyone hearing us
fundamentar	to base, found	Para fundamentar sus ideas se propone seguir el esquema.|To lay the foundation for his ideas, he proposes that we follow the outline.
justificación	justification	carece de justificación, carece de explicación, carece de fundamento|he lacks justification, explanation, and grounds
decorado	decorated	debe estar escrupulosamente limpio, decorado de un buen gusto|it should be scrupulously clean, decorated in good taste
desierto	deserted, desolate	El bulevar estaba desierto, y sin ruido alguno.|The boulevard was deserted and without a sound.
descalzo	barefoot	solían andar descalzos y hasta sin camisa|they usually walked barefoot and even without a shirt
precipitación	precipitation, rainfall	vientos y tormentas masivos, lo que a su vez afectará a la precipitación|winds and massive storms, which will affect the precipitation
teología	theology	la teología es la reflexión sobre el misterio de Dios|theology is reflecting on the mystery of God
muscular	muscular	¿Qué ejercicios recomiendas para que gane masa muscular?|What exercises do you recommend so I can increase my muscle mass?
canadiense	Canadian	Sólo se aseguran ahorros en moneda canadiense.|Only savings in Canadian currency are secure.
privilegiado	privileged	le conceden un lugar privilegiado en el panorama internacional|he was given a privileged position in the international scene
admirable	admirable	Admiro su vitalidad y su contagiosa alegría de vivir.|I admire his vitality and his infectious joy of life.
innumerable	innumerable, countless	es innumerable la cantidad de cosas|the number of things is beyond counting
meditación	meditation	la necesidad de un periodo de recogimiento, silencio y meditación|the need for a period of seclusion, silence and meditation
clavo	nail, tack, peg	en la pared, un clavo que sujeta una corona amarilla de plástico|on the wall, a nail that holds up a yellow plastic crown
chaqueta	jacket	me quité la chaqueta porque tenía calor|I removed my jacket because I was hot
velo	veil	varias mujeres caminaban con un velo negro sobre la cara|several women walked with black veils over their faces
amargura	bitterness, sorrow	ella sentía una tristeza y una amargura profunda|she felt a deep sadness and bitterness
yacer	to lie, be located	para mí aquí yace el origen del engaño|it seems to me that here lies the origin of the hoax
recomendable	advisable	Es recomendable mantener las uñas pintadas, ya que el esmalte las protégé.|It is advisable to keep your nails painted, since nail polish protects them.
diluir	to dilute, weaken	la tinta se diluye en el agua|the ink is diluted in water
bienvenido	welcome	Si haces las cosas bien serás bienvenido.|If you do things well you will be welcome.
retirada	retreat, withdrawal	ordenó la retirada del área de combate del ejército|he ordered the retreat of the army from the combat zone
mago	magician, wizard	las aventuras del mago Harry Potter en la escuela Hogwarts|the adventures of the wizard Harry Potter in Hogwarts school
tembloroso	trembling, shaky	Un borrachito con la botella en la mano temblorosa, dijo tonterías.|A drunkard with a bottle in his trembling hand, spoke nonsense.
cazador	hunter	el animal acosado huye y el cazador lo asesina|the hunted animal flees and the hunter kills it
amontonar	to gather, accumulate	No traten de amontonar riquezas aquí en la tierra.|Don’t try to accumulate wealth here on earth.
despojar	to deprive, rob	despoja a la gente de sus derechos|it deprives them of their rights
coca	cocaine, coke	para erradicar en el campo el cultivo de la hoja de coca|to wipe out the cultivation of coca leaves in the country
plasmar	to express, capture	me dedico a dibujar y plasmar la imagen de nuestro señor|I am dedicated to drawing and expressing the image of our Lord
perfeccionar	to perfect	quiero un trabajo que me permita perfeccionar las habilidades|I want a job that will allow to me perfect my skills
montañoso	mountainous	Su topografía es quebrada y montañosa.|Its topography is rough and mountainous.
endurecer	harden, make hard	después de 2 días se endureció todo el pan|after 2 days, all the bread was hard
donar	to donate	¿Qué órganos y tejidos se pueden donar?|Which organs and tissues can be donated?
acontecer	to happen, come about	le conté los sucesos acontecidos ayer|I told him the events that happened yesterday
apagado	turned off	¿Porqué tienes la luz apagada?|Why do you have the light tuned off?
cívico	civic, civil	promovía el interés cívico del acto de donar sangre|he upheld his civic duty by the act of donating blood
novelista	novelist	Unamuno fue ensayista, novelista y poeta|Unamuno was an essayist, a novelist, and a poet
sobrepasar	to excel, outperform	sobrepasaban los límites impuestos|they exceed the imposed limits
predecir	to predict	no era difícil predecir el futuro inmediato|it was not difficult to predict the immediate future
arqueológico	archaeological, archeological	fue descubierto en una pirámide en el centro arqueológico|it was discovered in a pyramid at the arquological site
transacción	transaction, deal	Antes de dormir analizó todas sus transacciones y actividades del día.|Before sleeping, he analyzed all his transactions and activities of the day.
desencadenar	to unleash, unchain	se desencadenó una tormenta de truenos y relámpagos|it unleashed a storm of thunder and lightning
ancho	width	tendrá 8,5 metros de ancho por catorce metros de alto|it must be 8.5 meters in width by 14 meters in height
asentamiento	settlement, colony	los asentamientos humanos habitables presuponen cooperación|inhabitable human settlements require cooperation
intuir	to sense	debes aprender a observar, a intuir|you should learn how to observe, to sense
contradictorio	contradictory	las dos cuestiones son totalmente contradictorias|the two questions are completely contradictory
respetuoso	respectful	todos nos miraban en un silencio respetuoso|everyone looked at us in respectful silence
financiación	financing, funding	dicha financiación es más costosa con los costes del acuerdo|said financing is more expensive than the costs of the agreement
costero	coastal	La guardia costera confirmó que un barco con pasajeros se volcó.|The coast guard confirmed that a ship with passengers has capsized.
restablecer	to re-establish, restore	para restablecer las relaciones con el Vaticano|to establish the relations with the Vatican
andino	Andean	antiguos campesinos de origen andino migran a los núcleos urbanos|elderly country folk of Andean descent are migrating to urban centers
árbitro	umpire, referee	Lo que cobra un futbolista o árbitro o entrenador aparece en el registro.|The fees charged by a soccer player, referee, or coach will appear in the record.
torturar	to torture, torment	un chico de 14 años de edad que fue torturado y asesinado|a 14-year-old boy was tortured and killed
piscina	swimming pool	yo nadaba en la piscina del patio|I used to swim in the patio swimming pool
prestigioso	prestigious	se fue a estudiar en un prestigioso conservatorio en Londres|she went to study at a prestigious conservatory in London
sinfonía	symphony	la primera sinfonía beethoveniana triunfó completamente|Beethoven’s first symphony was a complete triumph
espina	thorn, spine	no hay rosas sin espinas|there are no roses without thorns
estatura	stature, height	las modelos tienen que tener 1,7 m de estatura por lo menos|models must be at least 1.7 m tall
fatiga	fatigue	para aliviar de la fatiga de su pierna rota|to alleviate the fatigue of her broken leg
parámetro	parameter	son sistemas de parámetros imposibles de contrastar con la realidad|they are systems with parameter that are impossible to compare with reality
compasión	compassion	se establece la relación con amor, comprensión y compasión|a relationship is based on love, understanding, and compassion
especulación	speculation, conjecture	este año se caracterizó por la especulación y la incertidumbre|this year is characterized by speculation and uncertainty
agachar	to duck, bend down	Tuve que agacharme y acercarme a los alumnos más pequeños.|I had to bend down and get closer to the smaller students.
intacto	intact	el paquete llegó intacto a su destino|the package arrived intact to its destination
pirámide	pyramid	construyeron las pirámides y otras estructuras monumentales|they built the pyramids and other monumental structures
vibración	vibration	el sonido se produce por la vibración de las cuerdas vocales|the sound is produced by the vibration of vocal chords
étnico	ethnic	su clase social específica el origen étnico|your social class indicates your ethnic origins
pésimo	dreadful, awful	las trataban muy mal, sentí muy pésimo|they were treated very badly, I felt awful
barroco	baroque, elaborate	diseñaron un enorme complejo de estilo Barroco|they designed an enormous complex in the baroque style
gala	gala (performance/dinner)	será una gala a beneficio de la institución|it will be a gala to benefit the institution
nobleza	nobility, uprightness	la nobleza no se hereda, señor; la creamos con nuestros actos|nobility is not inherited, sir; we create it with our actions
enormemente	enormously	la ejecución técnica del proyecto es enormemente complicada|the technical execution of the project is enormously complicated
provecho	benefit, use	buscaban la forma de sacar provecho de la situación|they are looking for ways to take advantage of the situation
cauce	(river) bed, ditch	el río siempre irá por ese cauce, por ese valle|the river will always go through this riverbed, through this valley
chispa	spark	se le encendió una chispa en los ojos|it lit a spark in his eyes
burro	donkey	estar harto de trabajar como un burro bajo presiones constantes|to be fed up of working like a donkey under constant strain
inundación	flood, deluge	la inundación anual del río Nilo|the yearly flood of the River Nile
sirena	siren, mermaid	la sirena del barco no estaba funcionando|the boat’s siren was not working
curiosamente	strangely, funnily enough	pero, curiosamente, no se mencionó en absoluto dicho mensaje|but, strangely enough, he did not mention the message at all
ofensiva	offensive, attack	lanzó una exitosa ofensiva contra la ocupación española|he launched a successful attack against the Spanish occupation
exótico	exotic	el tráfico de animales exóticos es ilegal|the trafficking of exotic animals is illegal
cima	summit, peak, top	uno se debe sentir así cuando llega a la cima de una montaña|one should feel like this when arriving at the top of a mountain
reconstrucción	reconstruction	busqué materiales para la reconstrucción de mi casa|I looked for materials for the rebuilding of my house
enmarcar	to frame	para enmarcar esta situación en un contexto teórico|to frame this situation and put it in a theoretical context
melancólico	melancholy	encierra un espíritu poético, melancólico, sentimental|she lived in a melancholy state
articulación	articulation, joint	el poner en juego la articulación de las ideas básicas del psicoanálisis|putting in play the interaction of the basic concepts from psychoanalysis
mediterráneo	Mediterranean	algunos países mediterráneos—Grecia, Italia y España|some Mediterranean countries—Greece, Italy, and Spain
retratar	to portray, draw	ha logrado retratar al Ecuador desde el punto de vista de un turista|he has managaed to portray Ecuador from the tourist’s viewpoint
flota	fleet	Criticó que esta flota de vehículos tiene de 20 a 35 años.|He complained that this fleet of vehicles is 20–35 years old
fracción	fraction	en la primera fracción de un segundo después del Big Bang|in the first fraction of a second after the Big Bang
contagiar	to infect, infest	un gato infectado puede contagiar la enfermedad a otros|an infected cat can transmit the illness to others
molde	mold, cast, pattern	el molde es una cavidad que tiene la forma exacta de un barco|the mold is a hollow pan that has the exact shape of a boat
fauna	fauna, wildlife	también encontramos gran variedad de fauna y flora|we also found a wide variety of wildlife and plants
apasionar	to inspire, be passionate about	quiero apasionarme por la carrera y no aburrirme|I want to be passionate about my career and not be bored
nalgas	buttocks, backside, bottom	me veo demasiado gordo en las nalgas y en la piernas|I look too fat in my backside and my legs
indignar	to anger	espero que pueda resolverlo, en lugar de indignar e insultar|I hope you can resolve it, instead of angering and insulting
convento	convent, monastery	se fueron al convento a buscar unas monjas|they went to the convent to look for some nuns
literalmente	literally	hasta ser borrados literalmente del mapa|to be literally wiped off the map
coco	coconut	en el coco, la cáscara dura exterior es el pericarpio|in the coconut, the outer hard shell is the pericarp
chimenea	chimney, fireplace	mi casa ideal necesita tener una chimenea|my ideal house must have a fireplace
supervivencia	survival	posibilita la supervivencia de los animales que todavía están vivos|it enables the survival of the animals that are still alive
tentar	to tempt, entice	es un error muy grave tentar a la muerte|tempting death is a very serious mistake
puramente	purely, simply	Lo hizo de fines puramente superficiales.|He did it for purely superficial reasons.
milenio	millennium	fue parte de Egipto durante el segundo milenio antes de nuestra era|it was part of Egypt during 2000 bc
lomo	back, loin, spine	viaja al lomo de un burro|she travels on the back of a donkey
glorioso	glorious	culminó un momento glorioso de nuestro pasado|it culminated in a glorious moment of our past
hazaña	deed, heroic feat	la hija del héroe cuenta hazañas increíbles|the hero’s daughter tells of incredible deeds
irlandés	Irish	el gobierno irlandés no envió ningún representante a su funeral|the Irish government didn’t send a single representative to his funeral
fugaz	fleeting, brief,	la felicidad es una sensación de completa satisfacción medio fugaz|happiness is a fleeting feeling of complete satisfaction
adversario	adversary	Está atacando al adversario en su punto débil.|He is attacking the adversary at his weak point
diámetro	diameter	se compone de dos tubos de 8 metros de diámetro|it is made of two tubes of 8 meters in diameter
descifrar	to decipher	para descifrar un fragmento escrito en caracteres cuneiformes|to decipher a fragment written in cuneiform characters
medianoche	midnight	A partir de las 20.00 y hasta la medianoche|From 8 p.m. until midnight
encarar	to face, confront	salió sin saber ya cómo encarar el asunto|she left without knowing how to face the issue
discreto	discreet, tactful	debíamos ser discretas y nunca tener contacto con los clientes|we had to be discreet and never come in contact with the clients
fiscalía	office of the public prosecutor	no se ha aceptado la decisión de la Fiscalía|the district attorney’s decision has not been accepted
natal	native, birth	estudió Derecho en su ciudad natal|he studied Law in his native city
prolongado	prolonged, lengthy	antes de saludarse con palabras se dieron un abrazo prolongado|before saying hello they gave each other a big hug
negativa	negative, denial	no acepto una negativa|I won’t accept a denial
asombroso	amazing	¿Hay algo que este asombroso artista no sea capaz de hacer?|Is there something that this amazing artist is not able to do?
coherente	coherent, connected	todavía no era una presentación coherente y ordenada|it still wasn’t a coherent and organized presentation
potenciar	to strengthen, boost	una cantante africana, muy activa en potenciar la educación de mujeres|an African singer, very active in promoting women’s education
segmento	segment, sector	representan un segmento grande de la población|they represent a large segment of the population
contundente	decisive, blunt, forceful	el objetivo era derrotarlos de forma rápida y contundente|the object was to defeat them in a quick and forceful way
ingenuo	naïve, ingenuous	después de tantos años, ya no tiene derecho a ser ingenuo|after so many years, he has no right to be naïve
minúsculo	minute, insignificant	estaba concentrada en un punto minúsculo, menor que un átomo|she was focused on a tiny, minute dot, smaller than an atom
inspector	inspector	apareció un inspector municipal que quiso cobrar impuestos|a town inspector showed up and he wanted to collect taxes
auge	peak, boom	por estas medidas el gobierno que han frenado el auge económico|by these means the government has stopped the economic boom
torpe	clumsy, awkward, slow	soy un poco torpe para las matemáticas|I am pretty slow in math
pureza	purity, chastity	el blanco representa la pureza y inocencia|the color white represents purity and innocence
ramo	bunch (of flowers), branch	le regalé un ramo de rosas blancas|I gave her a bouquet of white roses
auditorio	hearing, auditorium	Hubo un extraordinario aplauso desde cada rincón de el auditorio.|There was an extraordinary applause coming from every corner of the auditorium.
tregua	truce, rest	su mundo duro era sin tregua ni perdón|her difficult world had no rest or forgiveness
escalón	stair, rung,	una especie de escalera donde no se puede pasar al segundo escalón|the kind of stairway where you can’t get to the second step
duque	duke	Inés vivió su infancia en la palacio del duque|Inez lived her childhood in the duke’s palace
impecable	impeccable, faultless	la mujer tenía un gusto impecable y un extraordinario discernimiento|the woman had impeccable taste and an extraordinary discernment
amparar	to protect, shelter	protestó el fascismo amparado y financiado por Estados Unidos|he protested the fascism that was supported and financed by the United States
esencialmente	essentially	creen que la naturaleza humana es esencialmente buena|they believe that human nature is essentially good
inminente	imminent	el bolchevique creía en la extensión de la revolución soviética|the Bolshevik believed in the imminent extension of the Soviet revolution
jurisdicción	jurisdiction	Macao, territorio de China que fue jurisdicción portuguesa hasta 1999|Macao, Chinese territory that was under Portuguese jurisdiction until 1999
monopolio	monopoly	El monopolio comercial era tan rígido que impedía el comercio libre.|The commercial monopoly was so strong that it interfered with free trade.
razonamiento	reasoning	no existía un razonamiento capaz de disuadirle|there was no reasoning that could dissuade him
ofensivo	offensive, aggressive	No se permitirán comentarios ofensivos o contrarios.|Offensive or contradictory comments are not permitted.
áspero	rough, coarse, harsh	hablaba el gitano con áspero acento|the gypsy spoke with a harsh accent
rentable	profitable	tendría que cobrar al menos 30.000€ para que me salga rentable|I would have to charge at least €30,000 in order for it to be profitable
navegador	browser, navigator	asi todo lo que hace lo hace a través de un navegador web|so everything he does is through a web browser
tradicionalmente	traditionally	tradicionalmente este trabajo ha sido desempeñado por los hombres|traditionally this work has been carried out by men
alusión	allusion, hint	hacía alusión a las supersticiones del viejo paisano|he alluded to the superstitions of the old peasant
excursión	excursion	participaban en una excursión para observar aves migratorias|they participated in an excursion to watch migratory birds
estudiantil	student	contamos con una población cercana a los 15 mil estudiantes|we are counting on a population of around 15 thousand students
ilustre	renowned, illustrious	Platón seguía a su ilustre maestro Sócrates|Plato followed his renowned master Socrates
permanentemente	permanently	vivíamos permanentemente al borde de la catástrofe|we permanently lived on the border of catastrophe
pestaña	eyelash	ésta era una mujer triste de grandes ojos verdes, pestañas largas|this was a sad woman with big green eyes, long eyelashes
ídolo	idol	A mi papá lo respeto, es mi ídolo.|I respect my dad, he’s my idol.
cuñado	brother-in-law	fuimos con Claudio, mi hermana y mi cuñado a ver iglesias|we went with Claudio, my sister, and my brother-in-law to look at churches
humillar	to humiliate	Debes orar, humillarte, poner tus deseos al lado.|You must pray, humble yourself, and put aside your desires.
extinción	extinction	provocaron la extinción de los dinosaurios|they caused the extinction of dinosaurs
originario	native to, originate from	son originarios del sudeste asiático|they originate from Southeast Asia
lateral	side, lateral	la fachada lateral sigue la dirección de la calle|the side façade follows the direction of the street
condicionar	to condition, determine	el precio del arte no debe condicionar los valores culturales|the price of art should not determine its cultural value
asentir	to assent, agree	¿Te gusta? Volvía a asentir la niña, sin palabras.|Do you like it? Without any words, the girl agreed again.
relámpago	lightning	la carga eléctrica de un relámpago es capaz de electrocutar personas|the electric charge of lightning is capable of electrocuting people
vacilar	to vacillate, hesitate	parecían detenerse y vacilar, y después seguir de nuevo|they seemed to stop and hesitate, and then continue again
comunismo	communism	la Rusia que surge de las cenizas del comunismo|the Russia that rises from the ashes of communism
santa	saint (f)	todos iban detrás del Santo Patrono con rezos y cánticos|they all followed behind the patron saint with prayers and hymns
terrorismo	terrorism	Hubo personas que recurrieron a los sabotajes y al terrorismo.|There were people who resorted to sabotage and terrorism.
revólver	revolver, gun	me puso un revólver en la cabeza y me pidió el bolso|he put a revolver to my head and asked for my purse
viable	viable, feasible	¿Tienes alguna idea viable que podría funcionar?|Do you have a feasible idea that could work?
maquillaje	makeup	Vivir significa mostrar tu auténtico yo, sin maquillaje.|Living means showing your real self, without makeup.
encargo	job, order, errand	emprendió el encargo de hacer la sopa para su familia enferma|he undertook the job of making soup for his sick family
corrección	correction, amendment	me había hablado de una corrección, pero no fue seria|he had spoken to me about a correction, but it wasn’t serious
lealtad	loyalty, faithfulness	hay un sentido de gratitud y lealtad a la autoridad|there is a sense of gratitude and loyalty to authority
atentar	to attack, attempt, threaten	puede ser acusada de atentar contra la libertad de prensa|he could be accused of threatening the freedom of the press
diferir	to differ	Esta lectura difiere de la lectura tradicional.|This reading is different than traditional readings.
frasco	bottle, jar, flask	se le volcó un frasco diminuto de extracto|she knocked over the tiny bottle of extract
montaje	assembly, staging	dieron commentarios acerca del diseño y la calidad de el montaje|they gave comments about the design and quality of the staging
concha	shell	La mano carga con él como un caracol su concha.|His hand carries it around like a snail and his shell.
conejo	rabbit	siempre recibo un conejo de chocolate para la Pascua|I always receive a chocolate rabbit for Easter
desesperar	to despair, lose hope	no hay que desesperarse: puede estar peor|you should not lose hope, it could be worse
celebrado	celebrated, famous	La festividad es celebrada cada 14 de septiembre.|The festival is celebrated every September 14.
coronar	to crown, top	fue coronado emperador por el papa Juan XII|he was crowned emperor by Pope John XII
pino	pine (tree)	el pino es un tipo de árbol conífero|the pine is a type of coniferous tree
cooperativa	cooperative, co-op	recomiendo que busqués una cooperativa o gupo de consumo|I recommend that you look for a co-op or consumer group
silvestre	wild	permiten la existencia de numerosas especies de fauna silvestre|it allows for the existence of numerous species of wild animals
tos	cough	La tos de fumadores puede provocar dolor de espalda.|The smoker’s cough can cause backaches.
vulnerable	vulnerable	con el vino soy muy vulnerable y capaz de hacer locuras|I am very vulnerable with wine, and capable of doing crazy things
pertinente	pertinent, relevant	haz los ajustes pertinentes antes de salir de la presentación|make the apropriate changes before leaving the presentation
competición	competition, contest	desde pequeño le interesaron los deportes y la competición|he has been interested in sports and competition since he was small
anteojo	telescope, eyeglasses	lo que esta a la vista no necesita anteojos|that which you can see doesn’t call for glasses
cancelar	to cancel	no recomiendan cancelar la terapia porque hay grandes riesgos|they don’t recommend we cancel the therapy because there are great risks
embarazada	pregnant	quedó embarazada del primer hijo|she became pregnant with her first child
elegancia	elegance, style	aquella joven de belleza y de elegancia rara es diseñadora|that young woman of beauty and rare style is a designer
indicación	indication	ésta fue la primera indicación del tamaño de nuestra galaxia|this was the first indication of the size of our galaxy
bárbaro	savage, horrible	qué bárbaro! Exclamó una sola voz|“How horrible!” exclaimed one single voice
pardo	brown, dark, dim	el oso pardo se encuentra en las sierras|the brown bear can be found in the mountains
tranvía	trolley, tram, streetcar	treparon al tranvía en la estación de los ferrocarriles|they climbed up on the trolley at the train station
detallado	detailed, thorough	es un informe bien preciso y detallado|it is a very detailed and precise report
esclavitud	slavery	Jesucristo liberaba a las personas de la esclavitud de sus pecados|Jesus Christ freed people from the slavery of their sins
tardío	late, belated	no se conocen ciudades del período tardío de esta cultura|cities from the later period of that culture are as yet undiscovered
desvanecer	to fade, dispel	El olor a carro nuevo se desvanece después de un tiempo.|The new car smell fades away after a time.
arrugado	wrinkled, creased	es para que la piel no te quede arrugada|it’s so that your skin won’t become wrinkled
empeño	insistence, determination	el maestro ponía especial empeño en que sus alumnos leyeran|the teacher made a special effort so that his students could read
cruzado	crossed, crossbred	no se quedó de brazos cruzados, buscó otras soluciones|he didn’t just stand there with his arms crossed, he looked for other solutions
traspasar	to go beyond, cross over	la capacidad para traspasar fronteras y transmitir una imagen positiva|the capacity to go beyond borders and project a positive image
desigualdad	inequality, unevenness	las injusticias y la desigualdad que permiten los gobernantes corruptos|the injustices and inequality permitted by corrupt rulers
trascender	to transcend	lo importante es trascender de ellas y hacer algo propio|the important thing is to go beyond them and do something original
arruinar	to ruin, destroy	pequeños descuidos pueden arruinar nuestra apariencia física|slight carelessness can ruin our physical appearance
insistencia	insistence, persistence	¿Qué mensaje es ese que con tanta insistencia quería comunicarme?|What message is it that he so insistently wanted to communicate?
complicidad	involvement, complicity	la confidencia estableció una especie de complicidad entre nosotros|the secret established a kind of mutual understanding between us
inauguración	opening, inauguration	el Alcalde presida la ceremonia de inauguración el próximo 29 de abril|the mayor will preside over the inaugural ceremony next April 29
extinguir	to extinguish, put out	Era una civilización cuyo mundo se extinguió después de una explosion.|It was a civilization whose world was extinguished after an explosion.
medición	measurement	el resultado de la medición es la mejor estimación del valor|the results of the evaluation give the best estimate of value
políticamente	politically	los individuos motivados políticamente discuten sus diferencias|politically motivated people argued over their differences
dificultar	to hinder, obstruct	no se expresa claramente, lo cual dificulta que la otra persona responda|she doesn’t express herself clearly, which makes it hard for others to respond
infeliz	unhappy, unfortunate	era una ciudad infeliz, con tremendos conflictos políticos|it was a miserable city, with enormous political conflicts
sellar	to seal, stamp	hay diferentes tamaños de las bolsas para sellar comida etc|there are different sizes of bags to seal up food etc.
proposición	proposition	hay una proposición de que a los menores se le aplicara la misma ley|there is a proposition that the same law will apply to minors
afilar	to sharpen	el guerrero terminó de afilar su espada|the warrior stopped sharpening his sword
buey	ox	la sopa de cola de buey siempre fue muy tradicional|the oxtail soup has always been very traditional
duplicar	to double, duplicate	A el duplicarse mucho el ADN dañado puede convertirse en cáncer.|Copying damaged DNA too much can lead to cancer.
hidrógeno	hydrogen	puedes deducir las propiedades de un átomo de hidrógeno|you can deduce the properties of an atom of hydrogen
bóveda	vault, dome	etstá puesto al costado derecho de la primera bóveda del altar mayor|it is located on the right side of the first dome above the main altar
misericordia	compassion, mercy	nuestro enfoque era predicar un mensaje sobre la misericordia de Dios|our focus was to preach a message about God’s mercy
flecha	arrow, dart	son seminómadas y emplean la lanza, el arco y la flecha para la cacería|they are semi-nomads and they use the spear, the bow, and the arrow to hunt
complemento	complement, supplement	la escultura fue un importante complemento de la arquitectura|the sculpture was an important complement to the architecture
dureza	hardness, toughness	sentí la dureza fría del metal con la mano|I felt the cold hard metal with my hand
amarillento	yellowish	Las partículas suelen tener un color más amarillento.|The filmstrips tend to have a more yellowish color.
décimo	tenth	Es un regalo para una amiga en su décimo aniversario de boda.|It is a gift for a friend on her tenth wedding anniversary.
agravar	to aggravate	el dolor de la derrota agravó el dolor físico|the pain of defeat made the physical pain worse
palmera	palm tree	las playas de arena blanca, sus palmeras y la limpieza de sus aguas|the white sand beaches, palm trees, and the clean water
llamativo	striking	en el estante quedaba un solitario y llamativo ejemplar|a solitary and striking copy remained on the shelf
andaluz	Andalusian	El gobierno andaluz ganó las elecciones.|The Andalusian government won the elections.
jabón	soap	en lo sanitarios se necesita el uso de jabón líquido y toallas de papel|it is essential to use liquid soap and paper towels in the restrooms
minería	mining	hay especies en peligro de extinción por la desforestación y minería|there are endangered species because of deforestation and mining
leña	firewood	decidí cortar mucha leña y quemar carbón|I decided to cut a lot of firewood and to burn charcoal
opaco	dull, opaque, heavy	aparece en la bola de cristal opaco|you can see it in an opaque crystal ball
marcador	sign, scoreboard	creo que el marcador no reflejaba lo que había pasado en la cancha|I think the scoreboard didn’t reflect what had happened on the field
consecutivo	consecutive	fue la compañía más innovadora durante 6 años consecutivos|it was the most innovative company for 6 years in a row
impaciencia	impatience	esperamos con impaciencia a que el cometa volviera a aparecer|we are impatiently waiting for the comet to reappear
físicamente	physically	el niño está físicamente relajado y dispuesto a escuchar|the child is physically relaxed and willing to listen
mamífero	mammal	con especies de aves y mamíferos en peligro crítico de extinción|with bird and mammal species in danger of extinction
novedoso	novel, new	se aprenderia algo nuevo y novedoso|you would learn something new and original
nombramiento	appointment, nomination	la promesa del nombramiento de un nuevo primer ministro|the promise of nominating a new prime minister
expresivo	expressive	su rostro expresivo reflejaba una tristeza infinita|her expressive face reflected an infinite sadness
frito	fried	no comen verdura ni fruta pero si muchas patatas fritas|they don’t eat vegetables or fruit, but they do eat a lot of fried potatoes
abuelo	grandfather	entonces sería, pues, mi abuelo, mi papá y mi hermano|then it would be, well, my grandfather, my father, and my brother
intervalo	interval, gap	se repiten entre breves intervalos de silencio|they are repeated between brief intervals of silence
solidario	united, jointly shared	fue un increíble gesto solidario|it was an incredible gesture of support
amarrar	to tie, fasten	la soga servía para amarrar las cargas más pesadas|the rope was used to tie down the heaviest cargo
oyente	listener, hearer	Uno de cada dos oyentes de radio escucha un producto de esta casa.|One out of every two radio listeners hears a program from this company.
anhelo	longing, yearning	existía una profunda intimidad con Dios y un anhelo por acceder a Él|there was a close relationship with God and a yearning to obey Him
incidir	to influence, affect	su actitud podía incidir a todos|her attitude could impact everyone
antemano	beforehand, in advance	la decisión estaba tomada de antemano|the decision was made in advance
consejero	advisor, counselor	agradezco al consejero por esta información útil|I thank the counselor for this useful information
inexplicable	unexplainable	intenta también explicar y conceptualizar lo inexplicable|it also attempts to explain and conceptualize the unexplainable
soltero	single, bachelor	cuando era soltero le gustaba salir con chicas|when he was single, he liked to go out with girls
subasta	auction	procuró comprarse un coche en una subasta|he managed to buy a car at an auction
ficha	index card, chip, token	Está clasificando fichas con recetas en casillero.|He is sorting index cards with recipes into a box.
insignificante	insignificant	por este servicio cobramos un insignificante dos por ciento|we charge an insignificant 2 percent for this service
meridional	southern	el río Paraguay es la más meridional y diminuta|the River Paraguay is the smallest and southernmost river
textura	texture	Nos ha sorprendido mucho su textura satinada.|We were very surprised by its satiny texture.
merced	favor, mercy	la población civil estaría a merced de sus atacantes|the civil population would be at the mercy of its attackers
rascar	to scratch, scrape	yo le rascaba la espalda con las uñas|I used to scratch his back with my nails
desenvolver	to clear up, unwrap	si yo pudiera desenvolver mis pensamientos me sentiría mejor|if I could clear up my thoughts I would feel better
puntual	punctual	la oficial es muy puntual y no podían hacerlos esperar|the officer is very punctual and could not make them wait
nicaragüense	Nicaraguan	un símbolo de la historia nicaragüense del siglo XX|a symbol of the Nicaraguan history of the 20th century
requerimiento	requirement, request, summons	sólo se llega a ofrecer a los estudiantes tras muchos requerimientos|it is only offered to students after many difficult requirements
mediocre	mediocre	no eres un ser mediocre, eres una gran artista|you are not a mediocre being, you are a great artist
rienda	rein, restraint	la caza le permite dar rienda suelta a cierta agresividad latente|hunting allows him to give free rein to some of his latent aggression
derribar	to knock down, overthrow	un golpe lo derribó por el suelo|a blow knocked him down to the floor
compacto	compact, dense	yo sé viajar, mi equipaje está siempre bien compacto|I know how to travel, my luggage is always very compact
teclado	keyboard	es fácil usa las funcionas táctiles, el mouse y el teclado|it’s easy to use the touch functions, the mouse, and the keyboard
tanque	tank, large container	las tuberías y tanques de refinerías de petróleo|the pipes and the tanks of oil refineries
helicóptero	helicopter	El primer helicóptero que voló no tenía motor para las helices.|The first helicopter flew witout a motor for the propellers.
envidiar	to envy	les admiraba, les envidiaba, les codiciaba|she admired, envied, and coveted them
capacitar	to qualify, prepare	deben terminar sus estudios y capacitarse en un trabajo productiva|they should finish their studies and get trained in some kind of productive work
aflojar	to loosen	eso sirvió para aflojar mis tensiones|that served to relieve my stress
maldad	evil, wickedness	la maldad de Satanás no concluyó ahí|the wickedness of Satan did not stop there
brusco	brusque, abrupt, sudden	le dio la espalda con un brusco movimiento|she turned her back on him with an abrupt movement
envejecer	to age, grow old	haber aceptado que envejecer es la única alternativa a la muerte|having accepted that aging is the only alternative to death
estrechar	to tighten, make closer	el objetivo es estrechar la comunicación y mantener contactos frecuentes|we should increase communication and maintain frequent contacts
cagar	to dirty, crap	reflexionen sobre toda la gente a la que cagaron...que son muchos|think about all of the people they screwed over...and there’s a lot of them
atleta	athlete	Las atletas estadounidenses ganaron la mayoría de las medallas.|The American athletes won the majority of the medals.
reformar	to reform, renovate	dijo que pedirá poderes especiales al parlamento para reformar leyes|he said he will ask for speacial powers from parliament to reform laws
suplicar	to beg	Te suplico me ayudes a vencer las dificultades.|I beg you to help me overcome my problems.
desconfianza	distrust	hay desconfianza en la fortaleza del dólar ahora|there is a lack of confidence in the strength of the dollar right now
forzado	forced, stiff	La relación entre los dos me ha parecido forzada y artificial.|The relationship between the two of them seems forced and artificial to me.
vasco	Basque	están incorporando La Rioja y las tierras vascas occidentales|they are including La Rioja and the western Basque lands
resurrección	resurrection	se celebra el primer día de la semana desde la resurrección de Cristo|they have celebrated the first day of the week since the resurrection of Christ
monumental	monumental	esta es la monumental iglesia de Nuestra Señora|this is the monumental church of Nuestra Señora
trascendencia	transcendent nature, significance	su trascendencia artística es indudable|his artistic importance is undisputed
ecuación	equation	los algoritmos resuelven una ecuación o ejecutan una formula|algorithms solve equations and execute formulas
seriamente	seriously	voy a hablar seriamente con ella|I am going to speak seriously with her
secuestro	kidnapping, seizure	está preocupado por la posibilidad de secuestro de su hijo|she’s worried about the possible kidnapping of her child
apuro	trouble, predicament	hay personas que no saben buscar una farmacia|there are people that don’t know to look for a pharmacy
nulo	void, null	el voto nulo no cuenta en las elecciones|absentee voting does not count in the elections
quehacer	task, job, chore	es para los quehaceres domésticos: cocinando, lavando y limpiando|it’s for doing household chores: cooking, washing, and cleaning
amparo	protection, shelter	es mejor que busque amparo antes de anochecer|it is better that you look for shelter before nightfall
irónico	ironic, mocking	ella dejó escurrir un comentario irónico|she let slip an ironic comment
burbuja	bubble	aunque se hubiese creado una burbuja de aire cuando el navío zozobró|even though an air bubble had been created when the ship went down
insertar	to insert, put in	buscaba huecos donde insertar palabras que tuviesen sentido|I looked for spaces to insert words that would make sense
huésped	guest, lodger	ofrece buffet complementario de desayuno a los huéspedes del hotel|they offer a complimentary breakfast buffet to hotel guests
calzar	to wear (shoes)	vestía mis mejores prendas, calzaba zapatos lustrosos|she used to wear my best clothes and wear shiny shoes
humildad	humility	Fue una persona maravillosa que irradiaba paz y humildad.|She was a marvelous person who radiated peace and humility.
hilera	row, line	hicieron a los prisioneros formar una hilera y cantar a coro|they made the prisoners form a line and sing a chorus
tenis	tennis	lo jugábamos con raqueta de tenis|we used to play it with a tennis racket
pato	duck	las aves acuáticas, incluídos los patos y los gansos|the aquatic birds, including ducks and geese
enfermar	to become ill	porque se enfermó de artritis en su forma más agresiva|because he became ill with arthritis, in its most aggressive form
conversión	conversion, change	como un nacer de nuevo, o como una segunda conversión|it was like a rebirth, or a second conversion
palpar	to feel, touch, fondle	el doctor va a palpar las articulaciones alrededor de la mandíbula|the doctor is going to feel the joints around your jaw
rojizo	reddish, ruddy	ese anillo circular tiende a mostrar un color rojizo hacia adentro|that circular ring tends to show a reddish color in the middle
invocar	to invoke	invocaba los nombres de líderes muertos|he used to invoke the name of dead leaders
pulsar	to press, beat, strike, throb	Puedes añadir tus comentarios y después pulsar de nuevo Enviar.|You can add your comments and then press Send again.
impaciente	impatient	El tema es que soy muy ansioso, muy impaciente.|The truth is that I’m very anxious, very impatient.
apunte	note, annotation	necesito los apuntes que tomáis en clase|I need the notes you take in class
llano	flat, level, plain	la llana meseta de Patagonia|the flat plateau of Patagonia
sofisticado	sophisticated	han desarrollado también modelos estadísticos muy sofisticados|they have also developed sophisticated statistical models
filtro	filter, screening	Pon la válvula del filtro en posición de LAVADO.|Turn the filter valve to the WASH position.
primordial	fundamental, primary	la misión era primordial y secreta|the mission was essential and secret
inolvidable	unforgettable	esa inolvidable sensación de sus besos que todavía conservaba|this unforgettable feeling of her kisses that he still felt
plantilla	template, stencil	Sobre esa plantilla podremos hacer todas las modificaciones.|On that template we can make all the modifications.
espanto	fright, ghost	la sorpresa y el espanto que causará esta noticia|the surprise and shock that this news will cause
contratación	hiring, recruitment	el primer criterio de contratación: experiencia profesional|the first requirement for hiring: professional experience
harto	full, sick of	estoy harta de las quejas de René|I am fed up with Rene’s complaints
triángulo	triangle	está perdido en el triángulo de las bermudas|he is lost in the Bermuda Triangle
preventivo	preventive, preemptive	La medicina preventiva depende de la participación de todos.|Preventive medicine depends on the participation of everyone.
impotencia	impotence	se notaba la amarga impotencia del vencido|the bitter powerlessness of the loser was noticeable
diabetes	diabetes	para quienes padecen diabetes, hipertensión u otros trastornos|for those who suffer from diabetes, high blood pressure, or other illnesses
semanal	weekly	editadas normalmente con una periodicidad diaria o semanal|normally edited on a daily or weekly basis
tele	tv, television	me resultaba tan sencillo como leer o ver la tele|it was as easy as reading or watching television
insuficiente	insufficient	pensaría que consideraba insuficiente el pago|I would think that it was considered insufficient pay
documental	documentary	pesentaron un guión de cortometraje o de ficción o documental|they presented a script for a film clip of either fiction or a documentary
concurrir	to coincide, concur, meet	los doctores concurrieron durante la operación|the doctors participated during the operation
vinculación	link, connection	permitan una vinculación recíproca entre los pueblos de nuestro país|they allow a reciprocal connection between the peoples of our country
difunto	deceased	llorando y lamentándose, en recuerdo de el difunto|crying and grieving, in memory of the deceased
plenitud	fullness, abundance	todos eran vigorosos, en plenitud de la vida|everyone was strong, in the fullness of life
interrupción	interruption	Necesito un día sin interrupciones para hacer este proyecto.|I need a day without interruptions to do this project.
disgusto	disgust, annoyance	mamá rechazaba con disgusto la propuesta|mom rejected the proposal with annoyance
cómico	comic	combina lo culto y lo popular, lo cómico y lo serio|it combines the highbrow and the popular, the comic and the serious
entonar	to intone, sing, modulate	los asistentes comienzan a entonar cantos|the participants are beginning to sing the songs
exhibición	exhibition, showing	visitamos a la exhibición de arte moderna|we visited the modern art exhibition
reseña	review, outline	una breve reseña sobre la historia del grupo|a brief review of the history of the group
despegar	to detach, take off (plane)	muchos aviones pueden despegar aun cargado de mucho combustible|many planes are able to take off even when filled with fuel
disponibilidad	availability	la falta de disponibilidad del sistema es la causa de los problemas|the lack of availability of the system is the cause of the problems
previsión	forecast, precaution	según la previsión de las ventas, recibiremos pluses|according to the sales forecast, we will receive bonuses
implacable	relentless, implacable	la tiranía implacable molestaba todo el país|the relentless tyranny troubled the whole country
futbolista	soccer player	el futbolista siempre quiere jugar y ayudar al equipo|the soccer player always wants to play and help his team
marea	wave, tide, ebb	prefiero ir a la playa cuando la marea está baja|I prefer to go to the beach when the tide is low
relevancia	relevance	escribió sobre algún tema de relevancia para toda la humanidad|he wrote about some topic that was relevant to all humanity
siniestro	sinister	sus sospechas se confirmarían un siniestro martes por la tarde|her suspicions would be confirmed on a sinister Tuesday afternoon
pillar	to capture, catch	Pude pillar a Alejandro antes de que se marchara a los festejos.|I was able to catch Alexander before he left for the festivities.
récord	record	cree que pueden ganar mucho dinero en un tiempo récord|he thinks he can earn a lot of money in record time
tóxico	toxic	la insistencia con pesticidas tóxicos simboliza un camino sin retorno|the persistence of toxic pesticides means a path with no way back
formidable	formidable, tremendous	el hombre era muy formidable y de mucha influencia|the man was very formidable and very influential
legalmente	legally	se comprometió legalmente a construir modernas instalaciones|he legally committed himself to build modern facilities
ecosistema	ecosystem	visitar, conservar y proteger estos ecosistemas tan frágiles|to visit, conserve, and protect these very fragile ecosystems
internar	to confine	internó los perros al patio|he confined the dogs to the patio
ráfaga	burst, gust	las ráfagas de viento agitan su larga melena|the gusts of air made her long hair sway
manchado	stained, dirty	aquellos cuyas manos se han manchado de sangre|those whose hands have been stained with blood
mecánica	mechanics, mechanism	los fenómenos podían explicarse mediante la mecánica de Newton|the phenomena can be explained using Newton’s mechanics
inclusión	inclusion	trata sobre la inclusión de niños especiales en escuelas ordinarias|it addresses the idea of including special needs children in public schools
apto	appropriate, fit, able	algo sutil, flexible, apto para modelar sonidos|something subtle, flexible, and able to shape sounds
restante	remaining, leftover	los restantes socios aprovecharon la ausencia del jefe|the remaining partners took advantage of the manager’s absence
fronterizo	border	posee permiso de exploración en la zona fronteriza|he has a permit to explore in the border zone
encierro	confinement, imprisonment	había recuperado su libertad en 2012 tras 7 años de encierro|he recovered his freedom in 2012 after 7 years of incarceration
prevalecer	to prevail	quiero rendir homenaje a los que hacen prevalecer la razón|I want to pay tribute to those who make reason prevail
cheque	check	hay que considerar que un cheque puede ser endosado varias veces|it’s important to remember that a check can be endorsed several times
dudoso	doubtful, dubious	estaba dudoso de que fuera la historia real|he was doubtful that it was the real story
postular	to postulate, nominate	no se podía postular a este personaje a las elecciones|you couldn’t nominate such a character for the elections
portador	bearer, carrier	era el portador de buenas noticias|he was the bearer of good news
confederación	confederation, alliance	para hacer cumplir la Constitución y las leyes de la Confederación|to obey the Constitution and the laws of the Confederation
film	film, movie	repaso las cinco películas para determinar cual es el mejor film|I’m reviewing the five movies to determine which is the best film
portavoz	spokesperson, mouthpiece	el portavoz del presidente reiteró que el gobierno es estable|the president’s spokesman reiterated that the government is stable
compensación	compensation	ninguna compensación alcanzará nuestros esfuerzos|no compensation will make up for our efforts
temática	theme	La temática es muy interesante, ya que me hizo reflexionar.|The topic is very interesting, since it made me stop and think.
noroeste	northwest	originará nublados con lluvia fuerte sobre el noroeste y norte de México|clouds will give rise to heavy rains over the northwest and north of Mexico
jinete	rider, horseman	el jinete cae de un caballo desbocado|the rider falls from a runaway horse
pertenencia	membership, property	recibió su pertenencia a la asociación de los propietarios|he received his membership to the owners’ association
estrellar	to crash	se estrelló en un accidente de automóvil|he got smashed up in a car accident
pasivo	passive	mi abuelo siempre fue pasivo, sonriente, tenso|my grandfather was always passive, cheerful, and nervous
percatar	to inform, become aware	mi abuelo se levantó al percatarse de nuestras intenciones|my grandfather got up when he became aware of our intentions
cordón	cord, yarn, braid	su padre le cortó el cordón umbilical del bebé|the father cut the baby’s umbilical cord
melancolía	melancholy, depression	estado emocional caracterizado por un exceso de tristeza y melancolía|emotional state characterized by an excess of sadness and melancholy
arrodillar	to kneel	puedo efectivamente arrodillarme humildemente|I can really kneel in humility
plancha	(electric) iron, plate, sheet	una mancha que después, con la plancha caliente, ensucia toda la ropa|a stain, that later with the hot iron, will get the clothes all dirty
dispersar	to disperse, scatter, spread	la energía dispersa en el espacio|the energy scattered into space
artesano	artisan, craftsman	Fueron buenos diseñadores pero mediocres artesanos.|They were good designers but mediocre craftsmen
movilidad	mobility, movement	contexto socioeconómico de limitado empleo y escasa movilidad social|socioeconomic context with limited jobs and insufficient social mobility
zapatilla	slipper, shoe	Se calzará por última vez sus zapatillas Nike.|She will put on her Nike shoes for the last time.
intuición	intuition	soy su madre y la intuición de las madres no falla|I am her mother and a mother’s intuition never fails
consigna	watchword, motto, slogan	la consigna mosquetera: «Todos para uno, uno para todos»|the musketeer motto: “All for one, one for all”
casero	homemade	los viejos gastaban su jubilación en buena comida casera y vino|the elderly spent their retirement on good homemade food and wine
credibilidad	credibility	No tiene evidencia alguna, ni credibilidad.|There is no shred of evidence, nor credibility.
pequeñito	very small, tiny	ella tiene una casa bien pequeñita en la playa|she has a really tiny house at the beach
narrativo	narrative	Ha publicado una veintena de libros de poesía y narrative.|He has published about 20 books of poetry and prose.
constructor	builder, construction	trabajarían juntos con los arquitectos, constructores y otros|they would work together with architects, builders, and others
térmico	thermal, heated	su generación eléctrica se basa en energía térmica, hidráulica y nuclear|their electricity production is based on thermal, hydraulic, and nuclear energy
poblador	settler, resident	mil millones de pobladores urbanos tienen problemas con la vivienda|a billion urban residents have housing problems
bienvenida	welcome, greeting	Le damos la más cordial bienvenida a los compañeros.|We extend the most cordial of welcomes to our co-workers.
descuido	neglect, oversight	sospechaba que al menor descuido perdería el equilibrio|she suspected that with the smallest distraction, she would lose her balance
subjetivo	subjective	desde el subjetivo punto de vista de una persona con buen gusto|from the subjective point of view of a person with good taste
molecular	molecular	los adelantos de la biología molecular relacionados con la genética|the advances in molecular biology related to genetics
aislamiento	isolation	lucharon por romper el aislamiento de Cuba|they fought to put an end to Cuban isolation
expulsión	expulsion, ejection	la expulsión del colegio es la consequencia máxima|expulsion from school is the maximum consequence
atributo	attribute, quality	la razón, la intuición, y la fantasía son atributos del cerebro|reason, intuition, and fantasy are attributes of the brain
alarmar	to alarm	otro grave accidente alarmó al mundo|another serious accident alarmed the world
lamento	lament, moan	el auténtico lamento que sentimos en el corazón|the great sorrow that we feel in our hearts
garra	claw, fang	una mano que más bien parecía una garra de águila|a hand that seemed more like an eagle’s claw
rotundo	categorical	abre los brazos en un rotundo gesto de rechazo|open your arms in a categorical gesture of rejection
delirio	delirium, nonsense	fue el resultado del delirio de su fiebre amarilla|it was the result of his delirium from yellow fever
respiratorio	respiratory, breathing	personas que sufren de enfermedades cardíacas y respiratorias|people who suffer from cardiac and repiratory diseases
bodega	cellar, pantry, warehouse	bajaré a la bodega; es hora de ocuparse del vino|I will go down to the cellar; it is time to take charge of the wine
optimismo	optimism	sus talentos múltiples justifican su optimismo|his multiple talents justify his optimism
congregación	congregation	desde 1995 ha sido miembro de la Congregación|he has been a member of the congregation since 1995
accesible	accessible	para conservar y hacer accesible una obra de arte|to conserve and to make a work of art accessible
exceder	to excel, exceed	y los límites exceden los del continente|and the limits exceed that of the continent
flora	flora	el lago y el bosque son áreas protegidas por su flora y su fauna|the lake and the forest are protected areas because of their flora and fauna
monasterio	monastery, convent	es un complejo de palacio, basílica y monasterio|it’s a complex of buildings with the palace, basilica, and monastery
cuerno	horn, antler	es un cuerno de rinoceronte|it is a rhinoceros horn
ajedrez	chess	el ajedrez desarrolla la memoria, capacidad de cálculo y análisis|chess develops the memory, mathematical skills, and analysis
manual	manual	para mantener un grado elevado de destreza manual y mental|to maintain an elevated level of manual and mental skill
diosa	goddess	por decisión de la diosa Afrodita, se enamoraron|they fell in love because of the arrangement of the goddess Aphrodite
óptimo	optimum	el momento óptimo para animar a un público|the ideal moment to enliven an audience
polémico	controversial, polemical	Ampliaremos la información sobre este polémico tema.|We will broaden the information concerning this controversial subject.
firmeza	firmness	admiro la firmeza de su carácter|I admire his strength of character
narrativa	narrative, story	se utilizaban los propios conocimientos, los mitos, y la narrativa|they used their own knowledge, myths, folklore, and stories
ropero	wardrobe, closet	No veo la hora de colgar mi saco en tu ropero.|I can’t wait to hang my jacket in your closet.
bombero	firefighter	presentan oposición a policías, bomberos o soldados|they fight against police, firefighters, and soldiers
guardián	guardian	su ángel guardián no podrá ayudarlo y saldrá del camino correcto|his guardian angel will not be able to help him and he will go astray
relajar	to relax	el masaje relaja todo el cuerpo|the massage relaxes the whole body
deteriorar	to deteriorate	sin deteriorar la salud de los pacientes|without damaging the patients’ health
liviano	light, frivolous	era liviana, grácil, firme y elástica|it was light, graceful, strong, and elastic
inquietar	to make uneasy, disturb	el poder de inquietar al más escéptico|the power of making the most skeptical people uneasy
maestría	skill, mastery	están llevando a cabo estudios de maestría|they are finishing up their master’s degrees
lentitud	slowness	se mueve con lentitud cuidadosa, poco a poco|he moves with a careful slowness, step by step
adopción	adoption	ADN determinó que no era hija de la mujer que la entregó en adopción|DNA proved that she was not the daughter of the woman who gave her up for adoption
hispanoamericano	Hispano-American	los lectores más exigentes de la actual literatura hispanoamericana|the most demanding readers of current Hispano-American literature
feroz	ferocious, fierce	Son animalitos de feroz aspecto.|They are fierce-looking small animals.
acusado	defendant, accused	el juicio ha quedado probado que el acusado secuestró a la chica a punta de cuchillo|the trial has confirmed that the accused kidnapped the girl at knifepoint
ilícito	illicit, illegal	fueron condenados por el delito de tráfico ilícito de drogas|they were convicted for the crime of illegal drug trafficking
ambicioso	ambitious, greedy	es un proyecto más ambicioso que el mío|it is a more ambitious project than mine
ataúd	coffin, casket	No pusieron al cuerpo de Jesús en un ataúd.|They didn’t place Jesus’ body in a coffin.
sostenible	sustainable	hay que ajustar la a la capacidad de producción sostenible de alimentos|we must adjust the capacity for sustainable food production
estadístico	statistical	no hubo correlación alguna en el análisis estadístico|there was no correlation in the statistical analysis
difícilmente	with difficulty	todas estas condiciones difícilmente pueden ser satisfechas|all these conditions can only be satisfied with difficulty
consola	console	tener una consola de nintendo era tener una consola de calidad|having a Nintendo console was having a high-quality game console
crujir	to crunch, creak	se escuchaban crujir las rocas debajo de los cimientos del edificio|we could hear the rocks crunching under the foundation of the building
vagar	to roam, wander	el héroe anda vagando por el mundo|the hero was wandering around the world
cosita	little thing	aquí están las otras cositas que venían en el paquete|here are the other little things that came in the package
armario	closet, cupboard	hay que poner el abrigo en el armario|you should hang your coat in the closet
